Team 1,Team 2,Date,Outcome,1-ORtg,1-DRtg,1-3PAr,1-TS%,1-TRB%,1-AST%,1-STL%,1-BLK%,1-eFG%,1-TOV%,1-ORB%,1-FTr,1-oeFG%,1-oTOV%,1-oDRB%,1-oFTr,1-Pace,1-o3PAr,2-ORtg,2-DRtg,2-3PAr,2-TS%,2-TRB%,2-AST%,2-STL%,2-BLK%,2-eFG%,2-TOV%,2-ORB%,2-FTr,2-oeFG%,2-oTOV%,2-oDRB%,2-oFTr,2-Pace,2-o3PAr
Albany (NY),Florida,2014-03-20,0,101.4799154334038,97.8850419855751,0.2615933412604043,0.5402864705736833,0.5299896587383661,0.4912751677852349,0.0836227221518914,0.0872246696035242,0.4901902497027348,0.1909718188787956,0.3050108932461873,0.4244946492271106,0.4816564758198999,0.1909385489134853,0.6949891067538126,0.2884936075597554,4304.674999999999,0.3690939410783769,109.34054693005386,90.00571102227298,0.3528428093645485,0.5557994961983777,0.5394673123486683,0.5476477683956574,0.1119360365505425,0.0810359231411863,0.5270345596432553,0.17367188743152,0.3439363817097415,0.4336677814938685,0.4513451631368059,0.1745288406624786,0.6560636182902585,0.3262736119061248,4388.3,0.3148254149971379
American,Wisconsin,2014-03-20,0,104.12213740458016,93.85396603046752,0.3563758389261744,0.5889464594127807,0.5113306217315514,0.6567164179104478,0.0965555194236686,0.1011959521619135,0.562751677852349,0.2173027989821883,0.2535031847133758,0.348993288590604,0.4592096876991714,0.2136228331290492,0.7464968152866241,0.4117272147864882,3963.85,0.307202039515615,114.5486725663717,98.18579738524448,0.3931232091690544,0.574914130048561,0.5121334681496461,0.5006257822277848,0.0760237286183263,0.0828571428571428,0.5312320916905444,0.1217699115044248,0.2617801047120419,0.4412607449856733,0.4754666666666666,0.1188734665668375,0.7382198952879581,0.2586666666666666,4289.125,0.2533333333333333
Arizona,Weber State,2014-03-21,1,109.1316477385058,86.71718223986491,0.2652310924369748,0.5444622230015562,0.5696798493408662,0.5751121076233184,0.0877260316033028,0.1073025335320417,0.5157563025210085,0.1546471014651934,0.3486328125,0.4170168067226891,0.4222100054975261,0.1543978156218131,0.6513671875,0.3446948873007147,4555.975,0.2622319956019791,110.72437449556092,99.10861916779592,0.3689516129032258,0.5960139024655153,0.5300487276664861,0.5586592178770949,0.0611658813729999,0.0904295403165034,0.5534274193548387,0.1866424535916061,0.2739234449760765,0.5,0.4606643356643357,0.1839949277073983,0.7260765550239234,0.3397435897435897,3993.3250000000007,0.2266899766899767
Arizona,Gonzaga,2014-03-23,1,109.1316477385058,86.71718223986491,0.2652310924369748,0.5444622230015562,0.5696798493408662,0.5751121076233184,0.0877260316033028,0.1073025335320417,0.5157563025210085,0.1546471014651934,0.3486328125,0.4170168067226891,0.4222100054975261,0.1543978156218131,0.6513671875,0.3446948873007147,4555.975,0.2622319956019791,113.64500602992145,95.0038134728384,0.3275954814416353,0.5916222667164398,0.530893536121673,0.5394594594594595,0.0975389672471022,0.1053446940356312,0.5621301775147929,0.1621016720809204,0.2943632567849686,0.3975255513717052,0.445176594623089,0.160273280983124,0.7056367432150313,0.3842909857670005,4628.300000000001,0.3194517659462308
Arizona,San Diego State,2014-03-27,1,109.1316477385058,86.71718223986491,0.2652310924369748,0.5444622230015562,0.5696798493408662,0.5751121076233184,0.0877260316033028,0.1073025335320417,0.5157563025210085,0.1546471014651934,0.3486328125,0.4170168067226891,0.4222100054975261,0.1543978156218131,0.6513671875,0.3446948873007147,4555.975,0.2622319956019791,106.13583564888629,85.54265118141771,0.2548596112311015,0.5188616220549592,0.5392670157068062,0.4135802469135802,0.118999942788489,0.1441899915182358,0.4829913606911447,0.1480435475789186,0.3488372093023256,0.4470842332613391,0.4306192660550458,0.1487499284856113,0.6511627906976745,0.3125,4380.174999999999,0.3239678899082568
Arizona,Wisconsin,2014-03-29,0,109.1316477385058,86.71718223986491,0.2652310924369748,0.5444622230015562,0.5696798493408662,0.5751121076233184,0.0877260316033028,0.1073025335320417,0.5157563025210085,0.1546471014651934,0.3486328125,0.4170168067226891,0.4222100054975261,0.1543978156218131,0.6513671875,0.3446948873007147,4555.975,0.2622319956019791,114.5486725663717,98.18579738524448,0.3931232091690544,0.574914130048561,0.5121334681496461,0.5006257822277848,0.0760237286183263,0.0828571428571428,0.5312320916905444,0.1217699115044248,0.2617801047120419,0.4412607449856733,0.4754666666666666,0.1188734665668375,0.7382198952879581,0.2586666666666666,4289.125,0.2533333333333333
Arizona State,Texas,2014-03-20,0,104.88609309132212,95.6234069092684,0.3747216035634744,0.5572963814033377,0.4865603644646925,0.5611866501854141,0.0715873962796247,0.1312545322697607,0.5228285077951003,0.1594478299805605,0.2211538461538461,0.4198218262806236,0.4598003152916448,0.1583599978306849,0.7788461538461539,0.3704676826064109,4594.025,0.2753547031003678,103.93694095650878,98.1326765676918,0.2643037974683544,0.5124981666561904,0.5564270152505446,0.4947121034077555,0.080680261998535,0.1600646725949878,0.4736708860759493,0.169970467631249,0.3831858407079646,0.4384810126582278,0.4595645412130638,0.1698531831548105,0.6168141592920354,0.4048729911871436,4708.325000000001,0.3587350959046138
Baylor,Nebraska,2014-03-21,1,112.3130427361369,103.21662335421674,0.3460754332313965,0.5549347445655612,0.5481152993348115,0.587248322147651,0.0789328962550006,0.1438102297998517,0.5231906218144751,0.175382448953466,0.4012797074954296,0.4393476044852191,0.4841505695889054,0.1772755210972966,0.5987202925045704,0.3184744923229321,4661.875,0.3318474492322932,100.772655046517,97.6877489556009,0.3331288343558282,0.5295564932498757,0.4856845393024466,0.4267241379310345,0.1034683765665986,0.0884615384615384,0.4834355828220859,0.1596254381815315,0.2397905759162303,0.4276073619631901,0.4768089053803339,0.1598173515981735,0.7602094240837697,0.4304267161410018,4119.674999999999,0.3568336425479282
Baylor,Creighton,2014-03-23,1,112.3130427361369,103.21662335421674,0.3460754332313965,0.5549347445655612,0.5481152993348115,0.587248322147651,0.0789328962550006,0.1438102297998517,0.5231906218144751,0.175382448953466,0.4012797074954296,0.4393476044852191,0.4841505695889054,0.1772755210972966,0.5987202925045704,0.3184744923229321,4661.875,0.3318474492322932,119.40502183406112,101.24681470695307,0.4466446644664466,0.6207434733257662,0.5152423788105946,0.6449834619625138,0.061430651619949,0.0377358490566037,0.592959295929593,0.1464701601164483,0.258414766558089,0.3432343234323432,0.4804812834224599,0.1465234801601747,0.741585233441911,0.3294117647058823,4396.0,0.3481283422459893
Baylor,Wisconsin,2014-03-27,0,112.3130427361369,103.21662335421674,0.3460754332313965,0.5549347445655612,0.5481152993348115,0.587248322147651,0.0789328962550006,0.1438102297998517,0.5231906218144751,0.175382448953466,0.4012797074954296,0.4393476044852191,0.4841505695889054,0.1772755210972966,0.5987202925045704,0.3184744923229321,4661.875,0.3318474492322932,114.5486725663717,98.18579738524448,0.3931232091690544,0.574914130048561,0.5121334681496461,0.5006257822277848,0.0760237286183263,0.0828571428571428,0.5312320916905444,0.1217699115044248,0.2617801047120419,0.4412607449856733,0.4754666666666666,0.1188734665668375,0.7382198952879581,0.2586666666666666,4289.125,0.2533333333333333
Brigham Young,Oregon,2014-03-20,0,109.4471257227505,101.053362657715,0.2258823529411764,0.5480737018425461,0.5382987727465087,0.5342741935483871,0.0953042404599297,0.0751824817518248,0.5072941176470588,0.1471782864242366,0.3315926892950391,0.4823529411764706,0.4886845827439887,0.1485511440367326,0.6684073107049608,0.363979255068364,5207.575000000001,0.3540782649693541,112.16754464859306,100.84856744354418,0.3388473852721451,0.5804778580610842,0.5087090163934426,0.5267958950969214,0.1081737167679908,0.088379705400982,0.5344183564567769,0.1580367467557496,0.3008298755186722,0.4290288153681963,0.4927211646136618,0.1571500058558606,0.6991701244813278,0.4798432250839866,4682.975,0.3157894736842105
Cal Poly,Wichita State,2014-03-21,0,102.54035942735304,102.15727548152384,0.3493303571428571,0.5082432514040703,0.4943357363542739,0.5242587601078167,0.0929587404334018,0.0813439434129089,0.4734933035714285,0.1408467864757843,0.3036597428288823,0.3264508928571428,0.4866908650937689,0.1406548480903306,0.6963402571711177,0.4071385359951603,4106.549999999999,0.3157894736842105,113.41060517330916,88.85380347784135,0.3651654910472056,0.5678058927010611,0.5722571290478492,0.5437352245862884,0.1039405302282744,0.1502145922746781,0.5225176342919153,0.1515971846237141,0.343087790110999,0.475854584915898,0.447032723239046,0.1504286998662368,0.656912209889001,0.3516361619523017,4542.725,0.3538546866333888
Cincinnati,Harvard,2014-03-20,0,105.75521956564822,89.32714617169374,0.3120915032679738,0.5210020330105786,0.5406483790523691,0.5357142857142857,0.1215777262180974,0.1582608695652174,0.4793028322440087,0.1669328421715258,0.3804878048780488,0.3905228758169934,0.4462081128747795,0.1661252900232018,0.6195121951219512,0.3527336860670194,4299.575,0.3239271017048795,109.64547631752018,89.7459669942518,0.2785445420326223,0.5659241420830825,0.5342857142857143,0.5798657718120805,0.1162000123617034,0.1387337057728119,0.5213299874529486,0.1672726370258229,0.3174971031286211,0.472396486825596,0.4564516129032258,0.1666357624080598,0.6825028968713789,0.364516129032258,4037.05,0.3070967741935483
Coastal Carolina,Virginia,2014-03-21,0,101.1212274489968,96.16880694836684,0.3173527879103699,0.5278560112656222,0.535020334387709,0.4154761904761905,0.0899451164277721,0.086317722681359,0.4906201146430432,0.1943179902208733,0.3327188940092166,0.3877019280875456,0.4672650475184794,0.1965151595886397,0.6672811059907834,0.3722280887011616,4718.275,0.425026399155227,106.12264217925352,88.38324479338064,0.2960184650894403,0.5385151202171354,0.5571788413098236,0.5676020408163265,0.0850923792957547,0.118838028169014,0.5063473744950953,0.1623553357158071,0.3277310924369748,0.4235429890363531,0.4386271087841768,0.1612524093836679,0.6722689075630253,0.3234438627108784,4239.75,0.3391506689936009
Colorado,Pittsburgh,2014-03-20,0,103.55166299500294,98.6873725021094,0.302351011481684,0.5354820783550986,0.5496809480401094,0.490613266583229,0.0875797028698373,0.0932684509326845,0.4852378348824494,0.1865563376497769,0.3345829428303655,0.4838709677419355,0.4927272727272727,0.1854126392463873,0.6654170571696345,0.307012987012987,4667.1,0.3594805194805194,110.57136766999112,96.05255705952314,0.2680131004366812,0.5518662441067449,0.5533070088845015,0.6284023668639053,0.1078325876422948,0.0864406779661016,0.5090065502183406,0.1584078441051415,0.3650306748466257,0.4601528384279476,0.4678329571106094,0.1599365690660927,0.6349693251533742,0.3696388261851016,4435.55,0.3340857787810384
Connecticut,Saint Joseph's,2014-03-20,1,106.72083524452307,92.2842061128611,0.3378378378378378,0.5579791243176575,0.5068883610451307,0.5162846803377563,0.1019168539084253,0.1600910470409711,0.5135135135135135,0.1694952274861848,0.2956878850102669,0.3859459459459459,0.4392523364485981,0.1668512207445951,0.704312114989733,0.3546209761163032,4614.575,0.3156801661474558,106.44099245364134,98.64029114291452,0.368299711815562,0.5619601705950518,0.5233285233285233,0.5707257072570726,0.0660876554511152,0.1217948717948717,0.5386167146974064,0.181927206489642,0.2827380952380952,0.4340057636887608,0.4763157894736842,0.1795083614280291,0.7172619047619048,0.3063157894736842,4449.125000000001,0.3431578947368421
Connecticut,Villanova,2014-03-22,1,106.72083524452307,92.2842061128611,0.3378378378378378,0.5579791243176575,0.5068883610451307,0.5162846803377563,0.1019168539084253,0.1600910470409711,0.5135135135135135,0.1694952274861848,0.2956878850102669,0.3859459459459459,0.4392523364485981,0.1668512207445951,0.704312114989733,0.3546209761163032,4614.575,0.3156801661474558,112.4988808308712,93.73728487381096,0.4464882943143812,0.5769583983836899,0.543597409068261,0.6067961165048543,0.0976521691317974,0.1082214765100671,0.5398550724637681,0.166532366371206,0.3251028806584362,0.4503901895206243,0.4655561829474873,0.16363336449112,0.6748971193415638,0.3867871259175607,4507.175,0.3269339356295878
Connecticut,Iowa State,2014-03-28,1,106.72083524452307,92.2842061128611,0.3378378378378378,0.5579791243176575,0.5068883610451307,0.5162846803377563,0.1019168539084253,0.1600910470409711,0.5135135135135135,0.1694952274861848,0.2956878850102669,0.3859459459459459,0.4392523364485981,0.1668512207445951,0.704312114989733,0.3546209761163032,4614.575,0.3156801661474558,110.95559747662224,99.2159135979498,0.3811615422157149,0.5672037993322134,0.5109207708779443,0.6335403726708074,0.0809510734153013,0.0701881331403762,0.5383113714006833,0.1403679587821253,0.2625899280575539,0.3718887262079063,0.4712505989458553,0.1407491025210767,0.737410071942446,0.3109726880689986,4923.225,0.3378054623862003
Connecticut,Michigan State,2014-03-30,1,106.72083524452307,92.2842061128611,0.3378378378378378,0.5579791243176575,0.5068883610451307,0.5162846803377563,0.1019168539084253,0.1600910470409711,0.5135135135135135,0.1694952274861848,0.2956878850102669,0.3859459459459459,0.4392523364485981,0.1668512207445951,0.704312114989733,0.3546209761163032,4614.575,0.3156801661474558,112.205986202401,95.75442718718676,0.3584229390681003,0.5701982001877105,0.5488826815642458,0.6235167206040992,0.101747162612229,0.1412575366063738,0.5448028673835126,0.1625291976750502,0.3252895752895753,0.3353814644137224,0.4617678958785249,0.161243384817685,0.6747104247104247,0.390997830802603,4620.6,0.3703904555314534
Connecticut,Florida,2014-04-05,1,106.72083524452307,92.2842061128611,0.3378378378378378,0.5579791243176575,0.5068883610451307,0.5162846803377563,0.1019168539084253,0.1600910470409711,0.5135135135135135,0.1694952274861848,0.2956878850102669,0.3859459459459459,0.4392523364485981,0.1668512207445951,0.704312114989733,0.3546209761163032,4614.575,0.3156801661474558,109.34054693005386,90.00571102227298,0.3528428093645485,0.5557994961983777,0.5394673123486683,0.5476477683956574,0.1119360365505425,0.0810359231411863,0.5270345596432553,0.17367188743152,0.3439363817097415,0.4336677814938685,0.4513451631368059,0.1745288406624786,0.6560636182902585,0.3262736119061248,4388.3,0.3148254149971379
Connecticut,Kentucky,2014-04-07,1,106.72083524452307,92.2842061128611,0.3378378378378378,0.5579791243176575,0.5068883610451307,0.5162846803377563,0.1019168539084253,0.1600910470409711,0.5135135135135135,0.1694952274861848,0.2956878850102669,0.3859459459459459,0.4392523364485981,0.1668512207445951,0.704312114989733,0.3546209761163032,4614.575,0.3156801661474558,110.41711229946524,96.38349230654715,0.2805907172995781,0.5421130014702793,0.578076062639821,0.4567757009345794,0.0689061154177433,0.1535119478638667,0.4970991561181435,0.1736898395721925,0.4176744186046511,0.5379746835443038,0.4498977505112474,0.1726906349358259,0.5823255813953488,0.3778118609406953,4688.525,0.2939672801635992
Creighton,Louisiana,2014-03-21,1,119.40502183406112,101.24681470695307,0.4466446644664466,0.6207434733257662,0.5152423788105946,0.6449834619625138,0.061430651619949,0.0377358490566037,0.592959295929593,0.1464701601164483,0.258414766558089,0.3432343234323432,0.4804812834224599,0.1465234801601747,0.741585233441911,0.3294117647058823,4396.0,0.3481283422459893,109.4639468690702,100.9315544327781,0.3173216885007278,0.5567843641920696,0.5311808934099955,0.4818276220145379,0.0974974342780453,0.1002162941600576,0.5259582726831635,0.1802656546489563,0.3600697471665213,0.4347404172731683,0.4939332659251769,0.1799952632825452,0.6399302528334786,0.4368048533872599,5063.0,0.2987866531850354
Dayton,Ohio State,2014-03-20,1,108.01650128219424,100.68226670425712,0.3159053384700055,0.5572299551363166,0.5294413688978359,0.5088547815820543,0.0866084014660276,0.0733788395904436,0.5258668134287287,0.1725944921395919,0.3244897959183673,0.4127682993946065,0.4942062572421784,0.1745700592049619,0.6755102040816326,0.4316338354577057,4459.125,0.320973348783314,104.53859624004669,89.95230137562389,0.3315068493150685,0.540306697480618,0.5075117370892018,0.4993894993894994,0.1150964486105423,0.1227929373996789,0.5027397260273972,0.1656405907554047,0.2846371347785108,0.427945205479452,0.4517543859649123,0.1664471718367843,0.7153628652214892,0.2966008771929824,4528.950000000001,0.3168859649122807
Dayton,Syracuse,2014-03-22,1,108.01650128219424,100.68226670425712,0.3159053384700055,0.5572299551363166,0.5294413688978359,0.5088547815820543,0.0866084014660276,0.0733788395904436,0.5258668134287287,0.1725944921395919,0.3244897959183673,0.4127682993946065,0.4942062572421784,0.1745700592049619,0.6755102040816326,0.4316338354577057,4459.125,0.320973348783314,109.71376829820414,96.56886364212713,0.2712826333711691,0.5225454022713115,0.534762153685311,0.4961038961038961,0.1303476783404762,0.1695278969957081,0.4824063564131668,0.1398460687157301,0.3808080808080808,0.3881952326901248,0.48284625158831,0.1409986559480638,0.6191919191919192,0.3646759847522236,3959.55,0.4078780177890724
Dayton,Stanford,2014-03-27,1,108.01650128219424,100.68226670425712,0.3159053384700055,0.5572299551363166,0.5294413688978359,0.5088547815820543,0.0866084014660276,0.0733788395904436,0.5258668134287287,0.1725944921395919,0.3244897959183673,0.4127682993946065,0.4942062572421784,0.1745700592049619,0.6755102040816326,0.4316338354577057,4459.125,0.320973348783314,107.08571050221254,99.77973568281936,0.2928730512249443,0.5573231946151461,0.5153313550939663,0.4664268585131894,0.0740088105726872,0.1149425287356321,0.518652561247216,0.1619969322106842,0.2796780684104628,0.4459910913140312,0.4831338411316648,0.1616740088105726,0.7203219315895373,0.3699673558215451,4535.475,0.3373231773667029
Dayton,Florida,2014-03-29,0,108.01650128219424,100.68226670425712,0.3159053384700055,0.5572299551363166,0.5294413688978359,0.5088547815820543,0.0866084014660276,0.0733788395904436,0.5258668134287287,0.1725944921395919,0.3244897959183673,0.4127682993946065,0.4942062572421784,0.1745700592049619,0.6755102040816326,0.4316338354577057,4459.125,0.320973348783314,109.34054693005386,90.00571102227298,0.3528428093645485,0.5557994961983777,0.5394673123486683,0.5476477683956574,0.1119360365505425,0.0810359231411863,0.5270345596432553,0.17367188743152,0.3439363817097415,0.4336677814938685,0.4513451631368059,0.1745288406624786,0.6560636182902585,0.3262736119061248,4388.3,0.3148254149971379
Delaware,Michigan State,2014-03-20,0,109.56905808699877,104.00765300930168,0.3443740867023867,0.5465165632516119,0.475765306122449,0.4039301310043668,0.0830432924222995,0.0866477272727272,0.5056015586945932,0.1300727353769475,0.2754844144903117,0.4315635655138821,0.4907722195240408,0.1306710630762655,0.7245155855096883,0.3778533268576979,4924.400000000001,0.3161728994657601,112.205986202401,95.75442718718676,0.3584229390681003,0.5701982001877105,0.5488826815642458,0.6235167206040992,0.101747162612229,0.1412575366063738,0.5448028673835126,0.1625291976750502,0.3252895752895753,0.3353814644137224,0.4617678958785249,0.161243384817685,0.6747104247104247,0.390997830802603,4620.6,0.3703904555314534
Duke,Mercer,2014-03-21,0,116.98567209887344,101.02978629166206,0.390194075587334,0.5753630984400215,0.5075901328273245,0.5446527012127894,0.1054146827593843,0.075416968817984,0.5400919305413687,0.1364978672208247,0.3258845437616387,0.3932584269662921,0.4900826446280992,0.1381906765585206,0.6741154562383612,0.4022038567493113,4543.5,0.2402203856749311,113.13309405369095,94.69840070520084,0.3672949566989302,0.5805312022058031,0.5356649792913023,0.5991425509110396,0.0860512949670486,0.1205733558178752,0.5458481915435558,0.1683353273303528,0.3269230769230769,0.3841059602649007,0.4564761405348715,0.1683247282038366,0.6730769230769231,0.3922391190351337,4764.450000000001,0.3780807551127425
Eastern Kentucky,Kansas,2014-03-21,0,114.51403982524316,102.29965768454316,0.4426697090701654,0.6138059262397327,0.4454022988505747,0.5634458672875436,0.1277099973668042,0.0654761904761904,0.5764403879064461,0.1506070385738435,0.2122905027932961,0.4460924130062749,0.5468948035487959,0.1505310278241025,0.7877094972067039,0.5424588086185045,4556.049999999999,0.3612167300380228,112.4487677507036,100.35610229847848,0.291894852135816,0.5837323763707267,0.5629770992366412,0.5519911504424779,0.0833063558864789,0.14609375,0.5454545454545454,0.184489603732597,0.360125260960334,0.4890470974808324,0.4714593430263866,0.1860364735081472,0.639874739039666,0.4577275175013462,4652.924999999999,0.3107162089391491
Florida,Pittsburgh,2014-03-22,1,109.34054693005386,90.00571102227298,0.3528428093645485,0.5557994961983777,0.5394673123486683,0.5476477683956574,0.1119360365505425,0.0810359231411863,0.5270345596432553,0.17367188743152,0.3439363817097415,0.4336677814938685,0.4513451631368059,0.1745288406624786,0.6560636182902585,0.3262736119061248,4388.3,0.3148254149971379,110.57136766999112,96.05255705952314,0.2680131004366812,0.5518662441067449,0.5533070088845015,0.6284023668639053,0.1078325876422948,0.0864406779661016,0.5090065502183406,0.1584078441051415,0.3650306748466257,0.4601528384279476,0.4678329571106094,0.1599365690660927,0.6349693251533742,0.3696388261851016,4435.55,0.3340857787810384
Florida,UCLA,2014-03-27,1,109.34054693005386,90.00571102227298,0.3528428093645485,0.5557994961983777,0.5394673123486683,0.5476477683956574,0.1119360365505425,0.0810359231411863,0.5270345596432553,0.17367188743152,0.3439363817097415,0.4336677814938685,0.4513451631368059,0.1745288406624786,0.6560636182902585,0.3262736119061248,4388.3,0.3148254149971379,113.44220849389362,97.70756766634857,0.275297619047619,0.5821666980559567,0.5197582519758251,0.5921052631578947,0.1295457775792401,0.0880782918149466,0.5438988095238095,0.1447591086101086,0.2815814850530376,0.3898809523809524,0.5010357327809425,0.1441653637637312,0.7184185149469624,0.3635422061108234,4914.8,0.4179181771103055
George Washington,Memphis,2014-03-21,0,105.90741554796604,95.89532174224772,0.285876993166287,0.5473036731555587,0.5294117647058824,0.5565110565110565,0.1012726295034952,0.1129991503823279,0.5162300683371298,0.1839515774524059,0.3363363363363363,0.4675398633257403,0.4701086956521739,0.1828284638824162,0.6636636636636637,0.3347826086956522,4449.575,0.3603260869565217,106.29735861980394,96.1392803422268,0.2728232189973615,0.5498472031533725,0.523854961832061,0.6130099228224918,0.1190539689990292,0.112011790714812,0.5242744063324538,0.1832270217046963,0.3461918892185954,0.4031662269129287,0.4791558103178739,0.1826347624787974,0.6538081107814046,0.3340281396560708,4679.375,0.2928608650338718
Gonzaga,Oklahoma State,2014-03-21,1,113.64500602992145,95.0038134728384,0.3275954814416353,0.5916222667164398,0.530893536121673,0.5394594594594595,0.0975389672471022,0.1053446940356312,0.5621301775147929,0.1621016720809204,0.2943632567849686,0.3975255513717052,0.445176594623089,0.160273280983124,0.7056367432150313,0.3842909857670005,4628.300000000001,0.3194517659462308,111.8412032105302,95.59948845887752,0.341684434968017,0.5722426688828209,0.4903109508787742,0.5160550458715596,0.1048240005031551,0.1234375,0.5277185501066098,0.1421745963106325,0.2649812734082397,0.494136460554371,0.4598846355532249,0.1413027526782532,0.7350187265917603,0.399580492920818,4755.275,0.3287886733088621
Harvard,Michigan State,2014-03-22,0,109.64547631752018,89.7459669942518,0.2785445420326223,0.5659241420830825,0.5342857142857143,0.5798657718120805,0.1162000123617034,0.1387337057728119,0.5213299874529486,0.1672726370258229,0.3174971031286211,0.472396486825596,0.4564516129032258,0.1666357624080598,0.6825028968713789,0.364516129032258,4037.05,0.3070967741935483,112.205986202401,95.75442718718676,0.3584229390681003,0.5701982001877105,0.5488826815642458,0.6235167206040992,0.101747162612229,0.1412575366063738,0.5448028673835126,0.1625291976750502,0.3252895752895753,0.3353814644137224,0.4617678958785249,0.161243384817685,0.6747104247104247,0.390997830802603,4620.6,0.3703904555314534
Iowa State,North Carolina Central,2014-03-21,1,110.95559747662224,99.2159135979498,0.3811615422157149,0.5672037993322134,0.5109207708779443,0.6335403726708074,0.0809510734153013,0.0701881331403762,0.5383113714006833,0.1403679587821253,0.2625899280575539,0.3718887262079063,0.4712505989458553,0.1407491025210767,0.737410071942446,0.3109726880689986,4923.225,0.3378054623862003,109.84455958549222,86.62185967707549,0.2993774759479343,0.5603309584003677,0.5271084337349398,0.5973072215422277,0.1162438427790805,0.1233644859813084,0.5130164119977363,0.169407524217166,0.3412127440904419,0.486700622524052,0.4257929383602633,0.1687555400962714,0.6587872559095581,0.4410532615200478,4447.575000000001,0.3596648713345302
Iowa State,North Carolina,2014-03-23,1,110.95559747662224,99.2159135979498,0.3811615422157149,0.5672037993322134,0.5109207708779443,0.6335403726708074,0.0809510734153013,0.0701881331403762,0.5383113714006833,0.1403679587821253,0.2625899280575539,0.3718887262079063,0.4712505989458553,0.1407491025210767,0.737410071942446,0.3109726880689986,4923.225,0.3378054623862003,106.05172301478731,96.0295475530933,0.2082463465553236,0.5259190661813796,0.5358764759309719,0.5614430665163472,0.1016783444679811,0.1267605633802817,0.4979123173277662,0.1637244044904783,0.360655737704918,0.4457202505219206,0.4647540983606557,0.1638151105317473,0.639344262295082,0.4180327868852459,4604.025,0.3404371584699454
Kansas,Stanford,2014-03-23,0,112.4487677507036,100.35610229847848,0.291894852135816,0.5837323763707267,0.5629770992366412,0.5519911504424779,0.0833063558864789,0.14609375,0.5454545454545454,0.184489603732597,0.360125260960334,0.4890470974808324,0.4714593430263866,0.1860364735081472,0.639874739039666,0.4577275175013462,4652.924999999999,0.3107162089391491,107.08571050221254,99.77973568281936,0.2928730512249443,0.5573231946151461,0.5153313550939663,0.4664268585131894,0.0740088105726872,0.1149425287356321,0.518652561247216,0.1619969322106842,0.2796780684104628,0.4459910913140312,0.4831338411316648,0.1616740088105726,0.7203219315895373,0.3699673558215451,4535.475,0.3373231773667029
Kansas State,Kentucky,2014-03-21,0,102.56174506671567,97.16318610238405,0.3228875209848909,0.5229049231814932,0.5070217917675545,0.6354300385109114,0.0914803178710035,0.0801011804384485,0.4899272523782876,0.1783682522899403,0.3311004784688995,0.4079462786793508,0.4541763341067285,0.1792644612825725,0.6688995215311004,0.4547563805104408,4339.674999999999,0.3120649651972157,110.41711229946524,96.38349230654715,0.2805907172995781,0.5421130014702793,0.578076062639821,0.4567757009345794,0.0689061154177433,0.1535119478638667,0.4970991561181435,0.1736898395721925,0.4176744186046511,0.5379746835443038,0.4498977505112474,0.1726906349358259,0.5823255813953488,0.3778118609406953,4688.525,0.2939672801635992
Kentucky,Wichita State,2014-03-23,1,110.41711229946524,96.38349230654715,0.2805907172995781,0.5421130014702793,0.578076062639821,0.4567757009345794,0.0689061154177433,0.1535119478638667,0.4970991561181435,0.1736898395721925,0.4176744186046511,0.5379746835443038,0.4498977505112474,0.1726906349358259,0.5823255813953488,0.3778118609406953,4688.525,0.2939672801635992,113.41060517330916,88.85380347784135,0.3651654910472056,0.5678058927010611,0.5722571290478492,0.5437352245862884,0.1039405302282744,0.1502145922746781,0.5225176342919153,0.1515971846237141,0.343087790110999,0.475854584915898,0.447032723239046,0.1504286998662368,0.656912209889001,0.3516361619523017,4542.725,0.3538546866333888
Kentucky,Louisville,2014-03-28,1,110.41711229946524,96.38349230654715,0.2805907172995781,0.5421130014702793,0.578076062639821,0.4567757009345794,0.0689061154177433,0.1535119478638667,0.4970991561181435,0.1736898395721925,0.4176744186046511,0.5379746835443038,0.4498977505112474,0.1726906349358259,0.5823255813953488,0.3778118609406953,4688.525,0.2939672801635992,116.96445403322096,87.09809564824637,0.3556626506024096,0.5644851499160954,0.5259768140832976,0.5422177009155646,0.1445332605064966,0.1242088607594936,0.5397590361445783,0.1449487861586477,0.366412213740458,0.403855421686747,0.4383223684210526,0.1453735701606041,0.6335877862595419,0.3821271929824561,4767.125,0.3070175438596491
Kentucky,Michigan,2014-03-30,1,110.41711229946524,96.38349230654715,0.2805907172995781,0.5421130014702793,0.578076062639821,0.4567757009345794,0.0689061154177433,0.1535119478638667,0.4970991561181435,0.1736898395721925,0.4176744186046511,0.5379746835443038,0.4498977505112474,0.1726906349358259,0.5823255813953488,0.3778118609406953,4688.525,0.2939672801635992,115.0650902827414,102.007519330354,0.4003378378378378,0.5905488134900112,0.500517063081696,0.5550295857988166,0.0799224421271665,0.0677551020408163,0.5546171171171171,0.1410777685340332,0.2645161290322581,0.3586711711711711,0.496398891966759,0.1423470714809298,0.7354838709677419,0.2759002770083102,4248.125,0.3213296398891966
Kentucky,Wisconsin,2014-04-05,1,110.41711229946524,96.38349230654715,0.2805907172995781,0.5421130014702793,0.578076062639821,0.4567757009345794,0.0689061154177433,0.1535119478638667,0.4970991561181435,0.1736898395721925,0.4176744186046511,0.5379746835443038,0.4498977505112474,0.1726906349358259,0.5823255813953488,0.3778118609406953,4688.525,0.2939672801635992,114.5486725663717,98.18579738524448,0.3931232091690544,0.574914130048561,0.5121334681496461,0.5006257822277848,0.0760237286183263,0.0828571428571428,0.5312320916905444,0.1217699115044248,0.2617801047120419,0.4412607449856733,0.4754666666666666,0.1188734665668375,0.7382198952879581,0.2586666666666666,4289.125,0.2533333333333333
Louisville,Manhattan,2014-03-20,1,116.96445403322096,87.09809564824637,0.3556626506024096,0.5644851499160954,0.5259768140832976,0.5422177009155646,0.1445332605064966,0.1242088607594936,0.5397590361445783,0.1449487861586477,0.366412213740458,0.403855421686747,0.4383223684210526,0.1453735701606041,0.6335877862595419,0.3821271929824561,4767.125,0.3070175438596491,104.7798396140581,94.65555309056718,0.3129899216125419,0.5477754916926616,0.5095602294455067,0.5242236024844721,0.1119808998616084,0.1541501976284585,0.5081187010078387,0.1887391295148219,0.325735992402659,0.5587905935050392,0.4555302166476624,0.1884659673142543,0.674264007597341,0.5250855188141391,4729.525000000001,0.2787913340935005
Louisville,Saint Louis,2014-03-22,1,116.96445403322096,87.09809564824637,0.3556626506024096,0.5644851499160954,0.5259768140832976,0.5422177009155646,0.1445332605064966,0.1242088607594936,0.5397590361445783,0.1449487861586477,0.366412213740458,0.403855421686747,0.4383223684210526,0.1453735701606041,0.6335877862595419,0.3821271929824561,4767.125,0.3070175438596491,101.00668492903604,87.89088788191486,0.3242009132420091,0.5357121503820536,0.514453699167075,0.5868725868725869,0.1063304769168648,0.1022120518688024,0.495148401826484,0.1794672348292693,0.2740141557128412,0.4069634703196347,0.4357304643261608,0.178563416932119,0.7259858442871587,0.3420158550396376,4446.575,0.2576443941109853
Massachusetts,Tennessee,2014-03-21,0,102.69711731089602,95.79824821224558,0.2642405063291139,0.5396600252653975,0.5174199623352166,0.5584862385321101,0.0922438962467735,0.1256210078069553,0.505801687763713,0.1809324982602644,0.30935960591133,0.399789029535865,0.4634715025906736,0.1815258325223204,0.69064039408867,0.3668393782383419,4734.35,0.2699481865284974,111.00081014160364,94.61103719623829,0.3106382978723404,0.5402103532913516,0.5731650303880318,0.5119047619047619,0.0796006322564504,0.1219696969696969,0.4984042553191489,0.1597462317004986,0.3878902554399243,0.4154255319148936,0.4547449259462424,0.1592012645129009,0.6121097445600757,0.3296763576522216,4389.450000000001,0.2759188151398793
Memphis,Virginia,2014-03-23,0,106.29735861980394,96.1392803422268,0.2728232189973615,0.5498472031533725,0.523854961832061,0.6130099228224918,0.1190539689990292,0.112011790714812,0.5242744063324538,0.1832270217046963,0.3461918892185954,0.4031662269129287,0.4791558103178739,0.1826347624787974,0.6538081107814046,0.3340281396560708,4679.375,0.2928608650338718,106.12264217925352,88.38324479338064,0.2960184650894403,0.5385151202171354,0.5571788413098236,0.5676020408163265,0.0850923792957547,0.118838028169014,0.5063473744950953,0.1623553357158071,0.3277310924369748,0.4235429890363531,0.4386271087841768,0.1612524093836679,0.6722689075630253,0.3234438627108784,4239.75,0.3391506689936009
Mercer,Tennessee,2014-03-23,0,113.13309405369095,94.69840070520084,0.3672949566989302,0.5805312022058031,0.5356649792913023,0.5991425509110396,0.0860512949670486,0.1205733558178752,0.5458481915435558,0.1683353273303528,0.3269230769230769,0.3841059602649007,0.4564761405348715,0.1683247282038366,0.6730769230769231,0.3922391190351337,4764.450000000001,0.3780807551127425,111.00081014160364,94.61103719623829,0.3106382978723404,0.5402103532913516,0.5731650303880318,0.5119047619047619,0.0796006322564504,0.1219696969696969,0.4984042553191489,0.1597462317004986,0.3878902554399243,0.4154255319148936,0.4547449259462424,0.1592012645129009,0.6121097445600757,0.3296763576522216,4389.450000000001,0.2759188151398793
Michigan,Wofford,2014-03-20,1,115.0650902827414,102.007519330354,0.4003378378378378,0.5905488134900112,0.500517063081696,0.5550295857988166,0.0799224421271665,0.0677551020408163,0.5546171171171171,0.1410777685340332,0.2645161290322581,0.3586711711711711,0.496398891966759,0.1423470714809298,0.7354838709677419,0.2759002770083102,4248.125,0.3213296398891966,104.67533723347675,96.81250757483944,0.2998286693318104,0.5331724375708023,0.5128205128205128,0.5227848101265823,0.0979275239364925,0.0475770925110132,0.5068532267275843,0.1610017889087656,0.3013278855975485,0.3358081096516276,0.487468671679198,0.1614349775784753,0.6986721144024515,0.4072681704260651,4131.049999999999,0.2888471177944862
Michigan,Texas,2014-03-22,1,115.0650902827414,102.007519330354,0.4003378378378378,0.5905488134900112,0.500517063081696,0.5550295857988166,0.0799224421271665,0.0677551020408163,0.5546171171171171,0.1410777685340332,0.2645161290322581,0.3586711711711711,0.496398891966759,0.1423470714809298,0.7354838709677419,0.2759002770083102,4248.125,0.3213296398891966,103.93694095650878,98.1326765676918,0.2643037974683544,0.5124981666561904,0.5564270152505446,0.4947121034077555,0.080680261998535,0.1600646725949878,0.4736708860759493,0.169970467631249,0.3831858407079646,0.4384810126582278,0.4595645412130638,0.1698531831548105,0.6168141592920354,0.4048729911871436,4708.325000000001,0.3587350959046138
Michigan,Tennessee,2014-03-28,1,115.0650902827414,102.007519330354,0.4003378378378378,0.5905488134900112,0.500517063081696,0.5550295857988166,0.0799224421271665,0.0677551020408163,0.5546171171171171,0.1410777685340332,0.2645161290322581,0.3586711711711711,0.496398891966759,0.1423470714809298,0.7354838709677419,0.2759002770083102,4248.125,0.3213296398891966,111.00081014160364,94.61103719623829,0.3106382978723404,0.5402103532913516,0.5731650303880318,0.5119047619047619,0.0796006322564504,0.1219696969696969,0.4984042553191489,0.1597462317004986,0.3878902554399243,0.4154255319148936,0.4547449259462424,0.1592012645129009,0.6121097445600757,0.3296763576522216,4389.450000000001,0.2759188151398793
Michigan State,Virginia,2014-03-28,1,112.205986202401,95.75442718718676,0.3584229390681003,0.5701982001877105,0.5488826815642458,0.6235167206040992,0.101747162612229,0.1412575366063738,0.5448028673835126,0.1625291976750502,0.3252895752895753,0.3353814644137224,0.4617678958785249,0.161243384817685,0.6747104247104247,0.390997830802603,4620.6,0.3703904555314534,106.12264217925352,88.38324479338064,0.2960184650894403,0.5385151202171354,0.5571788413098236,0.5676020408163265,0.0850923792957547,0.118838028169014,0.5063473744950953,0.1623553357158071,0.3277310924369748,0.4235429890363531,0.4386271087841768,0.1612524093836679,0.6722689075630253,0.3234438627108784,4239.75,0.3391506689936009
Milwaukee,Villanova,2014-03-20,0,100.9711989283322,100.5360383513936,0.4,0.5459978268743209,0.4840095465393795,0.5860759493670886,0.0822415004877844,0.064092664092664,0.4983561643835616,0.1875418620227729,0.2564593301435406,0.4427397260273972,0.487817522032141,0.1879805725435072,0.7435406698564593,0.3582166925868325,4772.025000000001,0.3286677034733022,112.4988808308712,93.73728487381096,0.4464882943143812,0.5769583983836899,0.543597409068261,0.6067961165048543,0.0976521691317974,0.1082214765100671,0.5398550724637681,0.166532366371206,0.3251028806584362,0.4503901895206243,0.4655561829474873,0.16363336449112,0.6748971193415638,0.3867871259175607,4507.175,0.3269339356295878
NC State,Saint Louis,2014-03-20,0,105.73757391721274,102.8953939329544,0.258,0.5291388962943215,0.4981651376146789,0.4945770065075922,0.0705519842745577,0.1074626865671641,0.5,0.1517234031218369,0.3293023255813953,0.3625,0.4725814795654423,0.1513042554321841,0.6706976744186046,0.4267977237454733,4699.249999999998,0.3067770305225039,101.00668492903604,87.89088788191486,0.3242009132420091,0.5357121503820536,0.514453699167075,0.5868725868725869,0.1063304769168648,0.1022120518688024,0.495148401826484,0.1794672348292693,0.2740141557128412,0.4069634703196347,0.4357304643261608,0.178563416932119,0.7259858442871587,0.3420158550396376,4446.575,0.2576443941109853
New Mexico,Stanford,2014-03-21,0,110.35440655943373,97.60228184330153,0.3179544191217343,0.5597981726442111,0.5425631431244153,0.6159420289855072,0.0713076031731883,0.1347068145800317,0.5138966092273485,0.1545768179577938,0.3180894308943089,0.4691495275152862,0.4493833504624872,0.1537570193421873,0.681910569105691,0.3124357656731757,4475.699999999999,0.3514902363823227,107.08571050221254,99.77973568281936,0.2928730512249443,0.5573231946151461,0.5153313550939663,0.4664268585131894,0.0740088105726872,0.1149425287356321,0.518652561247216,0.1619969322106842,0.2796780684104628,0.4459910913140312,0.4831338411316648,0.1616740088105726,0.7203219315895373,0.3699673558215451,4535.475,0.3373231773667029
New Mexico State,San Diego State,2014-03-20,0,112.89732902969716,95.54601364651649,0.2736103615758229,0.5794987828809798,0.5509927797833934,0.5065934065934066,0.0673146552163758,0.1358863495985176,0.5420939017808959,0.1842624800225627,0.3712047012732615,0.5434430652995142,0.4383954154727794,0.1799137148510408,0.6287952987267384,0.330945558739255,4844.5,0.2268385864374403,106.13583564888629,85.54265118141771,0.2548596112311015,0.5188616220549592,0.5392670157068062,0.4135802469135802,0.118999942788489,0.1441899915182358,0.4829913606911447,0.1480435475789186,0.3488372093023256,0.4470842332613391,0.4306192660550458,0.1487499284856113,0.6511627906976745,0.3125,4380.174999999999,0.3239678899082568
North Carolina,Providence,2014-03-21,1,106.05172301478731,96.0295475530933,0.2082463465553236,0.5259190661813796,0.5358764759309719,0.5614430665163472,0.1016783444679811,0.1267605633802817,0.4979123173277662,0.1637244044904783,0.360655737704918,0.4457202505219206,0.4647540983606557,0.1638151105317473,0.639344262295082,0.4180327868852459,4604.025,0.3404371584699454,106.5610617574655,101.2723300346999,0.3169342309684101,0.5374068876174025,0.5317679558011049,0.5651644336175395,0.081394850704708,0.1189617880317231,0.4805800103573278,0.166113667986728,0.3388581952117864,0.4194717762817193,0.4892086330935252,0.1662168530180353,0.6611418047882136,0.3432682425488181,4670.05,0.2872559095580678
North Dakota State,Oklahoma,2014-03-20,1,117.22772277227722,100.22508595315244,0.275737507525587,0.5967741935483871,0.5428247305728872,0.4314420803782506,0.098938880506567,0.1317307692307692,0.5599036724864539,0.147029702970297,0.3096085409252669,0.4093919325707405,0.4893283113622096,0.146924237552252,0.6903914590747331,0.3904582548650345,4041.45,0.3471437539234149,111.23804688161124,102.44617672809358,0.3679918450560652,0.5630997258396162,0.5085371481310568,0.5305429864253394,0.0924040885644666,0.0840672538030424,0.5201325178389399,0.1535922823051536,0.3069852941176471,0.399592252803262,0.4945454545454545,0.1531629413191844,0.6930147058823529,0.3838961038961039,4733.424999999999,0.3511688311688312
North Dakota State,San Diego State,2014-03-22,0,117.22772277227722,100.22508595315244,0.275737507525587,0.5967741935483871,0.5428247305728872,0.4314420803782506,0.098938880506567,0.1317307692307692,0.5599036724864539,0.147029702970297,0.3096085409252669,0.4093919325707405,0.4893283113622096,0.146924237552252,0.6903914590747331,0.3904582548650345,4041.45,0.3471437539234149,106.13583564888629,85.54265118141771,0.2548596112311015,0.5188616220549592,0.5392670157068062,0.4135802469135802,0.118999942788489,0.1441899915182358,0.4829913606911447,0.1480435475789186,0.3488372093023256,0.4470842332613391,0.4306192660550458,0.1487499284856113,0.6511627906976745,0.3125,4380.174999999999,0.3239678899082568
Oregon,Wisconsin,2014-03-22,0,112.16754464859306,100.84856744354418,0.3388473852721451,0.5804778580610842,0.5087090163934426,0.5267958950969214,0.1081737167679908,0.088379705400982,0.5344183564567769,0.1580367467557496,0.3008298755186722,0.4290288153681963,0.4927211646136618,0.1571500058558606,0.6991701244813278,0.4798432250839866,4682.975,0.3157894736842105,114.5486725663717,98.18579738524448,0.3931232091690544,0.574914130048561,0.5121334681496461,0.5006257822277848,0.0760237286183263,0.0828571428571428,0.5312320916905444,0.1217699115044248,0.2617801047120419,0.4412607449856733,0.4754666666666666,0.1188734665668375,0.7382198952879581,0.2586666666666666,4289.125,0.2533333333333333
Stephen F. Austin,Virginia Commonwealth,2014-03-21,1,113.26131098621258,93.70537434549038,0.35828025477707,0.5620191718901346,0.5383812010443865,0.6251428571428571,0.1133349955799351,0.0894596988485385,0.5268046709129511,0.1624429262163587,0.3712047012732615,0.403927813163482,0.4950819672131147,0.1641090735997461,0.6287952987267384,0.5285245901639344,4434.325,0.259672131147541,102.6797852949174,89.54223814986649,0.339277334584702,0.5113391307836588,0.5126014523707817,0.5,0.1543131541811758,0.1139041633935585,0.4777099953073674,0.1651577558686392,0.3317535545023696,0.3571093383388081,0.4746974697469747,0.1664957716165318,0.6682464454976303,0.3954895489548954,4945.0,0.2997799779977997
Stephen F. Austin,UCLA,2014-03-23,0,113.26131098621258,93.70537434549038,0.35828025477707,0.5620191718901346,0.5383812010443865,0.6251428571428571,0.1133349955799351,0.0894596988485385,0.5268046709129511,0.1624429262163587,0.3712047012732615,0.403927813163482,0.4950819672131147,0.1641090735997461,0.6287952987267384,0.5285245901639344,4434.325,0.259672131147541,113.44220849389362,97.70756766634857,0.275297619047619,0.5821666980559567,0.5197582519758251,0.5921052631578947,0.1295457775792401,0.0880782918149466,0.5438988095238095,0.1447591086101086,0.2815814850530376,0.3898809523809524,0.5010357327809425,0.1441653637637312,0.7184185149469624,0.3635422061108234,4914.8,0.4179181771103055
Syracuse,Western Michigan,2014-03-20,1,109.71376829820414,96.56886364212713,0.2712826333711691,0.5225454022713115,0.534762153685311,0.4961038961038961,0.1303476783404762,0.1695278969957081,0.4824063564131668,0.1398460687157301,0.3808080808080808,0.3881952326901248,0.48284625158831,0.1409986559480638,0.6191919191919192,0.3646759847522236,3959.55,0.4078780177890724,105.258382106075,97.7288680569708,0.3516819571865443,0.570838049308597,0.5210040983606558,0.4776902887139108,0.0860448791975183,0.0986547085201793,0.5244648318042814,0.1991742661403746,0.3013544018058691,0.5113149847094801,0.4676889375684556,0.1988089577247923,0.698645598194131,0.3472070098576122,4412.25,0.3893756845564075
Tulsa,UCLA,2014-03-21,0,103.38619802828975,94.6501181529815,0.3170466883821932,0.5336283185840708,0.5103773584905661,0.5073710073710074,0.0979285972792881,0.1074806534823731,0.4934853420195439,0.1607372481783112,0.2846371347785108,0.4777415852334419,0.4632144878324844,0.1596661912162306,0.7153628652214892,0.4833050367855122,4681.65,0.3418222976796831,113.44220849389362,97.70756766634857,0.275297619047619,0.5821666980559567,0.5197582519758251,0.5921052631578947,0.1295457775792401,0.0880782918149466,0.5438988095238095,0.1447591086101086,0.2815814850530376,0.3898809523809524,0.5010357327809425,0.1441653637637312,0.7184185149469624,0.3635422061108234,4914.8,0.4179181771103055
Albany (NY),Oklahoma,2015-03-20,0,104.12319920516646,96.06899818032254,0.340809968847352,0.5489785227867994,0.5476190476190477,0.4730878186968839,0.0902360595258867,0.0556745182012847,0.5012461059190031,0.1833084947839046,0.3136094674556213,0.3987538940809969,0.4959375,0.1839619114091282,0.6863905325443787,0.30375,4018.85,0.41625,102.55267964538692,89.5888638543735,0.3356456776947705,0.5317134013951126,0.5124265702666064,0.4889975550122249,0.0986012894014768,0.1286970423661071,0.4941302027748132,0.171069630685615,0.2914669223394056,0.3265741728922092,0.4372351694915254,0.1713253173310728,0.7085330776605945,0.2891949152542373,4486.049999999999,0.3373940677966102
Arizona,Texas Southern,2015-03-19,1,112.21207607452024,85.67989338377544,0.2576819407008086,0.5724291346386803,0.5844346549192364,0.5319383259911894,0.1048966080564034,0.1015820149875104,0.5358490566037736,0.1632018651641733,0.3370558375634517,0.4711590296495956,0.4432077625570776,0.1625037616611496,0.6629441624365482,0.363013698630137,4642.249999999999,0.3144977168949772,100.5323705125286,99.14496654451904,0.3141419787590833,0.5307444847679996,0.5,0.4659949622166247,0.0903676319572807,0.0768115942028985,0.4941307993292342,0.1860586149692613,0.304563492063492,0.4645053102291783,0.4891191709844559,0.1854914550702078,0.6954365079365079,0.3259067357512953,4618.5,0.2849740932642487
Arizona,Ohio State,2015-03-21,1,112.21207607452024,85.67989338377544,0.2576819407008086,0.5724291346386803,0.5844346549192364,0.5319383259911894,0.1048966080564034,0.1015820149875104,0.5358490566037736,0.1632018651641733,0.3370558375634517,0.4711590296495956,0.4432077625570776,0.1625037616611496,0.6629441624365482,0.363013698630137,4642.249999999999,0.3144977168949772,111.61670235546038,92.43754068553729,0.3207847295864263,0.5692573716781945,0.5259615384615385,0.5556768558951966,0.1153785719095826,0.1474978050921861,0.5453340402969247,0.1650606709493219,0.3253493013972056,0.3478260869565217,0.4656301145662848,0.1661092280410334,0.6746506986027944,0.2738679759956355,4469.050000000001,0.3786142935079105
Arizona,Xavier,2015-03-26,1,112.21207607452024,85.67989338377544,0.2576819407008086,0.5724291346386803,0.5844346549192364,0.5319383259911894,0.1048966080564034,0.1015820149875104,0.5358490566037736,0.1632018651641733,0.3370558375634517,0.4711590296495956,0.4432077625570776,0.1625037616611496,0.6629441624365482,0.363013698630137,4642.249999999999,0.3144977168949772,107.4924516746,98.7346934395089,0.327807486631016,0.566176553816202,0.5311744804253262,0.6293785310734463,0.088861224095558,0.0829769033361847,0.5304812834224599,0.1749277402301567,0.2922143579373104,0.381283422459893,0.5021482277121375,0.1747174792603483,0.7077856420626896,0.3442534908700322,4656.150000000001,0.3721804511278195
Arizona,Wisconsin,2015-03-28,0,112.21207607452024,85.67989338377544,0.2576819407008086,0.5724291346386803,0.5844346549192364,0.5319383259911894,0.1048966080564034,0.1015820149875104,0.5358490566037736,0.1632018651641733,0.3370558375634517,0.4711590296495956,0.4432077625570776,0.1625037616611496,0.6629441624365482,0.363013698630137,4642.249999999999,0.3144977168949772,118.81091854840668,91.98838092253548,0.369771332961517,0.5830013597003888,0.5521376433785193,0.5023255813953489,0.0742463871177697,0.0916089299461123,0.5457334076965978,0.120074864490411,0.3055555555555556,0.3558282208588957,0.4669678147939017,0.1190834910265527,0.6944444444444444,0.2106154714850367,4131.225,0.2665160926030491
Arkansas,Wofford,2015-03-19,1,107.90693890832182,97.00642642154072,0.3110897743638982,0.5410752161853484,0.5088596092685143,0.5890557939914163,0.1073781827056048,0.1232876712328767,0.5019203072491598,0.1614740095989587,0.3436123348017621,0.3725396063370139,0.4858934169278996,0.1614740095989587,0.6563876651982379,0.3845350052246604,4917.2,0.3134796238244514,105.45319877789096,93.1639304822024,0.3277936962750716,0.5517876174789265,0.5127161749745677,0.5675,0.1021916207453572,0.0738831615120274,0.5200573065902578,0.1671141560966577,0.2729145211122554,0.3851002865329513,0.466472303206997,0.1654312784263407,0.7270854788877446,0.3574344023323615,4342.374999999999,0.3212827988338192
Arkansas,North Carolina,2015-03-21,0,107.90693890832182,97.00642642154072,0.3110897743638982,0.5410752161853484,0.5088596092685143,0.5890557939914163,0.1073781827056048,0.1232876712328767,0.5019203072491598,0.1614740095989587,0.3436123348017621,0.3725396063370139,0.4858934169278996,0.1614740095989587,0.6563876651982379,0.3845350052246604,4917.2,0.3134796238244514,108.37125201184256,95.75329726919118,0.2257462686567164,0.5457602017331439,0.5631737818025011,0.6094210009813543,0.093193476456648,0.1191028615622583,0.5142257462686567,0.1712798299123731,0.3845437616387337,0.3479477611940298,0.4530642023346303,0.1723879328447009,0.6154562383612663,0.3759727626459144,5016.524999999999,0.3711089494163424
Baylor,Georgia State,2015-03-19,0,106.9371575142824,92.96136337107504,0.3315128345166576,0.5287674391790614,0.5598690364826941,0.6083123425692695,0.1218629625306408,0.1144104803493449,0.4961769524849809,0.1912090474524892,0.4086629001883239,0.3877662479519388,0.4553872053872054,0.1914322399906618,0.591337099811676,0.3198653198653198,4286.0,0.3574635241301908,108.78651505261834,92.21060669009734,0.2767154105736782,0.5635507254974076,0.4989939637826961,0.5269320843091335,0.1347451632100789,0.1370808678500986,0.5261529808773904,0.1575686786446345,0.2891046386192017,0.389763779527559,0.4491137793024585,0.1545077871475571,0.7108953613807982,0.3905088622069754,4409.6,0.4202401372212693
Belmont,Virginia,2015-03-20,0,108.16944882604598,102.59098056194884,0.4816723940435281,0.5895523311191103,0.5038679731820526,0.592057761732852,0.0934302577307841,0.0553154710458081,0.5678694158075601,0.195640085791128,0.2694805194805195,0.3316151202749141,0.5152838427947598,0.1964314199120388,0.7305194805194806,0.2805676855895196,4397.175,0.3684497816593886,109.22339605886889,84.30560782837787,0.2731143552311436,0.5469741161698732,0.5668449197860963,0.5427069645203679,0.0929230529635445,0.1348425196850393,0.5121654501216545,0.155660315760607,0.3310886644219977,0.3424574209245742,0.4165625,0.1546987138722697,0.6689113355780022,0.279375,3840.75,0.365
Buffalo,West Virginia,2015-03-20,0,105.81310759870377,96.65789299064387,0.3019169329073482,0.5321153803516395,0.5212517515179822,0.5152998776009792,0.1079383335913826,0.1136563876651982,0.4864217252396166,0.1587196613980556,0.3227906976744186,0.422790202342918,0.4847161572052402,0.159253279069253,0.6772093023255814,0.3373362445414847,4528.700000000001,0.3804585152838428,102.68874373385997,95.0804005022948,0.3387341772151899,0.5025381788832013,0.519960571710202,0.5719557195571956,0.1555780279373687,0.0896551724137931,0.4655696202531645,0.1788155638983528,0.3895446880269814,0.4040506329113924,0.5265456989247311,0.1831375643148455,0.6104553119730185,0.5598118279569892,4553.725,0.3178763440860215
Butler,Texas,2015-03-19,1,103.34021958636058,91.6892026364158,0.2902315076228119,0.5269761606022584,0.5431841831425598,0.4736164736164736,0.0955290977417202,0.0844564240790655,0.4906832298136646,0.1657343144309556,0.3217568947906026,0.4054206662902315,0.468230403800475,0.1671759210480104,0.6782431052093973,0.3331353919239905,4289.525,0.3390736342042755,104.22937901698026,91.86130924259358,0.3396754336877448,0.5338031690098927,0.580952380952381,0.558408215661104,0.057154050908588,0.202020202020202,0.493564633463906,0.1906068037331039,0.3751306165099268,0.3687744823726916,0.4221267454350161,0.1889771038106541,0.6248693834900731,0.3421052631578947,4320.6,0.3088077336197637
Butler,Notre Dame,2015-03-21,0,103.34021958636058,91.6892026364158,0.2902315076228119,0.5269761606022584,0.5431841831425598,0.4736164736164736,0.0955290977417202,0.0844564240790655,0.4906832298136646,0.1657343144309556,0.3217568947906026,0.4054206662902315,0.468230403800475,0.1671759210480104,0.6782431052093973,0.3331353919239905,4289.525,0.3390736342042755,119.06877554647237,99.02725245959827,0.3864004317323259,0.6147352968162216,0.5041362530413626,0.5439153439153439,0.1038188937076433,0.0905011219147344,0.5858067997841339,0.1403945263906167,0.2617521367521367,0.3712898003237992,0.4805947580645161,0.1401998735539115,0.7382478632478633,0.2333669354838709,4504.724999999999,0.3261088709677419
Cincinnati,Purdue,2015-03-19,1,102.67225637200688,89.75936473304328,0.3055028462998102,0.5351062974182997,0.5438692098092643,0.5307262569832403,0.1065543617520581,0.1556350626118068,0.5037950664136622,0.2006121241737609,0.3599537037037037,0.3782416192283365,0.4445768772348033,0.1978866718252508,0.6400462962962963,0.2544696066746126,3914.875,0.33373063170441,104.2324699936829,95.70259821990471,0.3229638009049774,0.5434782608695653,0.5467336683417086,0.6142322097378277,0.0809134226377775,0.1411387329591018,0.5070701357466063,0.1899648046205216,0.3481012658227848,0.4253393665158371,0.4548976203652463,0.1892475051694686,0.6518987341772152,0.3851687880464859,4440.799999999999,0.3099059214167128
Cincinnati,Kentucky,2015-03-21,0,102.67225637200688,89.75936473304328,0.3055028462998102,0.5351062974182997,0.5438692098092643,0.5307262569832403,0.1065543617520581,0.1556350626118068,0.5037950664136622,0.2006121241737609,0.3599537037037037,0.3782416192283365,0.4445768772348033,0.1978866718252508,0.6400462962962963,0.2544696066746126,3914.875,0.33373063170441,113.91513389612568,81.26750739047155,0.2807855626326964,0.5595650024715768,0.5694706994328923,0.5662514156285391,0.0987610580276575,0.1848341232227488,0.5177813163481954,0.1592217811818639,0.3991935483870967,0.4378980891719745,0.3970588235294117,0.1576633930845115,0.6008064516129032,0.3164488017429194,4493.85,0.3104575163398693
Coastal Carolina,Wisconsin,2015-03-20,0,106.51540219018356,93.01156359979888,0.3373166757197175,0.536197890108894,0.5676691729323309,0.4653465346534653,0.1060377530965766,0.1047619047619047,0.4989136338946225,0.1760250306693228,0.3622350674373796,0.4177077675176534,0.4556497175141243,0.1787101787101787,0.6377649325626205,0.3412429378531073,4409.175,0.4067796610169492,118.81091854840668,91.98838092253548,0.369771332961517,0.5830013597003888,0.5521376433785193,0.5023255813953489,0.0742463871177697,0.0916089299461123,0.5457334076965978,0.120074864490411,0.3055555555555556,0.3558282208588957,0.4669678147939017,0.1190834910265527,0.6944444444444444,0.2106154714850367,4131.225,0.2665160926030491
Davidson,Iowa,2015-03-20,0,115.96849140302211,100.18274682535964,0.4562063406770553,0.5844944960298264,0.5072754641244355,0.6088939566704675,0.079658872592662,0.0749789385004212,0.561794734013971,0.1371771012558961,0.2877997914494264,0.291778613648576,0.4898247597512719,0.1372944098214704,0.7122002085505735,0.3595251554550593,4270.025,0.328999434708875,104.965913253069,93.48662621874928,0.3068693693693693,0.5263220256644193,0.532561505065123,0.6068601583113457,0.0996246370310914,0.1320422535211267,0.477759009009009,0.1658848966763945,0.3392330383480826,0.3958333333333333,0.451062639821029,0.1657262919332373,0.6607669616519174,0.2919463087248322,4233.875,0.3646532438478747
Dayton,Providence,2015-03-20,1,103.57251085895147,92.4878791611148,0.3766546329723225,0.5644934362650942,0.4896725440806045,0.6090909090909091,0.1048046669428613,0.0707154742096505,0.529482551143201,0.171049530287215,0.2093517534537725,0.4831528279181709,0.4721137757947574,0.1706434961761972,0.7906482465462275,0.3073061907417735,4460.15,0.3296151701059676,103.04762116545658,96.70959152392568,0.2841530054644808,0.5286393867144276,0.5252976190476191,0.5754950495049505,0.1065103321735044,0.1361626878868258,0.4855191256830601,0.1712271650785532,0.324431256181998,0.4158469945355191,0.4807037457434733,0.1722961255747866,0.675568743818002,0.3853575482406356,4483.0,0.3581157775255391
Dayton,Oklahoma,2015-03-22,0,103.57251085895147,92.4878791611148,0.3766546329723225,0.5644934362650942,0.4896725440806045,0.6090909090909091,0.1048046669428613,0.0707154742096505,0.529482551143201,0.171049530287215,0.2093517534537725,0.4831528279181709,0.4721137757947574,0.1706434961761972,0.7906482465462275,0.3073061907417735,4460.15,0.3296151701059676,102.55267964538692,89.5888638543735,0.3356456776947705,0.5317134013951126,0.5124265702666064,0.4889975550122249,0.0986012894014768,0.1286970423661071,0.4941302027748132,0.171069630685615,0.2914669223394056,0.3265741728922092,0.4372351694915254,0.1713253173310728,0.7085330776605945,0.2891949152542373,4486.049999999999,0.3373940677966102
Duke,Robert Morris,2015-03-20,1,118.45254661842472,95.81898889712964,0.3446808510638298,0.5941146909375175,0.5470167064439141,0.5423728813559322,0.1049403898734737,0.0887616320687186,0.5686170212765957,0.1629835791817422,0.3597194388777555,0.4015957446808511,0.4735888140859658,0.1620598425894151,0.6402805611222445,0.2501294665976178,4504.05,0.276540652511652,101.15830115830111,99.47936835764382,0.306989247311828,0.5400824553366926,0.4760130414531905,0.5,0.1265005808700142,0.0824313072439633,0.5040322580645161,0.1926211926211926,0.2902603664416586,0.3655913978494624,0.4867514573396926,0.1931930639817564,0.7097396335583414,0.379438261791203,4655.1,0.3635400105988341
Duke,San Diego State,2015-03-22,1,118.45254661842472,95.81898889712964,0.3446808510638298,0.5941146909375175,0.5470167064439141,0.5423728813559322,0.1049403898734737,0.0887616320687186,0.5686170212765957,0.1629835791817422,0.3597194388777555,0.4015957446808511,0.4735888140859658,0.1620598425894151,0.6402805611222445,0.2501294665976178,4504.05,0.276540652511652,97.89509243188463,85.3324518322629,0.3080332409972299,0.4966492134220572,0.5247427731504165,0.4761904761904761,0.1114469210426898,0.1445477599323753,0.4681440443213296,0.1765932414644658,0.3336529242569511,0.3617728531855955,0.4257142857142857,0.1789761994710993,0.6663470757430489,0.2605714285714285,4263.775000000001,0.324
Duke,Utah,2015-03-27,1,118.45254661842472,95.81898889712964,0.3446808510638298,0.5941146909375175,0.5470167064439141,0.5423728813559322,0.1049403898734737,0.0887616320687186,0.5686170212765957,0.1629835791817422,0.3597194388777555,0.4015957446808511,0.4735888140859658,0.1620598425894151,0.6402805611222445,0.2501294665976178,4504.05,0.276540652511652,112.49817135612228,88.13534725665428,0.3762315270935961,0.5907205407896758,0.5528846153846154,0.5812182741116751,0.0919084301798261,0.1337209302325581,0.5612684729064039,0.1735992587896815,0.3060498220640569,0.4261083743842364,0.4277215942891136,0.1722073744422004,0.693950177935943,0.338488994646044,4117.975,0.2837596668649613
Duke,Gonzaga,2015-03-29,1,118.45254661842472,95.81898889712964,0.3446808510638298,0.5941146909375175,0.5470167064439141,0.5423728813559322,0.1049403898734737,0.0887616320687186,0.5686170212765957,0.1629835791817422,0.3597194388777555,0.4015957446808511,0.4735888140859658,0.1620598425894151,0.6402805611222445,0.2501294665976178,4504.05,0.276540652511652,119.11219350196492,90.15617347771668,0.3195043103448275,0.6112594444128842,0.5624096385542169,0.5765673175745119,0.0918539478696196,0.0858433734939759,0.5894396551724138,0.1571926717219239,0.3270925110132158,0.390625,0.4342723004694835,0.1545410023398813,0.6729074889867841,0.3208137715179969,4555.5,0.3072509128847157
Duke,Michigan State,2015-04-04,1,118.45254661842472,95.81898889712964,0.3446808510638298,0.5941146909375175,0.5470167064439141,0.5423728813559322,0.1049403898734737,0.0887616320687186,0.5686170212765957,0.1629835791817422,0.3597194388777555,0.4015957446808511,0.4735888140859658,0.1620598425894151,0.6402805611222445,0.2501294665976178,4504.05,0.276540652511652,109.26567564546774,95.02611455142473,0.3467573221757322,0.5550130577949358,0.561999057048562,0.6459489456159823,0.0797760980232276,0.131578947368421,0.5381799163179917,0.1716776573153011,0.335576923076923,0.3190376569037657,0.4568918176825919,0.169248738347621,0.6644230769230769,0.3767160900604063,4505.6,0.3531026908292147
Duke,Wisconsin,2015-04-06,1,118.45254661842472,95.81898889712964,0.3446808510638298,0.5941146909375175,0.5470167064439141,0.5423728813559322,0.1049403898734737,0.0887616320687186,0.5686170212765957,0.1629835791817422,0.3597194388777555,0.4015957446808511,0.4735888140859658,0.1620598425894151,0.6402805611222445,0.2501294665976178,4504.05,0.276540652511652,118.81091854840668,91.98838092253548,0.369771332961517,0.5830013597003888,0.5521376433785193,0.5023255813953489,0.0742463871177697,0.0916089299461123,0.5457334076965978,0.120074864490411,0.3055555555555556,0.3558282208588957,0.4669678147939017,0.1190834910265527,0.6944444444444444,0.2106154714850367,4131.225,0.2665160926030491
Eastern Washington,Georgetown,2015-03-19,0,115.16524073142088,105.47154711259005,0.419989904088844,0.5929860931156603,0.4995335820895522,0.4710830704521556,0.0909818457520744,0.1313694267515923,0.5646138313982837,0.1522395571212883,0.2784090909090909,0.3553760726905603,0.5171530977982591,0.1529000463333474,0.7215909090909091,0.3461341525857654,4758.5,0.3568868407578085,105.699681743659,95.94140106043014,0.3157575757575757,0.549153221765708,0.531332280147446,0.544,0.1148998815094971,0.1450381679389313,0.5093939393939394,0.1861317388369177,0.3318965517241379,0.4412121212121212,0.4656133828996282,0.1847973094277746,0.6681034482758621,0.4392812887236679,4162.575000000001,0.3506815365551425
Georgetown,Utah,2015-03-21,0,105.699681743659,95.94140106043014,0.3157575757575757,0.549153221765708,0.531332280147446,0.544,0.1148998815094971,0.1450381679389313,0.5093939393939394,0.1861317388369177,0.3318965517241379,0.4412121212121212,0.4656133828996282,0.1847973094277746,0.6681034482758621,0.4392812887236679,4162.575000000001,0.3506815365551425,112.49817135612228,88.13534725665428,0.3762315270935961,0.5907205407896758,0.5528846153846154,0.5812182741116751,0.0919084301798261,0.1337209302325581,0.5612684729064039,0.1735992587896815,0.3060498220640569,0.4261083743842364,0.4277215942891136,0.1722073744422004,0.693950177935943,0.338488994646044,4117.975,0.2837596668649613
Georgia,Michigan State,2015-03-20,0,101.62639405204462,94.075617743376,0.3132098027495517,0.5326351680467608,0.5367258761401824,0.5535714285714286,0.0819841069915496,0.1263782866836302,0.4889420203227734,0.1858736059479553,0.3065173116089613,0.4781829049611476,0.4421917808219178,0.1832047083610048,0.6934826883910387,0.343013698630137,4335.35,0.353972602739726,109.26567564546774,95.02611455142473,0.3467573221757322,0.5550130577949358,0.561999057048562,0.6459489456159823,0.0797760980232276,0.131578947368421,0.5381799163179917,0.1716776573153011,0.335576923076923,0.3190376569037657,0.4568918176825919,0.169248738347621,0.6644230769230769,0.3767160900604063,4505.6,0.3531026908292147
Georgia State,Xavier,2015-03-21,0,108.78651505261834,92.21060669009734,0.2767154105736782,0.5635507254974076,0.4989939637826961,0.5269320843091335,0.1347451632100789,0.1370808678500986,0.5261529808773904,0.1575686786446345,0.2891046386192017,0.389763779527559,0.4491137793024585,0.1545077871475571,0.7108953613807982,0.3905088622069754,4409.6,0.4202401372212693,107.4924516746,98.7346934395089,0.327807486631016,0.566176553816202,0.5311744804253262,0.6293785310734463,0.088861224095558,0.0829769033361847,0.5304812834224599,0.1749277402301567,0.2922143579373104,0.381283422459893,0.5021482277121375,0.1747174792603483,0.7077856420626896,0.3442534908700322,4656.150000000001,0.3721804511278195
Gonzaga,North Dakota State,2015-03-20,1,119.11219350196492,90.15617347771668,0.3195043103448275,0.6112594444128842,0.5624096385542169,0.5765673175745119,0.0918539478696196,0.0858433734939759,0.5894396551724138,0.1571926717219239,0.3270925110132158,0.390625,0.4342723004694835,0.1545410023398813,0.6729074889867841,0.3208137715179969,4555.5,0.3072509128847157,102.28088858069788,96.56676016314933,0.349005424954792,0.5308619758862696,0.5171339563862928,0.4341736694677871,0.0749604987567825,0.1079136690647482,0.4966847498493068,0.1530498526461774,0.2422680412371134,0.3628691983122363,0.4796163069544364,0.1513908112146785,0.7577319587628866,0.2979616306954436,4060.025,0.3333333333333333
Gonzaga,Iowa,2015-03-22,1,119.11219350196492,90.15617347771668,0.3195043103448275,0.6112594444128842,0.5624096385542169,0.5765673175745119,0.0918539478696196,0.0858433734939759,0.5894396551724138,0.1571926717219239,0.3270925110132158,0.390625,0.4342723004694835,0.1545410023398813,0.6729074889867841,0.3208137715179969,4555.5,0.3072509128847157,104.965913253069,93.48662621874928,0.3068693693693693,0.5263220256644193,0.532561505065123,0.6068601583113457,0.0996246370310914,0.1320422535211267,0.477759009009009,0.1658848966763945,0.3392330383480826,0.3958333333333333,0.451062639821029,0.1657262919332373,0.6607669616519174,0.2919463087248322,4233.875,0.3646532438478747
Gonzaga,UCLA,2015-03-27,1,119.11219350196492,90.15617347771668,0.3195043103448275,0.6112594444128842,0.5624096385542169,0.5765673175745119,0.0918539478696196,0.0858433734939759,0.5894396551724138,0.1571926717219239,0.3270925110132158,0.390625,0.4342723004694835,0.1545410023398813,0.6729074889867841,0.3208137715179969,4555.5,0.3072509128847157,103.19218241042346,98.4120373921906,0.2926829268292683,0.5257800398318212,0.5268471776044057,0.5406360424028268,0.0990695788446996,0.1081794195250659,0.4937727036844836,0.1680781758957654,0.3144424131627056,0.3632589517384536,0.4868703108252947,0.1696456947473397,0.6855575868372943,0.327438370846731,4583.725,0.3906752411575562
Hampton,Kentucky,2015-03-19,0,94.70245233861294,94.9091208158566,0.3273684210526316,0.4984545731574594,0.5134657836644592,0.4749679075738126,0.0929352742824245,0.1068111455108359,0.46,0.1951945742525122,0.3054830287206266,0.44,0.463768115942029,0.1940949091208159,0.6945169712793734,0.4551798174986581,4849.9,0.3064949006977992,113.91513389612568,81.26750739047155,0.2807855626326964,0.5595650024715768,0.5694706994328923,0.5662514156285391,0.0987610580276575,0.1848341232227488,0.5177813163481954,0.1592217811818639,0.3991935483870967,0.4378980891719745,0.3970588235294117,0.1576633930845115,0.6008064516129032,0.3164488017429194,4493.85,0.3104575163398693
Harvard,North Carolina,2015-03-19,0,101.20868513004582,89.783114284169,0.2672471533824514,0.5248833044238552,0.5431738623103851,0.5769230769230769,0.1103358753853643,0.1350253807106599,0.4825853985264568,0.1810988293836929,0.3174791914387633,0.3945077026121902,0.4534013605442177,0.1801070907025799,0.6825208085612366,0.3292517006802721,3687.6749999999993,0.3299319727891156,108.37125201184256,95.75329726919118,0.2257462686567164,0.5457602017331439,0.5631737818025011,0.6094210009813543,0.093193476456648,0.1191028615622583,0.5142257462686567,0.1712798299123731,0.3845437616387337,0.3479477611940298,0.4530642023346303,0.1723879328447009,0.6154562383612663,0.3759727626459144,5016.524999999999,0.3711089494163424
Indiana,Wichita State,2015-03-20,0,112.95541640437776,104.19636837859044,0.3958549222797927,0.5733890950677775,0.5243139142994704,0.5150166852057843,0.0738260225677751,0.0787106446776611,0.5455958549222798,0.1625639156699687,0.3290640394088669,0.3269430051813471,0.5049350649350649,0.1626824928439596,0.670935960591133,0.3205194805194805,4525.799999999999,0.307012987012987,110.2245497887898,87.56618944891156,0.35250569476082,0.5417546926980888,0.5541125541125541,0.5676020408163265,0.1103157481859188,0.1127541589648798,0.510250569476082,0.1422889750747264,0.3410770855332629,0.3633257403189066,0.4497098646034816,0.1412041576779761,0.6589229144667371,0.3713733075435203,4063.65,0.3023855577047066
Iowa State,UAB,2015-03-19,0,110.64758359540464,97.2021430393741,0.3684486373165618,0.5753955009678926,0.511204481792717,0.5829694323144105,0.088868101028999,0.094296577946768,0.5474318658280922,0.1557452452773677,0.2704837117472853,0.3742138364779874,0.4793737574552684,0.1547750659069649,0.7295162882527148,0.2425447316103379,4688.950000000001,0.3464214711729622,99.84432644531172,97.04049680010966,0.2952281069743052,0.5233272975208458,0.5134029986369832,0.5975609756097561,0.0948896644068869,0.1328301886792453,0.4790246460409019,0.1932058089693558,0.322429906542056,0.3639223911903513,0.4729591836734694,0.1910445243391989,0.677570093457944,0.3331632653061224,4715.824999999999,0.3239795918367347
Kansas,New Mexico State,2015-03-20,1,104.04400704800378,94.68653117464694,0.2825040128410915,0.5377848860455817,0.5265017667844523,0.5486618004866181,0.0955907681708577,0.1270430906389301,0.492776886035313,0.1839357084533069,0.3317624882186616,0.4301765650080257,0.4438543247344461,0.1842921116086807,0.6682375117813384,0.3358624178047547,4649.299999999999,0.3191704602933738,106.27167460177512,91.55629332616344,0.2570921985815603,0.5510515086863761,0.5664769787894465,0.5050761421319797,0.0977286277077025,0.0919452887537994,0.5130023640661938,0.2144242637982719,0.4033970276008493,0.4462174940898345,0.4564965197215777,0.2132260968168055,0.5966029723991507,0.3230858468677494,4265.200000000001,0.2366589327146171
Kansas,Wichita State,2015-03-22,0,104.04400704800378,94.68653117464694,0.2825040128410915,0.5377848860455817,0.5265017667844523,0.5486618004866181,0.0955907681708577,0.1270430906389301,0.492776886035313,0.1839357084533069,0.3317624882186616,0.4301765650080257,0.4438543247344461,0.1842921116086807,0.6682375117813384,0.3358624178047547,4649.299999999999,0.3191704602933738,110.2245497887898,87.56618944891156,0.35250569476082,0.5417546926980888,0.5541125541125541,0.5676020408163265,0.1103157481859188,0.1127541589648798,0.510250569476082,0.1422889750747264,0.3410770855332629,0.3633257403189066,0.4497098646034816,0.1412041576779761,0.6589229144667371,0.3713733075435203,4063.65,0.3023855577047066
Kentucky,West Virginia,2015-03-26,1,113.91513389612568,81.26750739047155,0.2807855626326964,0.5595650024715768,0.5694706994328923,0.5662514156285391,0.0987610580276575,0.1848341232227488,0.5177813163481954,0.1592217811818639,0.3991935483870967,0.4378980891719745,0.3970588235294117,0.1576633930845115,0.6008064516129032,0.3164488017429194,4493.85,0.3104575163398693,102.68874373385997,95.0804005022948,0.3387341772151899,0.5025381788832013,0.519960571710202,0.5719557195571956,0.1555780279373687,0.0896551724137931,0.4655696202531645,0.1788155638983528,0.3895446880269814,0.4040506329113924,0.5265456989247311,0.1831375643148455,0.6104553119730185,0.5598118279569892,4553.725,0.3178763440860215
Kentucky,Notre Dame,2015-03-28,1,113.91513389612568,81.26750739047155,0.2807855626326964,0.5595650024715768,0.5694706994328923,0.5662514156285391,0.0987610580276575,0.1848341232227488,0.5177813163481954,0.1592217811818639,0.3991935483870967,0.4378980891719745,0.3970588235294117,0.1576633930845115,0.6008064516129032,0.3164488017429194,4493.85,0.3104575163398693,119.06877554647237,99.02725245959827,0.3864004317323259,0.6147352968162216,0.5041362530413626,0.5439153439153439,0.1038188937076433,0.0905011219147344,0.5858067997841339,0.1403945263906167,0.2617521367521367,0.3712898003237992,0.4805947580645161,0.1401998735539115,0.7382478632478633,0.2333669354838709,4504.724999999999,0.3261088709677419
Kentucky,Wisconsin,2015-04-04,0,113.91513389612568,81.26750739047155,0.2807855626326964,0.5595650024715768,0.5694706994328923,0.5662514156285391,0.0987610580276575,0.1848341232227488,0.5177813163481954,0.1592217811818639,0.3991935483870967,0.4378980891719745,0.3970588235294117,0.1576633930845115,0.6008064516129032,0.3164488017429194,4493.85,0.3104575163398693,118.81091854840668,91.98838092253548,0.369771332961517,0.5830013597003888,0.5521376433785193,0.5023255813953489,0.0742463871177697,0.0916089299461123,0.5457334076965978,0.120074864490411,0.3055555555555556,0.3558282208588957,0.4669678147939017,0.1190834910265527,0.6944444444444444,0.2106154714850367,4131.225,0.2665160926030491
Lafayette,Villanova,2015-03-19,0,112.9158838497943,109.0729272140721,0.356651376146789,0.5930700242324315,0.4846398305084746,0.5863689776733255,0.0843007511714978,0.0703259005145797,0.5616399082568807,0.1631429998335275,0.2716049382716049,0.3107798165137614,0.5265557939914163,0.1615371935856076,0.7283950617283951,0.2714592274678111,4225.8,0.3744635193133047,114.730705839408,89.4777224245437,0.4293507910529187,0.5887628713826732,0.5322740814299901,0.6283391405342624,0.1145487750845607,0.1093375897845171,0.5531914893617021,0.1614990652965056,0.3158436213991769,0.4238952536824877,0.4552801724137931,0.1577747279466591,0.684156378600823,0.3033405172413793,4573.5,0.3248922413793103
Louisiana State,NC State,2015-03-19,0,100.93745986901249,93.14120541998432,0.2854889589905363,0.5349122090649244,0.5136343316942333,0.5783410138248848,0.1010068448255483,0.1403260099220411,0.5047318611987381,0.1977655066135868,0.3163950143815915,0.334384858044164,0.446122860020141,0.1985751587634183,0.6836049856184084,0.3006042296072507,4662.674999999999,0.2895266868076536,105.902599696835,98.22565969062782,0.3232,0.5285491632632165,0.5260465116279069,0.4670731707317073,0.059599636032757,0.1357641582622187,0.4957333333333333,0.1559134270181557,0.3279620853080568,0.3621333333333333,0.4552477357485349,0.1555959963603275,0.6720379146919432,0.3409696323921151,4391.525000000001,0.3132658497602557
Louisville,UC Irvine,2015-03-20,1,102.93827189181022,88.01413770400916,0.3256704980842911,0.511836951623898,0.5246636771300448,0.4776500638569604,0.1228963812559918,0.1475272422464375,0.4781061850027367,0.1738099940746592,0.3415929203539823,0.3880678708264915,0.4344827586206896,0.172794160111808,0.6584070796460177,0.346551724137931,4316.200000000001,0.314367816091954,103.99136500272748,94.75091018019263,0.3023902167871039,0.545005535212467,0.5060182956186808,0.5662650602409639,0.087100788054749,0.1280864197530864,0.5202890494719289,0.1745569341117211,0.2841025641025641,0.2996108949416342,0.4418540866703236,0.1732798746486013,0.7158974358974359,0.3532638507953922,4323.924999999999,0.2890839275918815
Louisville,Northern Iowa,2015-03-22,1,102.93827189181022,88.01413770400916,0.3256704980842911,0.511836951623898,0.5246636771300448,0.4776500638569604,0.1228963812559918,0.1475272422464375,0.4781061850027367,0.1738099940746592,0.3415929203539823,0.3880678708264915,0.4344827586206896,0.172794160111808,0.6584070796460177,0.346551724137931,4316.200000000001,0.314367816091954,110.54877189385886,91.1008871152233,0.3994743758212877,0.5948129662056889,0.5215204024594746,0.5360544217687074,0.0996415952822754,0.0808678500986193,0.5624178712220762,0.1732289517854626,0.2450980392156862,0.4027595269382391,0.4514652014652014,0.1718309143133118,0.7549019607843137,0.2673992673992674,3918.225,0.3809523809523809
Louisville,NC State,2015-03-27,1,102.93827189181022,88.01413770400916,0.3256704980842911,0.511836951623898,0.5246636771300448,0.4776500638569604,0.1228963812559918,0.1475272422464375,0.4781061850027367,0.1738099940746592,0.3415929203539823,0.3880678708264915,0.4344827586206896,0.172794160111808,0.6584070796460177,0.346551724137931,4316.200000000001,0.314367816091954,105.902599696835,98.22565969062782,0.3232,0.5285491632632165,0.5260465116279069,0.4670731707317073,0.059599636032757,0.1357641582622187,0.4957333333333333,0.1559134270181557,0.3279620853080568,0.3621333333333333,0.4552477357485349,0.1555959963603275,0.6720379146919432,0.3409696323921151,4391.525000000001,0.3132658497602557
Louisville,Michigan State,2015-03-29,0,102.93827189181022,88.01413770400916,0.3256704980842911,0.511836951623898,0.5246636771300448,0.4776500638569604,0.1228963812559918,0.1475272422464375,0.4781061850027367,0.1738099940746592,0.3415929203539823,0.3880678708264915,0.4344827586206896,0.172794160111808,0.6584070796460177,0.346551724137931,4316.200000000001,0.314367816091954,109.26567564546774,95.02611455142473,0.3467573221757322,0.5550130577949358,0.561999057048562,0.6459489456159823,0.0797760980232276,0.131578947368421,0.5381799163179917,0.1716776573153011,0.335576923076923,0.3190376569037657,0.4568918176825919,0.169248738347621,0.6644230769230769,0.3767160900604063,4505.6,0.3531026908292147
Maryland,Valparaiso,2015-03-20,1,104.91038237615382,94.51243674074746,0.3821618428824572,0.5590842039816157,0.5137880986937591,0.48582995951417,0.0724580252923794,0.1161236424394319,0.5088600118133491,0.1793496288331979,0.2719576719576719,0.444772593030124,0.4541884816753926,0.1775221619663297,0.728042328042328,0.2790575916230366,4393.85,0.3732984293193717,106.09932997167924,89.95688416211554,0.3331460674157303,0.5505244797017992,0.5592203898050975,0.5275397796817626,0.0910606496119574,0.1424657534246575,0.5219101123595505,0.1860422279017292,0.3403141361256545,0.3696629213483146,0.4423950056753689,0.1858005173900546,0.6596858638743456,0.3206583427922815,4345.924999999999,0.3785471055618615
Maryland,West Virginia,2015-03-22,0,104.91038237615382,94.51243674074746,0.3821618428824572,0.5590842039816157,0.5137880986937591,0.48582995951417,0.0724580252923794,0.1161236424394319,0.5088600118133491,0.1793496288331979,0.2719576719576719,0.444772593030124,0.4541884816753926,0.1775221619663297,0.728042328042328,0.2790575916230366,4393.85,0.3732984293193717,102.68874373385997,95.0804005022948,0.3387341772151899,0.5025381788832013,0.519960571710202,0.5719557195571956,0.1555780279373687,0.0896551724137931,0.4655696202531645,0.1788155638983528,0.3895446880269814,0.4040506329113924,0.5265456989247311,0.1831375643148455,0.6104553119730185,0.5598118279569892,4553.725,0.3178763440860215
Michigan State,Virginia,2015-03-22,1,109.26567564546774,95.02611455142473,0.3467573221757322,0.5550130577949358,0.561999057048562,0.6459489456159823,0.0797760980232276,0.131578947368421,0.5381799163179917,0.1716776573153011,0.335576923076923,0.3190376569037657,0.4568918176825919,0.169248738347621,0.6644230769230769,0.3767160900604063,4505.6,0.3531026908292147,109.22339605886889,84.30560782837787,0.2731143552311436,0.5469741161698732,0.5668449197860963,0.5427069645203679,0.0929230529635445,0.1348425196850393,0.5121654501216545,0.155660315760607,0.3310886644219977,0.3424574209245742,0.4165625,0.1546987138722697,0.6689113355780022,0.279375,3840.75,0.365
Michigan State,Oklahoma,2015-03-27,1,109.26567564546774,95.02611455142473,0.3467573221757322,0.5550130577949358,0.561999057048562,0.6459489456159823,0.0797760980232276,0.131578947368421,0.5381799163179917,0.1716776573153011,0.335576923076923,0.3190376569037657,0.4568918176825919,0.169248738347621,0.6644230769230769,0.3767160900604063,4505.6,0.3531026908292147,102.55267964538692,89.5888638543735,0.3356456776947705,0.5317134013951126,0.5124265702666064,0.4889975550122249,0.0986012894014768,0.1286970423661071,0.4941302027748132,0.171069630685615,0.2914669223394056,0.3265741728922092,0.4372351694915254,0.1713253173310728,0.7085330776605945,0.2891949152542373,4486.049999999999,0.3373940677966102
Mississippi,Xavier,2015-03-19,0,105.2196427405844,98.55021681047695,0.3290155440414508,0.5323528764227999,0.5219831618334893,0.5266990291262136,0.0954842100652621,0.113035551504102,0.4823834196891192,0.1588303126563825,0.3246878001921229,0.372020725388601,0.4734827774740295,0.1598703517147737,0.675312199807877,0.4133406232914161,4581.150000000001,0.4002186987424822,107.4924516746,98.7346934395089,0.327807486631016,0.566176553816202,0.5311744804253262,0.6293785310734463,0.088861224095558,0.0829769033361847,0.5304812834224599,0.1749277402301567,0.2922143579373104,0.381283422459893,0.5021482277121375,0.1747174792603483,0.7077856420626896,0.3442534908700322,4656.150000000001,0.3721804511278195
NC State,Villanova,2015-03-21,1,105.902599696835,98.22565969062782,0.3232,0.5285491632632165,0.5260465116279069,0.4670731707317073,0.059599636032757,0.1357641582622187,0.4957333333333333,0.1559134270181557,0.3279620853080568,0.3621333333333333,0.4552477357485349,0.1555959963603275,0.6720379146919432,0.3409696323921151,4391.525000000001,0.3132658497602557,114.730705839408,89.4777224245437,0.4293507910529187,0.5887628713826732,0.5322740814299901,0.6283391405342624,0.1145487750845607,0.1093375897845171,0.5531914893617021,0.1614990652965056,0.3158436213991769,0.4238952536824877,0.4552801724137931,0.1577747279466591,0.684156378600823,0.3033405172413793,4573.5,0.3248922413793103
North Carolina,Wisconsin,2015-03-26,0,108.37125201184256,95.75329726919118,0.2257462686567164,0.5457602017331439,0.5631737818025011,0.6094210009813543,0.093193476456648,0.1191028615622583,0.5142257462686567,0.1712798299123731,0.3845437616387337,0.3479477611940298,0.4530642023346303,0.1723879328447009,0.6154562383612663,0.3759727626459144,5016.524999999999,0.3711089494163424,118.81091854840668,91.98838092253548,0.369771332961517,0.5830013597003888,0.5521376433785193,0.5023255813953489,0.0742463871177697,0.0916089299461123,0.5457334076965978,0.120074864490411,0.3055555555555556,0.3558282208588957,0.4669678147939017,0.1190834910265527,0.6944444444444444,0.2106154714850367,4131.225,0.2665160926030491
Northeastern,Notre Dame,2015-03-19,0,105.28573202252902,99.44875689053887,0.3083832335329341,0.5818581034719363,0.5411887382690302,0.5980271270036991,0.0814489818877264,0.0955555555555555,0.5455089820359281,0.2049730803526079,0.2742663656884876,0.4209580838323353,0.4952755905511811,0.2042974462819215,0.7257336343115124,0.2467191601049868,4437.174999999999,0.2913385826771653,119.06877554647237,99.02725245959827,0.3864004317323259,0.6147352968162216,0.5041362530413626,0.5439153439153439,0.1038188937076433,0.0905011219147344,0.5858067997841339,0.1403945263906167,0.2617521367521367,0.3712898003237992,0.4805947580645161,0.1401998735539115,0.7382478632478633,0.2333669354838709,4504.724999999999,0.3261088709677419
Northern Iowa,Wyoming,2015-03-20,1,110.54877189385886,91.1008871152233,0.3994743758212877,0.5948129662056889,0.5215204024594746,0.5360544217687074,0.0996415952822754,0.0808678500986193,0.5624178712220762,0.1732289517854626,0.2450980392156862,0.4027595269382391,0.4514652014652014,0.1718309143133118,0.7549019607843137,0.2673992673992674,3918.225,0.3809523809523809,101.70847934425431,91.93680854147544,0.3941513032422123,0.5601634811876427,0.5002733734281027,0.6707988980716253,0.0913087588772404,0.0889487870619946,0.5251112523839797,0.1775169453504868,0.2034682080924855,0.3998728544183089,0.4620289855072463,0.1768201362384656,0.7965317919075144,0.2573913043478261,4131.675,0.3547826086956521
Notre Dame,Wichita State,2015-03-26,1,119.06877554647237,99.02725245959827,0.3864004317323259,0.6147352968162216,0.5041362530413626,0.5439153439153439,0.1038188937076433,0.0905011219147344,0.5858067997841339,0.1403945263906167,0.2617521367521367,0.3712898003237992,0.4805947580645161,0.1401998735539115,0.7382478632478633,0.2333669354838709,4504.724999999999,0.3261088709677419,110.2245497887898,87.56618944891156,0.35250569476082,0.5417546926980888,0.5541125541125541,0.5676020408163265,0.1103157481859188,0.1127541589648798,0.510250569476082,0.1422889750747264,0.3410770855332629,0.3633257403189066,0.4497098646034816,0.1412041576779761,0.6589229144667371,0.3713733075435203,4063.65,0.3023855577047066
Ohio State,Virginia Commonwealth,2015-03-19,1,111.61670235546038,92.43754068553729,0.3207847295864263,0.5692573716781945,0.5259615384615385,0.5556768558951966,0.1153785719095826,0.1474978050921861,0.5453340402969247,0.1650606709493219,0.3253493013972056,0.3478260869565217,0.4656301145662848,0.1661092280410334,0.6746506986027944,0.2738679759956355,4469.050000000001,0.3786142935079105,104.07991630940904,95.08013185992992,0.3988439306358382,0.5186972255729795,0.4937093275488069,0.5068807339449541,0.1401530072771754,0.1273187183811129,0.4881984585741811,0.1493302701483046,0.2997582594681708,0.3747591522157996,0.4934604904632153,0.1509340078369581,0.7002417405318292,0.3782016348773842,4849.199999999999,0.3536784741144414
Oklahoma State,Oregon,2015-03-20,0,101.9939399863161,93.6715918594926,0.3845675171126322,0.5471371644295302,0.4855945521215296,0.5028328611898017,0.118786438952255,0.1416893732970027,0.5065339141257,0.1827778320789756,0.2565502183406113,0.3932794026135656,0.4530864197530864,0.1813311353801771,0.7434497816593887,0.4191358024691358,4108.725,0.3203703703703703,107.0728962614096,99.5828286906204,0.3387493845396356,0.555988399774921,0.513648771610555,0.5165421558164355,0.0807428340734759,0.1070648215586307,0.5224027572624323,0.1646313508106531,0.2925430210325048,0.2895125553914328,0.474320987654321,0.163555997225759,0.7074569789674953,0.3441975308641975,4814.375,0.3219753086419753
Oregon,Wisconsin,2015-03-22,0,107.0728962614096,99.5828286906204,0.3387493845396356,0.555988399774921,0.513648771610555,0.5165421558164355,0.0807428340734759,0.1070648215586307,0.5224027572624323,0.1646313508106531,0.2925430210325048,0.2895125553914328,0.474320987654321,0.163555997225759,0.7074569789674953,0.3441975308641975,4814.375,0.3219753086419753,118.81091854840668,91.98838092253548,0.369771332961517,0.5830013597003888,0.5521376433785193,0.5023255813953489,0.0742463871177697,0.0916089299461123,0.5457334076965978,0.120074864490411,0.3055555555555556,0.3558282208588957,0.4669678147939017,0.1190834910265527,0.6944444444444444,0.2106154714850367,4131.225,0.2665160926030491
San Diego State,St. John's (NY),2015-03-20,1,97.89509243188463,85.3324518322629,0.3080332409972299,0.4966492134220572,0.5247427731504165,0.4761904761904761,0.1114469210426898,0.1445477599323753,0.4681440443213296,0.1765932414644658,0.3336529242569511,0.3617728531855955,0.4257142857142857,0.1789761994710993,0.6663470757430489,0.2605714285714285,4263.775000000001,0.324,103.0708697028628,96.26227466331557,0.3014746040415074,0.5294828307234795,0.4758364312267658,0.4975247524752475,0.1063155436438651,0.1704918032786885,0.4945385035499727,0.1524128261951065,0.2647619047619047,0.369197160021846,0.4635883905013193,0.1499093648869563,0.7352380952380952,0.3266490765171504,4459.125000000001,0.3562005277044855
Southern Methodist,UCLA,2015-03-19,0,107.9006240433298,92.05059982262054,0.2265486725663716,0.5584399756246191,0.5579890492782479,0.6305418719211823,0.1054940951314008,0.1471502590673575,0.51976401179941,0.1907453196750265,0.3565310492505353,0.4424778761061947,0.4524886877828054,0.1890491527797227,0.6434689507494646,0.3099547511312217,4265.55,0.4541855203619909,103.19218241042346,98.4120373921906,0.2926829268292683,0.5257800398318212,0.5268471776044057,0.5406360424028268,0.0990695788446996,0.1081794195250659,0.4937727036844836,0.1680781758957654,0.3144424131627056,0.3632589517384536,0.4868703108252947,0.1696456947473397,0.6855575868372943,0.327438370846731,4583.725,0.3906752411575562
Stephen F. Austin,Utah,2015-03-19,0,114.0818413209476,92.57167680278016,0.3661352391423859,0.597988459871827,0.5518324607329843,0.656599552572707,0.1094700260642919,0.1011904761904761,0.5621220450797141,0.1975330128135401,0.3694267515923566,0.4321055525013744,0.4837123540258143,0.1972198088618592,0.6305732484076433,0.4917025199754148,4600.35,0.2771972956361401,112.49817135612228,88.13534725665428,0.3762315270935961,0.5907205407896758,0.5528846153846154,0.5812182741116751,0.0919084301798261,0.1337209302325581,0.5612684729064039,0.1735992587896815,0.3060498220640569,0.4261083743842364,0.4277215942891136,0.1722073744422004,0.693950177935943,0.338488994646044,4117.975,0.2837596668649613
UAB,UCLA,2015-03-21,0,99.84432644531172,97.04049680010966,0.2952281069743052,0.5233272975208458,0.5134029986369832,0.5975609756097561,0.0948896644068869,0.1328301886792453,0.4790246460409019,0.1932058089693558,0.322429906542056,0.3639223911903513,0.4729591836734694,0.1910445243391989,0.677570093457944,0.3331632653061224,4715.824999999999,0.3239795918367347,103.19218241042346,98.4120373921906,0.2926829268292683,0.5257800398318212,0.5268471776044057,0.5406360424028268,0.0990695788446996,0.1081794195250659,0.4937727036844836,0.1680781758957654,0.3144424131627056,0.3632589517384536,0.4868703108252947,0.1696456947473397,0.6855575868372943,0.327438370846731,4583.725,0.3906752411575562
Arizona,Wichita State,2016-03-17,0,111.07427055702917,95.08001628511482,0.2924037460978148,0.5763936682725396,0.5654401490451794,0.5161987041036717,0.0676458613886192,0.1143270622286541,0.5377211238293444,0.171170424403183,0.3269617706237424,0.441207075962539,0.4628984063745019,0.1724551898364182,0.6730382293762576,0.2923306772908366,4807.624999999999,0.3117529880478087,107.23848675073604,86.40344548169033,0.3826771653543307,0.5352409471524427,0.5462598425196851,0.5735115431348724,0.1047852679017416,0.1173020527859237,0.4952755905511811,0.1386589633909227,0.305019305019305,0.3858267716535433,0.4403953057442866,0.1385296762090821,0.694980694980695,0.4515132798023471,4502.35,0.3681284743668931
Austin Peay,Kansas,2016-03-17,0,105.05225965002316,105.22151898734178,0.3169014084507042,0.5509259738512023,0.5155172413793103,0.5141304347826087,0.0957278481012658,0.0798418972332015,0.5178571428571429,0.1906811026342021,0.313573883161512,0.4522132796780684,0.5284825275251317,0.1910601265822784,0.686426116838488,0.3063666826232647,5061.025000000001,0.3944471038774533,113.78977820636452,94.80194708297743,0.3363728470111449,0.593548663284745,0.5386343216531896,0.555327868852459,0.0955017443475934,0.1049848942598187,0.5661094224924013,0.1711155337614641,0.3095004897159647,0.3860182370820669,0.4512690355329949,0.1716561525558037,0.6904995102840352,0.3700507614213198,4866.225,0.3279187817258883
Baylor,Yale,2016-03-17,0,111.36992443380026,99.46072888579631,0.2873385012919897,0.55709331203571,0.567700640078779,0.6500553709856035,0.1130729755588414,0.1134812286689419,0.5193798449612403,0.1810964207211049,0.3990338164251207,0.3808785529715762,0.507803790412486,0.1800469687744629,0.6009661835748792,0.3701226309921962,4585.475,0.346711259754738,109.17625092384893,91.92294694153428,0.3065231158961368,0.5565617439815977,0.5918135304150085,0.571236559139785,0.0847479657888579,0.1266073194856577,0.5284990500316656,0.188789336514399,0.382903981264637,0.4160861304623179,0.4609375,0.1892531260561,0.617096018735363,0.3294270833333333,3851.425,0.341796875
Buffalo,Miami (FL),2016-03-17,0,104.04932182490752,100.50745446677944,0.3681885125184094,0.5407289690880197,0.524321997417133,0.4854260089686099,0.0928366311317414,0.0943251533742331,0.5,0.1818988902589395,0.3127677806341045,0.4148257241040746,0.4929060665362035,0.1813461311514102,0.6872322193658955,0.3698630136986301,5076.475,0.3620352250489236,112.48227939296753,98.51286127334092,0.3411161731207289,0.5790997630955516,0.524514811031665,0.4898446833930704,0.0893895934846966,0.0898528272656855,0.539009111617312,0.1538497292523647,0.2908108108108108,0.3997722095671981,0.4796084828711256,0.1525152342445082,0.7091891891891892,0.2876563349646547,4321.725,0.2979880369766177
Butler,Texas Tech,2016-03-17,1,111.71860150493632,98.44039358307862,0.3052575107296137,0.5636345175374271,0.5283706402915148,0.5126728110599078,0.0937102568107276,0.0930232558139534,0.5246781115879828,0.1399836760250002,0.3039419087136929,0.3975321888412017,0.4935138183869148,0.1396729065797987,0.696058091286307,0.3620981387478849,4476.925,0.3694303440496334,105.5652255727525,101.41108964225072,0.3035294117647059,0.547931825951067,0.5093264248704663,0.531578947368421,0.0852508929094209,0.1178603807796917,0.4994117647058823,0.1655925107023568,0.2962162162162162,0.4305882352941176,0.4932470455824423,0.1648808478248141,0.7037837837837838,0.3292065278559369,4260.575000000001,0.3792909397861564
Butler,Virginia,2016-03-19,0,111.71860150493632,98.44039358307862,0.3052575107296137,0.5636345175374271,0.5283706402915148,0.5126728110599078,0.0937102568107276,0.0930232558139534,0.5246781115879828,0.1399836760250002,0.3039419087136929,0.3975321888412017,0.4935138183869148,0.1396729065797987,0.696058091286307,0.3620981387478849,4476.925,0.3694303440496334,113.02707636142377,96.1308434029049,0.2809633027522936,0.5769302441145413,0.5294117647058824,0.5571260306242638,0.0883681191260832,0.0948191593352883,0.5435779816513762,0.1470033465165804,0.2931228861330326,0.3239678899082568,0.4865030674846626,0.1474429390943488,0.7068771138669673,0.3374233128834356,4102.625000000001,0.3723926380368098
Cal State Bakersfield,Oklahoma,2016-03-18,0,104.41426146010188,89.86866374808332,0.2690058479532163,0.526541095890411,0.5395547134059687,0.5901060070671378,0.1142247605502344,0.1442564559216384,0.4976076555023923,0.168438924135466,0.3403041825095057,0.378522062732589,0.4458430913348946,0.167559279095091,0.6596958174904943,0.4227166276346604,4488.15,0.3425058548009367,110.0831078262544,95.64322615549447,0.4066390041493776,0.5755315222618635,0.5247614720581554,0.5260180995475113,0.093776188910223,0.1270928462709284,0.5451244813278008,0.1728471650283978,0.2943469785575048,0.3355809128630705,0.4644092931290163,0.1714279652476476,0.7056530214424951,0.273356401384083,4694.0,0.3504695996045477
California,Hawaii,2016-03-18,0,106.78440663364206,95.01718213058422,0.3370666666666667,0.5519928746381653,0.5524734165510865,0.4890426758938869,0.0584192439862543,0.1109550561797752,0.5245333333333333,0.1688563428817575,0.3073929961089494,0.416,0.439855446566856,0.1683848797250859,0.6926070038910506,0.371708828084667,4649.499999999999,0.2648425400103252,106.8565956943204,91.12612275048444,0.3859649122807017,0.5593161160980774,0.5373786407766991,0.597864768683274,0.1079125137834684,0.102127659574468,0.5252192982456141,0.1730018182405026,0.301314459049545,0.456688596491228,0.4532115171650055,0.1721461529402948,0.698685540950455,0.3826135105204872,4658.900000000001,0.349390919158361
Chattanooga,Indiana,2016-03-17,0,108.5165268818336,95.81826258011291,0.3739495798319328,0.5651835531147577,0.5310868533459896,0.569620253164557,0.1121052520252977,0.1340460526315789,0.524422268907563,0.1755290601618487,0.3129251700680272,0.4164915966386555,0.4929319371727749,0.1764071324322609,0.6870748299319728,0.2963350785340314,4739.525,0.3633507853403141,117.38873594221964,98.35517145246726,0.4087982832618025,0.6097801039845298,0.5632879475542107,0.5471092077087795,0.0990242542514636,0.0995297805642633,0.5858369098712446,0.1885888161927797,0.365301724137931,0.3331545064377682,0.4954276492738031,0.188681349316978,0.634698275862069,0.293168370091447,4484.849999999999,0.3136094674556213
Cincinnati,Saint Joseph's,2016-03-18,0,106.9711675706537,91.6399079957186,0.3641558441558442,0.5247885272533752,0.5393154486586494,0.6014580801944107,0.1156885518435016,0.1548709408825978,0.4903896103896104,0.1580359691692834,0.3602599814298978,0.335064935064935,0.452947539210384,0.1575914918813053,0.6397400185701021,0.2693347755543537,4384.925000000001,0.3504597079502434,107.22378595888668,96.99764341022004,0.3572129538763494,0.5488344030541656,0.5154593639575972,0.5550755939524838,0.0714118115136243,0.0928917609046849,0.5127576054955839,0.1357571816158762,0.2541284403669724,0.3773307163886163,0.4786729857819905,0.1362945431174316,0.7458715596330275,0.2450236966824644,4910.85,0.4132701421800948
Colorado,Connecticut,2016-03-17,0,104.43070903831348,96.99917885392952,0.3220424671385237,0.5343869140167408,0.564193691692581,0.5380047505938242,0.0715124679077405,0.1170592433975731,0.4888776541961577,0.1806414018438742,0.3426763110307414,0.3933265925176946,0.4707070707070707,0.1804442504183686,0.6573236889692586,0.35,4807.725,0.2924242424242424,107.77318408013905,91.6735225925016,0.3370786516853932,0.5586454638033103,0.5239852398523985,0.5222222222222223,0.0833395659931832,0.1392301392301392,0.5206843718079673,0.1537149580630188,0.2718253968253968,0.2967313585291113,0.4419689119170985,0.152148130736273,0.7281746031746031,0.3455958549222798,4655.799999999999,0.3673575129533679
Connecticut,Kansas,2016-03-19,0,107.77318408013905,91.6735225925016,0.3370786516853932,0.5586454638033103,0.5239852398523985,0.5222222222222223,0.0833395659931832,0.1392301392301392,0.5206843718079673,0.1537149580630188,0.2718253968253968,0.2967313585291113,0.4419689119170985,0.152148130736273,0.7281746031746031,0.3455958549222798,4655.799999999999,0.3673575129533679,113.78977820636452,94.80194708297743,0.3363728470111449,0.593548663284745,0.5386343216531896,0.555327868852459,0.0955017443475934,0.1049848942598187,0.5661094224924013,0.1711155337614641,0.3095004897159647,0.3860182370820669,0.4512690355329949,0.1716561525558037,0.6904995102840352,0.3700507614213198,4866.225,0.3279187817258883
Dayton,Syracuse,2016-03-18,0,103.22865013774104,93.0777305121264,0.3486805165637282,0.5503466102690636,0.5374823196605375,0.5733496332518337,0.0835312966134467,0.1226252158894646,0.5196518809657495,0.1802754820936638,0.2637795275590551,0.4098820887142055,0.4685620557681793,0.1807634937296282,0.7362204724409449,0.3253143794423182,4531.375,0.366867140513942,104.67838300548551,97.33857903263132,0.4325529542920847,0.5358739849516474,0.489463601532567,0.5809399477806788,0.1198796574866929,0.1170018281535649,0.5050167224080268,0.1742310424746398,0.3115384615384615,0.3550724637681159,0.4751908396946565,0.1731080768340661,0.6884615384615385,0.2944383860414394,4307.074999999999,0.4034896401308615
Duke,UNC Wilmington,2016-03-17,1,115.702479338843,102.30046998849228,0.4009123162696401,0.5721096543504172,0.4938044974759064,0.4895027624309392,0.091201428248782,0.0935994494150034,0.5362392295995946,0.1381714876033058,0.318348623853211,0.4014191586416624,0.4943792766373411,0.1380927286219765,0.681651376146789,0.2536656891495601,4647.725,0.2898338220918866,107.91941165827646,97.22798175380392,0.3302891933028919,0.5456365221321796,0.508189262966333,0.4766146993318486,0.1025019405191021,0.112812248186946,0.5111618467782851,0.1524069008822996,0.3020928116469518,0.3759512937595129,0.4659610983981693,0.1522642933852222,0.6979071883530482,0.5337528604118993,4700.1500000000015,0.290045766590389
Duke,Yale,2016-03-19,1,115.702479338843,102.30046998849228,0.4009123162696401,0.5721096543504172,0.4938044974759064,0.4895027624309392,0.091201428248782,0.0935994494150034,0.5362392295995946,0.1381714876033058,0.318348623853211,0.4014191586416624,0.4943792766373411,0.1380927286219765,0.681651376146789,0.2536656891495601,4647.725,0.2898338220918866,109.17625092384893,91.92294694153428,0.3065231158961368,0.5565617439815977,0.5918135304150085,0.571236559139785,0.0847479657888579,0.1266073194856577,0.5284990500316656,0.188789336514399,0.382903981264637,0.4160861304623179,0.4609375,0.1892531260561,0.617096018735363,0.3294270833333333,3851.425,0.341796875
Duke,Oregon,2016-03-24,0,115.702479338843,102.30046998849228,0.4009123162696401,0.5721096543504172,0.4938044974759064,0.4895027624309392,0.091201428248782,0.0935994494150034,0.5362392295995946,0.1381714876033058,0.318348623853211,0.4014191586416624,0.4943792766373411,0.1380927286219765,0.681651376146789,0.2536656891495601,4647.725,0.2898338220918866,110.52913762527324,96.43300470880308,0.3355032548823234,0.5623872077894826,0.5223671947809879,0.4973204715969989,0.1062814817854468,0.1546153846153846,0.5257886830245369,0.1596073741081371,0.3273244781783681,0.4066099148723084,0.4860406091370558,0.1588066928608799,0.6726755218216319,0.316243654822335,4861.625,0.3401015228426396
Florida Gulf Coast,North Carolina,2016-03-17,0,106.07005613343256,95.92037404932472,0.251953125,0.5477630239178771,0.5395996518711923,0.4811800610376399,0.0899002668914173,0.1035007610350076,0.52490234375,0.1673943222743093,0.3077625570776255,0.3681640625,0.4661964980544747,0.1669576385126321,0.6922374429223744,0.3375486381322957,4976.800000000001,0.3608949416342412,113.8438056474179,96.57791571381902,0.2665752171925011,0.55454770755886,0.5706806282722513,0.5845272206303725,0.0955570075138843,0.1131359149582384,0.5205761316872428,0.1489697278046297,0.3925318761384335,0.3223593964334705,0.4738386308068459,0.1494609604704345,0.6074681238615665,0.2973105134474327,4905.675000000001,0.3559902200488997
Fresno State,Utah,2016-03-17,0,104.58717469651955,96.78429629330292,0.2990834539315002,0.5227224019512792,0.5099137931034483,0.5088888888888888,0.1131507430568885,0.118838028169014,0.4852870236372407,0.1441595965164834,0.2972292191435768,0.3825373854317414,0.4829696647152741,0.1426507582110059,0.7027707808564232,0.4454497072911123,4923.249999999999,0.3954230973922299,111.50782751991213,98.25309261116684,0.3756585879873551,0.5873188970244586,0.5376044568245125,0.5732758620689655,0.0764794383149448,0.1018973998594518,0.5571654373024236,0.1707054275030105,0.2895005096839959,0.3867228661749209,0.4732481060606061,0.1688398528920093,0.7104994903160041,0.231060606060606,4759.45,0.3262310606060606
Gonzaga,Seton Hall,2016-03-17,1,114.69190179233352,94.78077068993552,0.3567312729177579,0.589659656517645,0.552924791086351,0.4919268030139935,0.0719744187306921,0.0739064856711915,0.5542168674698795,0.1561205355196022,0.3028747433264887,0.3541121005762179,0.4487951807228915,0.1552219391902878,0.6971252566735113,0.2836345381526104,4599.474999999999,0.3343373493975903,103.78914415975964,93.19280119980004,0.2958182756840475,0.5344411627881818,0.5385288966725044,0.5126146788990825,0.0999833361106482,0.1167551175132676,0.5023231801755291,0.1878289370016702,0.3414634146341463,0.4062983995869902,0.4530695078640284,0.1862189635060823,0.6585365853658537,0.3368848300355149,4780.225,0.3307965499746321
Gonzaga,Utah,2016-03-19,1,114.69190179233352,94.78077068993552,0.3567312729177579,0.589659656517645,0.552924791086351,0.4919268030139935,0.0719744187306921,0.0739064856711915,0.5542168674698795,0.1561205355196022,0.3028747433264887,0.3541121005762179,0.4487951807228915,0.1552219391902878,0.6971252566735113,0.2836345381526104,4599.474999999999,0.3343373493975903,111.50782751991213,98.25309261116684,0.3756585879873551,0.5873188970244586,0.5376044568245125,0.5732758620689655,0.0764794383149448,0.1018973998594518,0.5571654373024236,0.1707054275030105,0.2895005096839959,0.3867228661749209,0.4732481060606061,0.1688398528920093,0.7104994903160041,0.231060606060606,4759.45,0.3262310606060606
Gonzaga,Syracuse,2016-03-25,0,114.69190179233352,94.78077068993552,0.3567312729177579,0.589659656517645,0.552924791086351,0.4919268030139935,0.0719744187306921,0.0739064856711915,0.5542168674698795,0.1561205355196022,0.3028747433264887,0.3541121005762179,0.4487951807228915,0.1552219391902878,0.6971252566735113,0.2836345381526104,4599.474999999999,0.3343373493975903,104.67838300548551,97.33857903263132,0.4325529542920847,0.5358739849516474,0.489463601532567,0.5809399477806788,0.1198796574866929,0.1170018281535649,0.5050167224080268,0.1742310424746398,0.3115384615384615,0.3550724637681159,0.4751908396946565,0.1731080768340661,0.6884615384615385,0.2944383860414394,4307.074999999999,0.4034896401308615
Green Bay,Texas A&M,2016-03-18,0,106.0279096532873,99.14563348476632,0.3064516129032258,0.533787209386543,0.4954165005978477,0.4741966893865628,0.1223317715880904,0.1108815426997245,0.5013077593722755,0.148539778449144,0.298937784522003,0.4289450741063644,0.5079617834394905,0.1468692490287248,0.701062215477997,0.3544131028207461,5592.424999999999,0.3393994540491356,107.87315187294293,93.79670364367357,0.3695436507936508,0.5434542296152024,0.5359189070074923,0.6324503311258278,0.0989327888521691,0.1096829477292202,0.5141369047619048,0.1655085941173397,0.3396226415094339,0.3745039682539682,0.4709694142042509,0.1667122739806765,0.660377358490566,0.3245204769310523,4767.975,0.3950233281493001
Hampton,Virginia,2016-03-17,0,98.70655240325756,98.80006906077352,0.3448456305599163,0.5053687251321742,0.530932594644506,0.4754098360655737,0.0725138121546961,0.0928571428571428,0.4680795395081109,0.1788470751051258,0.3276481149012567,0.4212454212454212,0.4773454157782516,0.1812845303867404,0.6723518850987432,0.3667377398720682,4665.174999999999,0.3283582089552239,113.02707636142377,96.1308434029049,0.2809633027522936,0.5769302441145413,0.5294117647058824,0.5571260306242638,0.0883681191260832,0.0948191593352883,0.5435779816513762,0.1470033465165804,0.2931228861330326,0.3239678899082568,0.4865030674846626,0.1474429390943488,0.7068771138669673,0.3374233128834356,4102.625000000001,0.3723926380368098
Hawaii,Maryland,2016-03-20,0,106.8565956943204,91.12612275048444,0.3859649122807017,0.5593161160980774,0.5373786407766991,0.597864768683274,0.1079125137834684,0.102127659574468,0.5252192982456141,0.1730018182405026,0.301314459049545,0.456688596491228,0.4532115171650055,0.1721461529402948,0.698685540950455,0.3826135105204872,4658.900000000001,0.349390919158361,110.77642801187204,97.0770357547107,0.3753485778025655,0.5948360646025145,0.5299313052011776,0.526255707762557,0.0856692633774996,0.1403647898493259,0.5588399330730619,0.1818322244657023,0.2797814207650273,0.3720022308979364,0.4654554759467758,0.18287946379031,0.7202185792349727,0.2691914022517912,4518.675,0.3546571136131013
Holy Cross,Oregon,2016-03-18,0,96.98216885405608,104.02580759202796,0.4089912280701754,0.5177834659934313,0.4549504950495049,0.6278145695364239,0.0954527376375447,0.0786516853932584,0.4810855263157895,0.1584990750571932,0.2066666666666666,0.3634868421052631,0.5289735099337748,0.1599717177073666,0.7933333333333333,0.3333333333333333,4546.824999999999,0.4105960264900662,110.52913762527324,96.43300470880308,0.3355032548823234,0.5623872077894826,0.5223671947809879,0.4973204715969989,0.1062814817854468,0.1546153846153846,0.5257886830245369,0.1596073741081371,0.3273244781783681,0.4066099148723084,0.4860406091370558,0.1588066928608799,0.6726755218216319,0.316243654822335,4861.625,0.3401015228426396
Indiana,Kentucky,2016-03-19,1,117.38873594221964,98.35517145246726,0.4087982832618025,0.6097801039845298,0.5632879475542107,0.5471092077087795,0.0990242542514636,0.0995297805642633,0.5858369098712446,0.1885888161927797,0.365301724137931,0.3331545064377682,0.4954276492738031,0.188681349316978,0.634698275862069,0.293168370091447,4484.849999999999,0.3136094674556213,114.20380890148924,96.93755024902634,0.3139477575160177,0.5648280391564068,0.5420393559928444,0.5046343975283213,0.0797719607822664,0.1384839650145772,0.5367175948743224,0.151344287174731,0.3642384105960264,0.3829472646623952,0.4493346980552712,0.1499378739310661,0.6357615894039735,0.4129989764585465,4766.4,0.2978505629477994
Indiana,North Carolina,2016-03-25,0,117.38873594221964,98.35517145246726,0.4087982832618025,0.6097801039845298,0.5632879475542107,0.5471092077087795,0.0990242542514636,0.0995297805642633,0.5858369098712446,0.1885888161927797,0.365301724137931,0.3331545064377682,0.4954276492738031,0.188681349316978,0.634698275862069,0.293168370091447,4484.849999999999,0.3136094674556213,113.8438056474179,96.57791571381902,0.2665752171925011,0.55454770755886,0.5706806282722513,0.5845272206303725,0.0955570075138843,0.1131359149582384,0.5205761316872428,0.1489697278046297,0.3925318761384335,0.3223593964334705,0.4738386308068459,0.1494609604704345,0.6074681238615665,0.2973105134474327,4905.675000000001,0.3559902200488997
Iona,Iowa State,2016-03-17,0,108.39796993201188,98.9079006724646,0.4417051874678993,0.5665854716540425,0.5025357307514984,0.6069819819819819,0.1015515993327808,0.1070559610705596,0.5382639958911145,0.1710874908231989,0.28328611898017,0.325115562403698,0.4849663037843442,0.1686931526106524,0.71671388101983,0.3623639191290824,4732.7,0.3608087091757387,111.69277024937897,101.5041570585373,0.350251256281407,0.5870025663151525,0.50093808630394,0.530060120240481,0.0833527258880027,0.1011235955056179,0.5680904522613065,0.1569413495676649,0.258130081300813,0.2547738693467337,0.4951807228915663,0.1557045843999238,0.741869918699187,0.2419277108433735,4708.275,0.3566265060240964
Iowa,Temple,2016-03-18,1,110.23837169592244,97.2813738139551,0.351422550052687,0.5504399427051361,0.5056179775280899,0.5801169590643275,0.0963679336842465,0.1286449399656946,0.5176501580611169,0.1411561141087813,0.3009615384615384,0.3340358271865121,0.4744871120462914,0.1415832201048172,0.6990384615384615,0.2519726459758022,4385.674999999999,0.386638611257233,100.58257316500902,98.89895853622204,0.378005115089514,0.4978980408154015,0.488929889298893,0.5467171717171717,0.0783675714072936,0.0779423226812159,0.469309462915601,0.1286468050039487,0.271505376344086,0.2705882352941176,0.4670738183749336,0.1287794594470732,0.728494623655914,0.2862453531598513,4366.299999999999,0.3186404673393521
Iowa,Villanova,2016-03-20,0,110.23837169592244,97.2813738139551,0.351422550052687,0.5504399427051361,0.5056179775280899,0.5801169590643275,0.0963679336842465,0.1286449399656946,0.5176501580611169,0.1411561141087813,0.3009615384615384,0.3340358271865121,0.4744871120462914,0.1415832201048172,0.6990384615384615,0.2519726459758022,4385.674999999999,0.386638611257233,112.10589444825224,91.89647857445904,0.4375,0.5811939237807586,0.5293569431500466,0.6066298342541436,0.0971574034789987,0.0971524288107202,0.5426136363636364,0.1567854694996573,0.2832832832832833,0.3429752066115702,0.46282722513089,0.1552821383114127,0.7167167167167167,0.3141361256544502,4691.400000000001,0.374869109947644
Iowa State,Little Rock,2016-03-19,1,111.69277024937897,101.5041570585373,0.350251256281407,0.5870025663151525,0.50093808630394,0.530060120240481,0.0833527258880027,0.1011235955056179,0.5680904522613065,0.1569413495676649,0.258130081300813,0.2547738693467337,0.4951807228915663,0.1557045843999238,0.741869918699187,0.2419277108433735,4708.275,0.3566265060240964,108.39468444691394,89.58994844480863,0.3508483853311439,0.5577262114642398,0.5133267522211253,0.5179425837320574,0.0983304312199119,0.1011560693641618,0.5257252326217844,0.1527989998610918,0.2722672064777328,0.3130815544608648,0.4485380116959064,0.1502270476970876,0.7277327935222672,0.3701754385964912,4356.375,0.3929824561403509
Iowa State,Virginia,2016-03-25,0,111.69277024937897,101.5041570585373,0.350251256281407,0.5870025663151525,0.50093808630394,0.530060120240481,0.0833527258880027,0.1011235955056179,0.5680904522613065,0.1569413495676649,0.258130081300813,0.2547738693467337,0.4951807228915663,0.1557045843999238,0.741869918699187,0.2419277108433735,4708.275,0.3566265060240964,113.02707636142377,96.1308434029049,0.2809633027522936,0.5769302441145413,0.5294117647058824,0.5571260306242638,0.0883681191260832,0.0948191593352883,0.5435779816513762,0.1470033465165804,0.2931228861330326,0.3239678899082568,0.4865030674846626,0.1474429390943488,0.7068771138669673,0.3374233128834356,4102.625000000001,0.3723926380368098
Kansas,Maryland,2016-03-24,1,113.78977820636452,94.80194708297743,0.3363728470111449,0.593548663284745,0.5386343216531896,0.555327868852459,0.0955017443475934,0.1049848942598187,0.5661094224924013,0.1711155337614641,0.3095004897159647,0.3860182370820669,0.4512690355329949,0.1716561525558037,0.6904995102840352,0.3700507614213198,4866.225,0.3279187817258883,110.77642801187204,97.0770357547107,0.3753485778025655,0.5948360646025145,0.5299313052011776,0.526255707762557,0.0856692633774996,0.1403647898493259,0.5588399330730619,0.1818322244657023,0.2797814207650273,0.3720022308979364,0.4654554759467758,0.18287946379031,0.7202185792349727,0.2691914022517912,4518.675,0.3546571136131013
Kansas,Villanova,2016-03-26,0,113.78977820636452,94.80194708297743,0.3363728470111449,0.593548663284745,0.5386343216531896,0.555327868852459,0.0955017443475934,0.1049848942598187,0.5661094224924013,0.1711155337614641,0.3095004897159647,0.3860182370820669,0.4512690355329949,0.1716561525558037,0.6904995102840352,0.3700507614213198,4866.225,0.3279187817258883,112.10589444825224,91.89647857445904,0.4375,0.5811939237807586,0.5293569431500466,0.6066298342541436,0.0971574034789987,0.0971524288107202,0.5426136363636364,0.1567854694996573,0.2832832832832833,0.3429752066115702,0.46282722513089,0.1552821383114127,0.7167167167167167,0.3141361256544502,4691.400000000001,0.374869109947644
Kentucky,Stony Brook,2016-03-17,1,114.20380890148924,96.93755024902634,0.3139477575160177,0.5648280391564068,0.5420393559928444,0.5046343975283213,0.0797719607822664,0.1384839650145772,0.5367175948743224,0.151344287174731,0.3642384105960264,0.3829472646623952,0.4493346980552712,0.1499378739310661,0.6357615894039735,0.4129989764585465,4766.4,0.2978505629477994,111.3212033378245,91.71928477030644,0.3053235908141962,0.5561023065349939,0.5661375661375662,0.5815991237677984,0.0894601890863087,0.1237373737373737,0.5331419624217119,0.1625887388050406,0.353921568627451,0.3230688935281837,0.4610745614035088,0.1622030701110345,0.6460784313725491,0.2680921052631579,4421.300000000001,0.3486842105263157
Little Rock,Purdue,2016-03-17,1,108.39468444691394,89.58994844480863,0.3508483853311439,0.5577262114642398,0.5133267522211253,0.5179425837320574,0.0983304312199119,0.1011560693641618,0.5257252326217844,0.1527989998610918,0.2722672064777328,0.3130815544608648,0.4485380116959064,0.1502270476970876,0.7277327935222672,0.3701754385964912,4356.375,0.3929824561403509,111.13797634691196,92.79820826774568,0.355050505050505,0.572046967155457,0.582312925170068,0.6402569593147751,0.0612738624718721,0.1162619573215599,0.5371212121212121,0.1686202365308804,0.327755905511811,0.351010101010101,0.4430754066042385,0.1694539231118671,0.672244094488189,0.2774765894529324,4744.549999999999,0.3302119270576639
Maryland,South Dakota State,2016-03-18,1,110.77642801187204,97.0770357547107,0.3753485778025655,0.5948360646025145,0.5299313052011776,0.526255707762557,0.0856692633774996,0.1403647898493259,0.5588399330730619,0.1818322244657023,0.2797814207650273,0.3720022308979364,0.4654554759467758,0.18287946379031,0.7202185792349727,0.2691914022517912,4518.675,0.3546571136131013,108.49839429273445,97.14366362323716,0.3627710206240084,0.5581302525666896,0.5399527186761229,0.4372801875732708,0.0712184212526191,0.0659163987138263,0.5158646218931782,0.1612173200853503,0.3026444662095984,0.405076679005817,0.4693434617471513,0.1624127411492655,0.6973555337904016,0.3846988605534455,4622.625,0.3250135648399349
Miami (FL),Wichita State,2016-03-19,1,112.48227939296753,98.51286127334092,0.3411161731207289,0.5790997630955516,0.524514811031665,0.4898446833930704,0.0893895934846966,0.0898528272656855,0.539009111617312,0.1538497292523647,0.2908108108108108,0.3997722095671981,0.4796084828711256,0.1525152342445082,0.7091891891891892,0.2876563349646547,4321.725,0.2979880369766177,107.23848675073604,86.40344548169033,0.3826771653543307,0.5352409471524427,0.5462598425196851,0.5735115431348724,0.1047852679017416,0.1173020527859237,0.4952755905511811,0.1386589633909227,0.305019305019305,0.3858267716535433,0.4403953057442866,0.1385296762090821,0.694980694980695,0.4515132798023471,4502.35,0.3681284743668931
Miami (FL),Villanova,2016-03-24,0,112.48227939296753,98.51286127334092,0.3411161731207289,0.5790997630955516,0.524514811031665,0.4898446833930704,0.0893895934846966,0.0898528272656855,0.539009111617312,0.1538497292523647,0.2908108108108108,0.3997722095671981,0.4796084828711256,0.1525152342445082,0.7091891891891892,0.2876563349646547,4321.725,0.2979880369766177,112.10589444825224,91.89647857445904,0.4375,0.5811939237807586,0.5293569431500466,0.6066298342541436,0.0971574034789987,0.0971524288107202,0.5426136363636364,0.1567854694996573,0.2832832832832833,0.3429752066115702,0.46282722513089,0.1552821383114127,0.7167167167167167,0.3141361256544502,4691.400000000001,0.374869109947644
Michigan,Notre Dame,2016-03-18,0,110.91150177509736,100.2329266865913,0.4403022670025189,0.5754804918105553,0.494484412470024,0.5629067245119306,0.0821093160038714,0.0644122383252818,0.548110831234257,0.1377304418495231,0.2287644787644787,0.2841309823677582,0.5074282786885246,0.1369906722966145,0.7712355212355212,0.2658811475409836,4688.424999999999,0.3637295081967213,113.55860711440224,104.69845316030356,0.3454446854663774,0.5675270529816837,0.515970515970516,0.4959723820483314,0.0829615897109089,0.0997624703087886,0.5349783080260304,0.1410695036790552,0.3091095189355169,0.3318872017353579,0.4921793534932221,0.1395052430334279,0.6908904810644831,0.2685088633993743,4291.325,0.3415015641293014
Michigan State,Middle Tennessee,2016-03-18,0,116.70539633359152,91.8281471380938,0.3532608695652174,0.5863023175371843,0.594293357111012,0.7139938712972421,0.0639175038084179,0.1318764129615674,0.5602766798418972,0.1661072381444186,0.361271676300578,0.300395256916996,0.4259918616480163,0.1644810431336622,0.638728323699422,0.3402848423194303,4670.574999999999,0.3250254323499491,103.66097373907594,96.46598119041758,0.3538380651945321,0.538067308878447,0.5208428767750801,0.5029171528588098,0.0877352535227844,0.0983884648006785,0.5189274447949527,0.1654945933391667,0.2736455463728191,0.3622502628811777,0.4855475264035575,0.1639151321913484,0.7263544536271809,0.4207893274041134,4650.85,0.3446359088382434
Middle Tennessee,Syracuse,2016-03-20,0,103.66097373907594,96.46598119041758,0.3538380651945321,0.538067308878447,0.5208428767750801,0.5029171528588098,0.0877352535227844,0.0983884648006785,0.5189274447949527,0.1654945933391667,0.2736455463728191,0.3622502628811777,0.4855475264035575,0.1639151321913484,0.7263544536271809,0.4207893274041134,4650.85,0.3446359088382434,104.67838300548551,97.33857903263132,0.4325529542920847,0.5358739849516474,0.489463601532567,0.5809399477806788,0.1198796574866929,0.1170018281535649,0.5050167224080268,0.1742310424746398,0.3115384615384615,0.3550724637681159,0.4751908396946565,0.1731080768340661,0.6884615384615385,0.2944383860414394,4307.074999999999,0.4034896401308615
North Carolina,Providence,2016-03-19,1,113.8438056474179,96.57791571381902,0.2665752171925011,0.55454770755886,0.5706806282722513,0.5845272206303725,0.0955570075138843,0.1131359149582384,0.5205761316872428,0.1489697278046297,0.3925318761384335,0.3223593964334705,0.4738386308068459,0.1494609604704345,0.6074681238615665,0.2973105134474327,4905.675000000001,0.3559902200488997,102.93497512018216,96.2197875721335,0.3693009118541033,0.5244049153561915,0.5009140767824497,0.6302521008403361,0.0915781550556159,0.0916795069337442,0.4812563323201621,0.1568693598718056,0.2900088417329796,0.3768996960486322,0.4884969325153374,0.1555574140670737,0.7099911582670203,0.278118609406953,4762.799999999999,0.33640081799591
North Carolina,Notre Dame,2016-03-27,1,113.8438056474179,96.57791571381902,0.2665752171925011,0.55454770755886,0.5706806282722513,0.5845272206303725,0.0955570075138843,0.1131359149582384,0.5205761316872428,0.1489697278046297,0.3925318761384335,0.3223593964334705,0.4738386308068459,0.1494609604704345,0.6074681238615665,0.2973105134474327,4905.675000000001,0.3559902200488997,113.55860711440224,104.69845316030356,0.3454446854663774,0.5675270529816837,0.515970515970516,0.4959723820483314,0.0829615897109089,0.0997624703087886,0.5349783080260304,0.1410695036790552,0.3091095189355169,0.3318872017353579,0.4921793534932221,0.1395052430334279,0.6908904810644831,0.2685088633993743,4291.325,0.3415015641293014
North Carolina,Syracuse,2016-04-02,1,113.8438056474179,96.57791571381902,0.2665752171925011,0.55454770755886,0.5706806282722513,0.5845272206303725,0.0955570075138843,0.1131359149582384,0.5205761316872428,0.1489697278046297,0.3925318761384335,0.3223593964334705,0.4738386308068459,0.1494609604704345,0.6074681238615665,0.2973105134474327,4905.675000000001,0.3559902200488997,104.67838300548551,97.33857903263132,0.4325529542920847,0.5358739849516474,0.489463601532567,0.5809399477806788,0.1198796574866929,0.1170018281535649,0.5050167224080268,0.1742310424746398,0.3115384615384615,0.3550724637681159,0.4751908396946565,0.1731080768340661,0.6884615384615385,0.2944383860414394,4307.074999999999,0.4034896401308615
North Carolina,Villanova,2016-04-04,0,113.8438056474179,96.57791571381902,0.2665752171925011,0.55454770755886,0.5706806282722513,0.5845272206303725,0.0955570075138843,0.1131359149582384,0.5205761316872428,0.1489697278046297,0.3925318761384335,0.3223593964334705,0.4738386308068459,0.1494609604704345,0.6074681238615665,0.2973105134474327,4905.675000000001,0.3559902200488997,112.10589444825224,91.89647857445904,0.4375,0.5811939237807586,0.5293569431500466,0.6066298342541436,0.0971574034789987,0.0971524288107202,0.5426136363636364,0.1567854694996573,0.2832832832832833,0.3429752066115702,0.46282722513089,0.1552821383114127,0.7167167167167167,0.3141361256544502,4691.400000000001,0.374869109947644
Northern Iowa,Texas,2016-03-18,1,105.25117793002984,97.15109743496576,0.4235159817351598,0.5709628824735139,0.464461994076999,0.5068664169787765,0.0876585404625918,0.0769230769230769,0.5365296803652968,0.1443106548608108,0.1507276507276507,0.3276255707762557,0.4848726114649681,0.143978017236485,0.8492723492723493,0.2287685774946921,4398.375,0.3927813163481953,104.5628900211828,99.10699050110917,0.3599562363238512,0.5254617641981703,0.4954172696575012,0.4651457541191381,0.0750810534099311,0.1152263374485596,0.4926148796498906,0.1493101276693192,0.2994296577946768,0.3966083150984683,0.474458634092171,0.1483419600705307,0.7005703422053232,0.3747917823431427,4381.0,0.3253747917823431
Northern Iowa,Texas A&M,2016-03-20,0,105.25117793002984,97.15109743496576,0.4235159817351598,0.5709628824735139,0.464461994076999,0.5068664169787765,0.0876585404625918,0.0769230769230769,0.5365296803652968,0.1443106548608108,0.1507276507276507,0.3276255707762557,0.4848726114649681,0.143978017236485,0.8492723492723493,0.2287685774946921,4398.375,0.3927813163481953,107.87315187294293,93.79670364367357,0.3695436507936508,0.5434542296152024,0.5359189070074923,0.6324503311258278,0.0989327888521691,0.1096829477292202,0.5141369047619048,0.1655085941173397,0.3396226415094339,0.3745039682539682,0.4709694142042509,0.1667122739806765,0.660377358490566,0.3245204769310523,4767.975,0.3950233281493001
Notre Dame,Stephen F. Austin,2016-03-20,1,113.55860711440224,104.69845316030356,0.3454446854663774,0.5675270529816837,0.515970515970516,0.4959723820483314,0.0829615897109089,0.0997624703087886,0.5349783080260304,0.1410695036790552,0.3091095189355169,0.3318872017353579,0.4921793534932221,0.1395052430334279,0.6908904810644831,0.2685088633993743,4291.325,0.3415015641293014,113.72967736964348,88.85176351626129,0.3612127548353371,0.5809259280083664,0.5360453141091658,0.652267818574514,0.1274963454711319,0.1007957559681697,0.5504443282801882,0.1699560800026418,0.3431472081218274,0.3413486670151594,0.4881242387332521,0.1697020322477825,0.6568527918781726,0.3879415347137637,4545.75,0.3112058465286236
Notre Dame,Wisconsin,2016-03-25,1,113.55860711440224,104.69845316030356,0.3454446854663774,0.5675270529816837,0.515970515970516,0.4959723820483314,0.0829615897109089,0.0997624703087886,0.5349783080260304,0.1410695036790552,0.3091095189355169,0.3318872017353579,0.4921793534932221,0.1395052430334279,0.6908904810644831,0.2685088633993743,4291.325,0.3415015641293014,104.91990574346036,97.82775969221665,0.3375286041189931,0.5304069501600366,0.5181957970271656,0.4940079893475366,0.0890204202426753,0.0845771144278607,0.4899885583524027,0.158046318996501,0.3102409638554217,0.3970251716247139,0.4847507331378299,0.1572062740455756,0.6897590361445783,0.3431085043988269,4212.525,0.2926686217008797
Oklahoma,Virginia Commonwealth,2016-03-20,1,110.0831078262544,95.64322615549447,0.4066390041493776,0.5755315222618635,0.5247614720581554,0.5260180995475113,0.093776188910223,0.1270928462709284,0.5451244813278008,0.1728471650283978,0.2943469785575048,0.3355809128630705,0.4644092931290163,0.1714279652476476,0.7056530214424951,0.273356401384083,4694.0,0.3504695996045477,106.75505307251214,94.43618953277198,0.3279773156899811,0.5377114998566103,0.5213483146067416,0.5099685204616999,0.1234109295030542,0.0996932515337423,0.5087429111531191,0.155760706006751,0.316017316017316,0.3232514177693761,0.4900537634408602,0.1580815585273237,0.683982683982684,0.3698924731182795,4881.7,0.2989247311827957
Oklahoma,Texas A&M,2016-03-24,1,110.0831078262544,95.64322615549447,0.4066390041493776,0.5755315222618635,0.5247614720581554,0.5260180995475113,0.093776188910223,0.1270928462709284,0.5451244813278008,0.1728471650283978,0.2943469785575048,0.3355809128630705,0.4644092931290163,0.1714279652476476,0.7056530214424951,0.273356401384083,4694.0,0.3504695996045477,107.87315187294293,93.79670364367357,0.3695436507936508,0.5434542296152024,0.5359189070074923,0.6324503311258278,0.0989327888521691,0.1096829477292202,0.5141369047619048,0.1655085941173397,0.3396226415094339,0.3745039682539682,0.4709694142042509,0.1667122739806765,0.660377358490566,0.3245204769310523,4767.975,0.3950233281493001
Oklahoma,Oregon,2016-03-26,1,110.0831078262544,95.64322615549447,0.4066390041493776,0.5755315222618635,0.5247614720581554,0.5260180995475113,0.093776188910223,0.1270928462709284,0.5451244813278008,0.1728471650283978,0.2943469785575048,0.3355809128630705,0.4644092931290163,0.1714279652476476,0.7056530214424951,0.273356401384083,4694.0,0.3504695996045477,110.52913762527324,96.43300470880308,0.3355032548823234,0.5623872077894826,0.5223671947809879,0.4973204715969989,0.1062814817854468,0.1546153846153846,0.5257886830245369,0.1596073741081371,0.3273244781783681,0.4066099148723084,0.4860406091370558,0.1588066928608799,0.6726755218216319,0.316243654822335,4861.625,0.3401015228426396
Oklahoma,Villanova,2016-04-02,0,110.0831078262544,95.64322615549447,0.4066390041493776,0.5755315222618635,0.5247614720581554,0.5260180995475113,0.093776188910223,0.1270928462709284,0.5451244813278008,0.1728471650283978,0.2943469785575048,0.3355809128630705,0.4644092931290163,0.1714279652476476,0.7056530214424951,0.273356401384083,4694.0,0.3504695996045477,112.10589444825224,91.89647857445904,0.4375,0.5811939237807586,0.5293569431500466,0.6066298342541436,0.0971574034789987,0.0971524288107202,0.5426136363636364,0.1567854694996573,0.2832832832832833,0.3429752066115702,0.46282722513089,0.1552821383114127,0.7167167167167167,0.3141361256544502,4691.400000000001,0.374869109947644
Oregon,Saint Joseph's,2016-03-20,1,110.52913762527324,96.43300470880308,0.3355032548823234,0.5623872077894826,0.5223671947809879,0.4973204715969989,0.1062814817854468,0.1546153846153846,0.5257886830245369,0.1596073741081371,0.3273244781783681,0.4066099148723084,0.4860406091370558,0.1588066928608799,0.6726755218216319,0.316243654822335,4861.625,0.3401015228426396,107.22378595888668,96.99764341022004,0.3572129538763494,0.5488344030541656,0.5154593639575972,0.5550755939524838,0.0714118115136243,0.0928917609046849,0.5127576054955839,0.1357571816158762,0.2541284403669724,0.3773307163886163,0.4786729857819905,0.1362945431174316,0.7458715596330275,0.2450236966824644,4910.85,0.4132701421800948
Oregon State,Virginia Commonwealth,2016-03-18,0,102.7031997057742,100.13619260866555,0.3196859226023555,0.5313481115022358,0.4824824824824825,0.5318066157760815,0.1066457376330186,0.0983916745506149,0.5,0.15860610518573,0.2711864406779661,0.3768928771733034,0.4907621247113164,0.1592761016597031,0.7288135593220338,0.3914549653579676,4341.25,0.3897228637413394,106.75505307251214,94.43618953277198,0.3279773156899811,0.5377114998566103,0.5213483146067416,0.5099685204616999,0.1234109295030542,0.0996932515337423,0.5087429111531191,0.155760706006751,0.316017316017316,0.3232514177693761,0.4900537634408602,0.1580815585273237,0.683982683982684,0.3698924731182795,4881.7,0.2989247311827957
Pittsburgh,Wisconsin,2016-03-18,0,110.66510501358866,99.69376168465482,0.3089257081774452,0.5545867952268608,0.5590123456790124,0.6290697674418605,0.0729466548912108,0.1000848176420695,0.5133618385889899,0.1637461479855812,0.3564257028112449,0.3629075360769642,0.496929089893914,0.165162237489534,0.643574297188755,0.3310999441652708,4378.200000000001,0.3417085427135678,104.91990574346036,97.82775969221665,0.3375286041189931,0.5304069501600366,0.5181957970271656,0.4940079893475366,0.0890204202426753,0.0845771144278607,0.4899885583524027,0.158046318996501,0.3102409638554217,0.3970251716247139,0.4847507331378299,0.1572062740455756,0.6897590361445783,0.3431085043988269,4212.525,0.2926686217008797
Providence,Southern California,2016-03-17,1,102.93497512018216,96.2197875721335,0.3693009118541033,0.5244049153561915,0.5009140767824497,0.6302521008403361,0.0915781550556159,0.0916795069337442,0.4812563323201621,0.1568693598718056,0.2900088417329796,0.3768996960486322,0.4884969325153374,0.1555574140670737,0.7099911582670203,0.278118609406953,4762.799999999999,0.33640081799591,106.71679849604512,99.79067015886824,0.3235858101629913,0.5476021879457734,0.5107480653482374,0.5146750524109015,0.0845409406696532,0.126770538243626,0.5196548418024928,0.1583952481425557,0.3009972801450589,0.3533077660594439,0.4732806691449814,0.1601828349530272,0.6990027198549411,0.2848513011152416,4972.25,0.3438661710037174
Stephen F. Austin,West Virginia,2016-03-18,1,113.72967736964348,88.85176351626129,0.3612127548353371,0.5809259280083664,0.5360453141091658,0.652267818574514,0.1274963454711319,0.1007957559681697,0.5504443282801882,0.1699560800026418,0.3431472081218274,0.3413486670151594,0.4881242387332521,0.1697020322477825,0.6568527918781726,0.3879415347137637,4545.75,0.3112058465286236,109.47710757660448,92.76038947077436,0.3058536585365853,0.538842479115602,0.5654332129963899,0.5415318230852212,0.1384238924552835,0.081208687440982,0.5024390243902439,0.1861883225773667,0.4131338320864505,0.4609756097560976,0.4876357056694813,0.1875684696583428,0.5868661679135495,0.5482509047044632,4901.65,0.3612786489746682
Syracuse,Virginia,2016-03-27,1,104.67838300548551,97.33857903263132,0.4325529542920847,0.5358739849516474,0.489463601532567,0.5809399477806788,0.1198796574866929,0.1170018281535649,0.5050167224080268,0.1742310424746398,0.3115384615384615,0.3550724637681159,0.4751908396946565,0.1731080768340661,0.6884615384615385,0.2944383860414394,4307.074999999999,0.4034896401308615,113.02707636142377,96.1308434029049,0.2809633027522936,0.5769302441145413,0.5294117647058824,0.5571260306242638,0.0883681191260832,0.0948191593352883,0.5435779816513762,0.1470033465165804,0.2931228861330326,0.3239678899082568,0.4865030674846626,0.1474429390943488,0.7068771138669673,0.3374233128834356,4102.625000000001,0.3723926380368098
UNC Asheville,Villanova,2016-03-18,0,103.54161265232042,91.73669467787116,0.3058455114822547,0.5441168456046651,0.5251764705882352,0.4686431014823261,0.1264623496457406,0.0901639344262295,0.5073068893528184,0.1775473165672802,0.2976076555023923,0.4149269311064718,0.4733790195044807,0.1763058164442247,0.7023923444976077,0.3247232472324723,4838.225,0.356879283078545,112.10589444825224,91.89647857445904,0.4375,0.5811939237807586,0.5293569431500466,0.6066298342541436,0.0971574034789987,0.0971524288107202,0.5426136363636364,0.1567854694996573,0.2832832832832833,0.3429752066115702,0.46282722513089,0.1552821383114127,0.7167167167167167,0.3141361256544502,4691.400000000001,0.374869109947644
Weber State,Xavier,2016-03-18,0,109.17459985354115,94.57730435958514,0.4179431072210066,0.5895379053214326,0.5370370370370371,0.5282167042889391,0.0694870647956476,0.0785762256548018,0.563183807439825,0.1866304006695261,0.2601547388781431,0.4431072210065646,0.461969770843491,0.1855762329272986,0.7398452611218569,0.2764505119453925,4793.075000000001,0.2740126767430522,109.22289358845252,95.6961972023703,0.3467492260061919,0.5578175895765473,0.5486238532110091,0.5981735159817352,0.0985169826016482,0.0868024800708591,0.5147058823529411,0.1678415575696542,0.3298774740810556,0.4293085655314757,0.4788918205804749,0.168405098464356,0.6701225259189444,0.3435356200527704,4758.424999999999,0.404221635883905
Wisconsin,Xavier,2016-03-20,1,104.91990574346036,97.82775969221665,0.3375286041189931,0.5304069501600366,0.5181957970271656,0.4940079893475366,0.0890204202426753,0.0845771144278607,0.4899885583524027,0.158046318996501,0.3102409638554217,0.3970251716247139,0.4847507331378299,0.1572062740455756,0.6897590361445783,0.3431085043988269,4212.525,0.2926686217008797,109.22289358845252,95.6961972023703,0.3467492260061919,0.5578175895765473,0.5486238532110091,0.5981735159817352,0.0985169826016482,0.0868024800708591,0.5147058823529411,0.1678415575696542,0.3298774740810556,0.4293085655314757,0.4788918205804749,0.168405098464356,0.6701225259189444,0.3435356200527704,4758.424999999999,0.404221635883905
Arizona,North Dakota,2017-03-16,1,111.4885200791126,95.07226560413616,0.3075280298985585,0.579363660738225,0.5502873563218391,0.5263748597081931,0.079903432215611,0.089213300892133,0.5368392952482648,0.1629546822598676,0.3028095733610822,0.4100373731980779,0.47146529562982,0.1619433198380566,0.6971904266389178,0.2915167095115681,4666.125,0.3660668380462725,107.26487462128536,96.81189881290682,0.3043243243243243,0.5740702408059063,0.5081160846040335,0.5246085011185683,0.1050904528540636,0.0761506276150627,0.5421621621621622,0.1757665613786287,0.2565130260521042,0.3686486486486486,0.4974944320712695,0.1754367151727022,0.7434869739478958,0.3825167037861915,4658.275,0.3346325167037862
Arizona,Saint Mary's (CA),2017-03-18,1,111.4885200791126,95.07226560413616,0.3075280298985585,0.579363660738225,0.5502873563218391,0.5263748597081931,0.079903432215611,0.089213300892133,0.5368392952482648,0.1629546822598676,0.3028095733610822,0.4100373731980779,0.47146529562982,0.1619433198380566,0.6971904266389178,0.2915167095115681,4666.125,0.3660668380462725,117.15055677022424,91.18303430711232,0.4157832744405182,0.6022899566058452,0.5797814207650274,0.6365795724465558,0.0670760152812275,0.0847176079734219,0.5789163722025913,0.1642345044999237,0.3175914994096812,0.2661955241460542,0.4519689737470167,0.1628988942544097,0.6824085005903188,0.2547732696897374,3949.525,0.2816229116945107
Arizona,Xavier,2017-03-23,0,111.4885200791126,95.07226560413616,0.3075280298985585,0.579363660738225,0.5502873563218391,0.5263748597081931,0.079903432215611,0.089213300892133,0.5368392952482648,0.1629546822598676,0.3028095733610822,0.4100373731980779,0.47146529562982,0.1619433198380566,0.6971904266389178,0.2915167095115681,4666.125,0.3660668380462725,106.61119690714064,101.84932513276938,0.3644375324002074,0.5501642685981328,0.5541310541310541,0.5753424657534246,0.0877432355842901,0.0785159620362381,0.5160705028512182,0.1790160421065901,0.3342830009496676,0.4110938310005184,0.5183534347142108,0.1788450639182182,0.6657169990503324,0.3366544310435239,4761.625,0.3922391190351337
Arkansas,Seton Hall,2017-03-17,1,108.86182613406092,101.63295396019106,0.2981427174975562,0.5598085137114912,0.503125,0.5047720042417816,0.1034103188148207,0.1252955082742316,0.5151515151515151,0.1588989426800152,0.3030583873957368,0.3880742913000977,0.4819930932412432,0.1599628369166759,0.6969416126042632,0.3931919092254563,4967.725,0.3739516526887025,103.61275505697375,99.08896388944038,0.3090425531914894,0.5288071409250744,0.5481446688586191,0.4657210401891253,0.0979418966315928,0.0662751677852349,0.502127659574468,0.1841710096281247,0.3391224862888483,0.3787234042553191,0.4900717043574186,0.1839719409701542,0.6608775137111518,0.3607280750137893,4530.85,0.3425261996690568
Arkansas,North Carolina,2017-03-19,0,108.86182613406092,101.63295396019106,0.2981427174975562,0.5598085137114912,0.503125,0.5047720042417816,0.1034103188148207,0.1252955082742316,0.5151515151515151,0.1588989426800152,0.3030583873957368,0.3880742913000977,0.4819930932412432,0.1599628369166759,0.6969416126042632,0.3931919092254563,4967.725,0.3739516526887025,114.17046476909844,96.22089528313232,0.3001339883876731,0.555903222390172,0.5932055749128919,0.5867298578199052,0.0945778062757985,0.0906095551894563,0.5261277355962484,0.158581075068959,0.4117647058823529,0.3363108530594015,0.4843517138599106,0.1607021199855729,0.5882352941176471,0.3119721808246398,5023.975,0.3969200198708395
Baylor,New Mexico State,2017-03-17,1,109.43764476267737,94.87118884424484,0.3380202474690664,0.5630769603039213,0.5685463010863943,0.5990453460620525,0.0765776412195698,0.1309931506849315,0.532058492688414,0.1956427168941718,0.3903508771929824,0.3413948256467941,0.4530988274706867,0.1966438194280311,0.6096491228070176,0.3015075376884422,4241.825000000001,0.3478503629257398,111.59901467280709,93.71469597626512,0.3829899630216587,0.5694611432943492,0.5588366890380313,0.5536723163841808,0.0675725613168202,0.0985144644253323,0.531959852086635,0.1910677947949019,0.370817843866171,0.4384574749075541,0.4625850340136054,0.1883585146706365,0.629182156133829,0.3490319204604918,4702.075000000001,0.3307169021454735
Baylor,Southern California,2017-03-19,1,109.43764476267737,94.87118884424484,0.3380202474690664,0.5630769603039213,0.5685463010863943,0.5990453460620525,0.0765776412195698,0.1309931506849315,0.532058492688414,0.1956427168941718,0.3903508771929824,0.3413948256467941,0.4530988274706867,0.1966438194280311,0.6096491228070176,0.3015075376884422,4241.825000000001,0.3478503629257398,109.66887960844272,101.29573791867004,0.359882005899705,0.5574971050627496,0.5042620008972634,0.5613463626492943,0.099013935294597,0.1357566765578635,0.5181907571288102,0.1510409719158193,0.2968325791855203,0.3751229105211406,0.4990588235294118,0.1499470295819411,0.7031674208144797,0.2409411764705882,4890.625,0.3656470588235294
Baylor,South Carolina,2017-03-24,0,109.43764476267737,94.87118884424484,0.3380202474690664,0.5630769603039213,0.5685463010863943,0.5990453460620525,0.0765776412195698,0.1309931506849315,0.532058492688414,0.1956427168941718,0.3903508771929824,0.3413948256467941,0.4530988274706867,0.1966438194280311,0.6096491228070176,0.3015075376884422,4241.825000000001,0.3478503629257398,99.19026163259596,90.10504247559564,0.3357933579335793,0.5120291319263265,0.503621438918397,0.5133418043202033,0.1096285296237252,0.1115107913669064,0.4717975751186083,0.1793683395524394,0.3208955223880597,0.3937796520822351,0.4478054567022538,0.1821318599724836,0.6791044776119403,0.461447212336892,4614.375,0.3404507710557533
Bucknell,West Virginia,2017-03-16,0,106.85872896309064,93.88901416535124,0.3859095688748685,0.5784634634075498,0.5154349859681946,0.5431693989071038,0.1000389495910292,0.0976709241172051,0.5538906414300736,0.1853208547872835,0.2583170254403131,0.371713985278654,0.4794976934905177,0.1840880670752956,0.7416829745596869,0.3270117888262429,4861.875,0.3177857508969759,110.90661281176315,89.88987991429568,0.330236878773804,0.5477755830065745,0.526032315978456,0.577079107505071,0.1407145348547511,0.1393514460999123,0.5176497909893172,0.1603708825372822,0.3687340696686491,0.3822573153738969,0.4871580122836404,0.1606457720863022,0.6312659303313509,0.4215522054718034,5021.55,0.3629257398101619
Butler,Winthrop,2017-03-16,1,112.1251629726206,99.20797407489732,0.3747126436781609,0.5798700502635773,0.5074792243767313,0.4921780986762936,0.0903166933795055,0.0839768339768339,0.5456896551724137,0.1436529572122792,0.2623873873873873,0.3620689655172414,0.5066225165562914,0.1417925289844051,0.7376126126126126,0.3750752558699579,4246.175000000001,0.3762793497892835,107.156734050932,94.32615177858976,0.429551451187335,0.5707892823180624,0.5078776645041705,0.4745958429561201,0.0881945319390198,0.1333333333333333,0.5372031662269129,0.1730637962719874,0.2590068159688413,0.3773087071240105,0.4598145285935085,0.1730292721851245,0.7409931840311588,0.3276661514683153,4761.724999999999,0.3508500772797527
Butler,Middle Tennessee,2017-03-18,1,112.1251629726206,99.20797407489732,0.3747126436781609,0.5798700502635773,0.5074792243767313,0.4921780986762936,0.0903166933795055,0.0839768339768339,0.5456896551724137,0.1436529572122792,0.2623873873873873,0.3620689655172414,0.5066225165562914,0.1417925289844051,0.7376126126126126,0.3750752558699579,4246.175000000001,0.3762793497892835,111.48257401944716,93.6249782570882,0.3007135575942915,0.5688482551009031,0.5436565364206464,0.5390218522372529,0.1013219690380935,0.0850131463628396,0.5451070336391437,0.1472741177755927,0.2918756268806419,0.3007135575942915,0.4742007851934941,0.1465472256044529,0.708124373119358,0.3679192372406057,4587.85,0.3600673022994952
Butler,North Carolina,2017-03-24,0,112.1251629726206,99.20797407489732,0.3747126436781609,0.5798700502635773,0.5074792243767313,0.4921780986762936,0.0903166933795055,0.0839768339768339,0.5456896551724137,0.1436529572122792,0.2623873873873873,0.3620689655172414,0.5066225165562914,0.1417925289844051,0.7376126126126126,0.3750752558699579,4246.175000000001,0.3762793497892835,114.17046476909844,96.22089528313232,0.3001339883876731,0.555903222390172,0.5932055749128919,0.5867298578199052,0.0945778062757985,0.0906095551894563,0.5261277355962484,0.158581075068959,0.4117647058823529,0.3363108530594015,0.4843517138599106,0.1607021199855729,0.5882352941176471,0.3119721808246398,5023.975,0.3969200198708395
Cincinnati,Kansas State,2017-03-17,1,111.46328578975172,90.4537998906506,0.3637717121588089,0.5441416659503138,0.5421911421911422,0.5851528384279476,0.1115363586659376,0.1432225063938619,0.5171215880893301,0.13954921641134,0.3463687150837989,0.3255583126550868,0.447524219590958,0.1386550027337342,0.6536312849162011,0.2960172228202368,4557.85,0.3686759956942949,105.16873131140544,98.5202659232254,0.3635866593767086,0.5621004566210046,0.4956689124157844,0.6025943396226415,0.1132318250053613,0.1036437246963562,0.5292509568069984,0.1828278513455789,0.2781124497991968,0.4155276107162384,0.4912140575079872,0.1835728072056616,0.7218875502008032,0.3301384451544196,4672.499999999998,0.3423855165069223
Cincinnati,UCLA,2017-03-19,0,111.46328578975172,90.4537998906506,0.3637717121588089,0.5441416659503138,0.5421911421911422,0.5851528384279476,0.1115363586659376,0.1432225063938619,0.5171215880893301,0.13954921641134,0.3463687150837989,0.3255583126550868,0.447524219590958,0.1386550027337342,0.6536312849162011,0.2960172228202368,4557.85,0.3686759956942949,118.77638811439498,99.22468243910716,0.3763992537313433,0.6167273328921244,0.5356362046348929,0.6370170709793351,0.0806250436552681,0.1275985663082437,0.5953824626865671,0.150561618736557,0.2796859666339548,0.2686567164179104,0.4837081229921982,0.1508726064440165,0.7203140333660452,0.2583754015603487,5016.025,0.3597980725103258
Creighton,Rhode Island,2017-03-17,0,110.30450284946716,98.5842265237562,0.3585907335907335,0.5955186792794906,0.4950271247739602,0.5579847908745247,0.0843864981602943,0.0755148741418764,0.5793918918918919,0.1655357689610556,0.2245885769603098,0.2765444015444015,0.4983140655105973,0.1675731882898736,0.7754114230396902,0.2813102119460501,5031.574999999999,0.3684971098265896,106.92518328769545,93.75855311415464,0.3207150368033649,0.5358091359773371,0.5307079231129864,0.5174418604651163,0.0924010028355284,0.1628849270664505,0.5065720294426919,0.1563466124900627,0.3243494423791822,0.3953732912723449,0.4476678043230944,0.155023483430223,0.6756505576208178,0.4544937428896473,4547.725,0.29806598407281
Dayton,Wichita State,2017-03-17,0,107.46837165011564,93.31477898833562,0.3806451612903225,0.5751589574333834,0.5033591731266149,0.6097256857855362,0.1099684349862539,0.1196172248803827,0.5439882697947214,0.1646034553122024,0.2326574172892209,0.4387096774193548,0.4770881670533642,0.1642738349794657,0.767342582710779,0.3428074245939675,4415.025000000001,0.3938515081206497,115.2083247305612,86.83026584867075,0.3617764471057884,0.5837552830899276,0.5717560751948647,0.5932560590094836,0.0952965235173824,0.1102430555555555,0.5474051896207585,0.1536110996407482,0.3235014272121789,0.405189620758483,0.4379968203497615,0.1521472392638037,0.6764985727878211,0.3603603603603603,4866.7,0.3895071542130365
Duke,Troy,2017-03-17,1,114.51171280803165,98.29768835530352,0.3773399014778325,0.5868412846897412,0.52443857331572,0.4731404958677686,0.0832554070767096,0.1044577511643379,0.547783251231527,0.1569820505019775,0.3011049723756906,0.3891625615763547,0.4747257987601335,0.1556514132303701,0.6988950276243094,0.3085360038149737,4951.574999999999,0.2832618025751073,109.006340046513,100.50642773665756,0.4030563514804202,0.5671422976894575,0.5189603749467405,0.4947807933194154,0.0857031554343591,0.0992963252541047,0.5305635148042025,0.1690679070126512,0.2940663176265271,0.3978032473734479,0.4929245283018867,0.1706271912738605,0.705933682373473,0.320754716981132,5157.674999999999,0.3966981132075471
Duke,South Carolina,2017-03-19,0,114.51171280803165,98.29768835530352,0.3773399014778325,0.5868412846897412,0.52443857331572,0.4731404958677686,0.0832554070767096,0.1044577511643379,0.547783251231527,0.1569820505019775,0.3011049723756906,0.3891625615763547,0.4747257987601335,0.1556514132303701,0.6988950276243094,0.3085360038149737,4951.574999999999,0.2832618025751073,99.19026163259596,90.10504247559564,0.3357933579335793,0.5120291319263265,0.503621438918397,0.5133418043202033,0.1096285296237252,0.1115107913669064,0.4717975751186083,0.1793683395524394,0.3208955223880597,0.3937796520822351,0.4478054567022538,0.1821318599724836,0.6791044776119403,0.461447212336892,4614.375,0.3404507710557533
East Tennessee State,Florida,2017-03-16,0,108.7670136108887,95.06339575480251,0.3511811023622047,0.5896267361111112,0.5360339142722562,0.5390374331550802,0.1144953536656654,0.1400172860847018,0.558005249343832,0.1961569255404323,0.2936507936507936,0.4409448818897638,0.485587002096436,0.1975448003386481,0.7063492063492064,0.3679245283018867,4978.450000000001,0.3936058700209643,108.68150462059091,91.3056058641347,0.3618594823032224,0.5552107806197083,0.5165719696969697,0.4747356051703877,0.1037368855357774,0.1201581027667984,0.5150554675118859,0.1596598550913271,0.3009433962264151,0.4035921817221342,0.4566865186789388,0.1577486523849839,0.6990566037735849,0.339469409853817,4637.724999999999,0.3151055766107201
Florida,Virginia,2017-03-18,1,108.68150462059091,91.3056058641347,0.3618594823032224,0.5552107806197083,0.5165719696969697,0.4747356051703877,0.1037368855357774,0.1201581027667984,0.5150554675118859,0.1596598550913271,0.3009433962264151,0.4035921817221342,0.4566865186789388,0.1577486523849839,0.6990566037735849,0.339469409853817,4637.724999999999,0.3151055766107201,106.9269173837778,89.13816415443938,0.331974373907979,0.5529463660188381,0.5286908077994429,0.5721455457967378,0.0906404927637838,0.1396348012889366,0.5294117647058824,0.1505306204370405,0.2644067796610169,0.2574257425742574,0.4575226977950713,0.1502328609344483,0.735593220338983,0.3398184176394293,3989.85,0.3962386511024643
Florida,Wisconsin,2017-03-24,1,108.68150462059091,91.3056058641347,0.3618594823032224,0.5552107806197083,0.5165719696969697,0.4747356051703877,0.1037368855357774,0.1201581027667984,0.5150554675118859,0.1596598550913271,0.3009433962264151,0.4035921817221342,0.4566865186789388,0.1577486523849839,0.6990566037735849,0.339469409853817,4637.724999999999,0.3151055766107201,107.93398640896652,92.55729420630348,0.3663115169964485,0.5384818598097922,0.5512033978291647,0.5173961840628507,0.1032847200673788,0.0985221674876847,0.5172501268391679,0.1592975024269702,0.3379501385041551,0.3206494165398275,0.4729508196721311,0.160024823795381,0.6620498614958449,0.2644808743169399,4522.1,0.3344262295081967
Florida,South Carolina,2017-03-26,0,108.68150462059091,91.3056058641347,0.3618594823032224,0.5552107806197083,0.5165719696969697,0.4747356051703877,0.1037368855357774,0.1201581027667984,0.5150554675118859,0.1596598550913271,0.3009433962264151,0.4035921817221342,0.4566865186789388,0.1577486523849839,0.6990566037735849,0.339469409853817,4637.724999999999,0.3151055766107201,99.19026163259596,90.10504247559564,0.3357933579335793,0.5120291319263265,0.503621438918397,0.5133418043202033,0.1096285296237252,0.1115107913669064,0.4717975751186083,0.1793683395524394,0.3208955223880597,0.3937796520822351,0.4478054567022538,0.1821318599724836,0.6791044776119403,0.461447212336892,4614.375,0.3404507710557533
Florida Gulf Coast,Florida State,2017-03-16,0,112.34943632388874,97.57460481210444,0.3122752953261428,0.5816947046029561,0.5529241179313679,0.5204498977505112,0.0863986588864889,0.0995670995670995,0.5570107858243452,0.1736036692528612,0.3385416666666667,0.3307652799178223,0.4818325434439178,0.1740868499951643,0.6614583333333334,0.3385992627698789,4659.324999999999,0.3917851500789889,111.9822211247608,97.01269373150336,0.3134842519685039,0.5678569192562138,0.5350553505535055,0.4938900203665988,0.1002299514317827,0.135702746365105,0.5391240157480315,0.1584459946087207,0.3358851674641148,0.3769685039370078,0.4741735537190082,0.158800540334306,0.6641148325358852,0.3734504132231405,4854.275,0.3605371900826446
Florida State,Xavier,2017-03-18,0,111.9822211247608,97.01269373150336,0.3134842519685039,0.5678569192562138,0.5350553505535055,0.4938900203665988,0.1002299514317827,0.135702746365105,0.5391240157480315,0.1584459946087207,0.3358851674641148,0.3769685039370078,0.4741735537190082,0.158800540334306,0.6641148325358852,0.3734504132231405,4854.275,0.3605371900826446,106.61119690714064,101.84932513276938,0.3644375324002074,0.5501642685981328,0.5541310541310541,0.5753424657534246,0.0877432355842901,0.0785159620362381,0.5160705028512182,0.1790160421065901,0.3342830009496676,0.4110938310005184,0.5183534347142108,0.1788450639182182,0.6657169990503324,0.3366544310435239,4761.625,0.3922391190351337
Gonzaga,South Dakota State,2017-03-16,1,116.65621734587252,85.31236458564533,0.3262668045501551,0.610588492671188,0.5596707818930041,0.5279441117764471,0.099770654322162,0.1069868995633187,0.5804033092037229,0.1542319749216301,0.2799145299145299,0.3826266804550155,0.4153846153846154,0.1559973366308381,0.7200854700854701,0.2595533498759305,4757.924999999999,0.3181141439205955,109.04692491393476,108.49372686879516,0.4590425531914893,0.586984830103841,0.5143918291550603,0.522595596755504,0.0729889382583684,0.0707251566696508,0.5422872340425532,0.1802975322809084,0.2580645161290322,0.4101063829787234,0.5385170919595571,0.1797919609076195,0.7419354838709677,0.2595089070775156,4843.250000000001,0.4622051035146846
Gonzaga,Northwestern,2017-03-18,1,116.65621734587252,85.31236458564533,0.3262668045501551,0.610588492671188,0.5596707818930041,0.5279441117764471,0.099770654322162,0.1069868995633187,0.5804033092037229,0.1542319749216301,0.2799145299145299,0.3826266804550155,0.4153846153846154,0.1559973366308381,0.7200854700854701,0.2595533498759305,4757.924999999999,0.3181141439205955,104.45793806858696,95.83847836918612,0.3589873417721519,0.5340610292330469,0.4995391705069124,0.6023255813953489,0.0745217824570525,0.1354581673306772,0.4967088607594936,0.1491021457743587,0.276056338028169,0.3068354430379746,0.4604918890633176,0.1494768310911808,0.723943661971831,0.3547880690737833,4621.9,0.3432757718472004
Gonzaga,West Virginia,2017-03-23,1,116.65621734587252,85.31236458564533,0.3262668045501551,0.610588492671188,0.5596707818930041,0.5279441117764471,0.099770654322162,0.1069868995633187,0.5804033092037229,0.1542319749216301,0.2799145299145299,0.3826266804550155,0.4153846153846154,0.1559973366308381,0.7200854700854701,0.2595533498759305,4757.924999999999,0.3181141439205955,110.90661281176315,89.88987991429568,0.330236878773804,0.5477755830065745,0.526032315978456,0.577079107505071,0.1407145348547511,0.1393514460999123,0.5176497909893172,0.1603708825372822,0.3687340696686491,0.3822573153738969,0.4871580122836404,0.1606457720863022,0.6312659303313509,0.4215522054718034,5021.55,0.3629257398101619
Gonzaga,Xavier,2017-03-25,1,116.65621734587252,85.31236458564533,0.3262668045501551,0.610588492671188,0.5596707818930041,0.5279441117764471,0.099770654322162,0.1069868995633187,0.5804033092037229,0.1542319749216301,0.2799145299145299,0.3826266804550155,0.4153846153846154,0.1559973366308381,0.7200854700854701,0.2595533498759305,4757.924999999999,0.3181141439205955,106.61119690714064,101.84932513276938,0.3644375324002074,0.5501642685981328,0.5541310541310541,0.5753424657534246,0.0877432355842901,0.0785159620362381,0.5160705028512182,0.1790160421065901,0.3342830009496676,0.4110938310005184,0.5183534347142108,0.1788450639182182,0.6657169990503324,0.3366544310435239,4761.625,0.3922391190351337
Gonzaga,South Carolina,2017-04-01,1,116.65621734587252,85.31236458564533,0.3262668045501551,0.610588492671188,0.5596707818930041,0.5279441117764471,0.099770654322162,0.1069868995633187,0.5804033092037229,0.1542319749216301,0.2799145299145299,0.3826266804550155,0.4153846153846154,0.1559973366308381,0.7200854700854701,0.2595533498759305,4757.924999999999,0.3181141439205955,99.19026163259596,90.10504247559564,0.3357933579335793,0.5120291319263265,0.503621438918397,0.5133418043202033,0.1096285296237252,0.1115107913669064,0.4717975751186083,0.1793683395524394,0.3208955223880597,0.3937796520822351,0.4478054567022538,0.1821318599724836,0.6791044776119403,0.461447212336892,4614.375,0.3404507710557533
Gonzaga,North Carolina,2017-04-03,0,116.65621734587252,85.31236458564533,0.3262668045501551,0.610588492671188,0.5596707818930041,0.5279441117764471,0.099770654322162,0.1069868995633187,0.5804033092037229,0.1542319749216301,0.2799145299145299,0.3826266804550155,0.4153846153846154,0.1559973366308381,0.7200854700854701,0.2595533498759305,4757.924999999999,0.3181141439205955,114.17046476909844,96.22089528313232,0.3001339883876731,0.555903222390172,0.5932055749128919,0.5867298578199052,0.0945778062757985,0.0906095551894563,0.5261277355962484,0.158581075068959,0.4117647058823529,0.3363108530594015,0.4843517138599106,0.1607021199855729,0.5882352941176471,0.3119721808246398,5023.975,0.3969200198708395
Iona,Oregon,2017-03-17,0,108.71379187030638,102.51549974331635,0.3998087039693926,0.5698337984754447,0.4816239316239316,0.5583596214511041,0.0928010109386723,0.0738844184345281,0.5341941654710665,0.1593356379385704,0.2515445719329214,0.3118125298900048,0.4959905660377358,0.1583540654740749,0.7484554280670785,0.3339622641509434,5048.999999999999,0.355188679245283,112.70852544219969,91.6666666666667,0.3900100908173562,0.5823371448371448,0.5341760299625468,0.5849056603773585,0.0916252072968491,0.1802232854864433,0.5549949545913219,0.1622097409673904,0.3069306930693069,0.3471241170534813,0.4592907092907093,0.1604477611940299,0.693069306930693,0.2597402597402597,4797.799999999999,0.3736263736263736
Iowa State,Nevada,2017-03-16,1,111.22223611284744,98.41259979497376,0.3947876447876448,0.569398813841362,0.4740806380150642,0.537590113285273,0.1081047497747818,0.0893939393939394,0.5480212355212355,0.1333500020835938,0.2397820163487738,0.276061776061776,0.4895070766227428,0.1325422219460926,0.7602179836512262,0.2571986334797462,4814.025,0.3557833089311859,110.46446672151296,97.85883092777236,0.4020823004462072,0.5623752546614682,0.5334773218142549,0.6019845644983461,0.0734346948504427,0.1094674556213017,0.5270203272186416,0.1523507724184161,0.2947462154942119,0.4179474467030243,0.479236276849642,0.152143704800641,0.705253784505788,0.2811455847255369,4926.199999999999,0.354653937947494
Iowa State,Purdue,2017-03-18,0,111.22223611284744,98.41259979497376,0.3947876447876448,0.569398813841362,0.4740806380150642,0.537590113285273,0.1081047497747818,0.0893939393939394,0.5480212355212355,0.1333500020835938,0.2397820163487738,0.276061776061776,0.4895070766227428,0.1325422219460926,0.7602179836512262,0.2571986334797462,4814.025,0.3557833089311859,110.89819017201768,93.67272727272729,0.3771491957848031,0.589082683493065,0.5526315789473685,0.6430232558139535,0.0725034965034965,0.0607734806629834,0.552689961175818,0.1801983526643133,0.2958515283842794,0.3466444814198558,0.4681075382182393,0.1799160839160839,0.7041484716157205,0.2345809172377438,4465.25,0.3321033210332103
Jacksonville State,Louisville,2017-03-17,0,104.7944221610811,101.22014280841888,0.3653318705430609,0.5574822774244366,0.5345731998092513,0.5743405275779376,0.0686536620787536,0.1058823529411764,0.5255074053757542,0.1966829095811096,0.3118062563067608,0.3505211190345584,0.4846641988365944,0.1958389719554191,0.6881937436932392,0.343204653622422,4534.799999999999,0.3707033315705976,110.31814846928567,92.97502426970262,0.3239795918367347,0.5431379846318878,0.5465328467153284,0.4871220604703247,0.0953137410643368,0.1526452732003469,0.5137755102040816,0.1582960937326308,0.3557779799818016,0.3479591836734694,0.4508654383026242,0.1570911658282588,0.6442220200181984,0.3975432719151312,4515.15,0.3562255723059743
Kansas,UC Davis,2017-03-17,1,112.60834884339276,99.02302413579326,0.3546062789500772,0.5798149060840042,0.5337001375515819,0.5507399577167019,0.094918442824465,0.1145038167938931,0.5586721564590839,0.1778250465301781,0.3355704697986577,0.3679876479670612,0.4789126016260163,0.1787203112640828,0.6644295302013423,0.3079268292682927,4689.474999999999,0.3343495934959349,97.09273676948852,95.67171004234844,0.316032887975334,0.5283706961278558,0.5069788383610986,0.5328638497652582,0.0783346919299361,0.0906958561376075,0.4935765673175745,0.1943431556124963,0.2640294388224471,0.4162384378211716,0.4817012858555885,0.196035548839891,0.7359705611775529,0.3194856577645895,5051.6,0.367457962413452
Kansas,Michigan State,2017-03-19,1,112.60834884339276,99.02302413579326,0.3546062789500772,0.5798149060840042,0.5337001375515819,0.5507399577167019,0.094918442824465,0.1145038167938931,0.5586721564590839,0.1778250465301781,0.3355704697986577,0.3679876479670612,0.4789126016260163,0.1787203112640828,0.6644295302013423,0.3079268292682927,4689.474999999999,0.3343495934959349,104.58989229494613,98.16378034983896,0.3791964777105118,0.5611331713388253,0.5339578454332553,0.6588235294117647,0.0639631015577408,0.1229571984435797,0.5390753990093561,0.1944214305440485,0.2874371859296482,0.3384700055035773,0.4633699633699634,0.1914541815333738,0.7125628140703517,0.3516483516483517,4561.325000000001,0.3275771847200419
Kansas,Purdue,2017-03-23,1,112.60834884339276,99.02302413579326,0.3546062789500772,0.5798149060840042,0.5337001375515819,0.5507399577167019,0.094918442824465,0.1145038167938931,0.5586721564590839,0.1778250465301781,0.3355704697986577,0.3679876479670612,0.4789126016260163,0.1787203112640828,0.6644295302013423,0.3079268292682927,4689.474999999999,0.3343495934959349,110.89819017201768,93.67272727272729,0.3771491957848031,0.589082683493065,0.5526315789473685,0.6430232558139535,0.0725034965034965,0.0607734806629834,0.552689961175818,0.1801983526643133,0.2958515283842794,0.3466444814198558,0.4681075382182393,0.1799160839160839,0.7041484716157205,0.2345809172377438,4465.25,0.3321033210332103
Kansas,Oregon,2017-03-25,0,112.60834884339276,99.02302413579326,0.3546062789500772,0.5798149060840042,0.5337001375515819,0.5507399577167019,0.094918442824465,0.1145038167938931,0.5586721564590839,0.1778250465301781,0.3355704697986577,0.3679876479670612,0.4789126016260163,0.1787203112640828,0.6644295302013423,0.3079268292682927,4689.474999999999,0.3343495934959349,112.70852544219969,91.6666666666667,0.3900100908173562,0.5823371448371448,0.5341760299625468,0.5849056603773585,0.0916252072968491,0.1802232854864433,0.5549949545913219,0.1622097409673904,0.3069306930693069,0.3471241170534813,0.4592907092907093,0.1604477611940299,0.693069306930693,0.2597402597402597,4797.799999999999,0.3736263736263736
Kent State,UCLA,2017-03-17,0,104.75013862272252,98.22450761618325,0.3500672344240251,0.5209129521948198,0.5488879563575325,0.4596858638743455,0.0880954690986708,0.1005251312828207,0.4836396234872254,0.1747132698425052,0.3801313628899835,0.3330345136709995,0.491826923076923,0.1742505093625692,0.6198686371100164,0.3317307692307692,5146.674999999997,0.3591346153846154,118.77638811439498,99.22468243910716,0.3763992537313433,0.6167273328921244,0.5356362046348929,0.6370170709793351,0.0806250436552681,0.1275985663082437,0.5953824626865671,0.150561618736557,0.2796859666339548,0.2686567164179104,0.4837081229921982,0.1508726064440165,0.7203140333660452,0.2583754015603487,5016.025,0.3597980725103258
Kentucky,Northern Kentucky,2017-03-17,1,112.53393926556392,93.73706253309584,0.3159851301115242,0.5665975063504682,0.5406451612903226,0.5146198830409356,0.0793337505415683,0.1290555155010814,0.5325278810408922,0.1528951878454102,0.3250428816466552,0.4172862453531598,0.4737991266375546,0.1528907716747701,0.6749571183533448,0.3469189713731198,5193.175,0.3270257156720039,106.22519001754011,99.63069347558472,0.4210794297352342,0.5603229052818387,0.5346171480972031,0.5266075388026608,0.0796060730406237,0.0706845238095238,0.5336048879837068,0.1846324276087024,0.302717900656045,0.3711812627291242,0.4950641658440276,0.1846532622076323,0.697282099343955,0.2961500493583415,4874.275,0.3366238894373149
Kentucky,Wichita State,2017-03-19,1,112.53393926556392,93.73706253309584,0.3159851301115242,0.5665975063504682,0.5406451612903226,0.5146198830409356,0.0793337505415683,0.1290555155010814,0.5325278810408922,0.1528951878454102,0.3250428816466552,0.4172862453531598,0.4737991266375546,0.1528907716747701,0.6749571183533448,0.3469189713731198,5193.175,0.3270257156720039,115.2083247305612,86.83026584867075,0.3617764471057884,0.5837552830899276,0.5717560751948647,0.5932560590094836,0.0952965235173824,0.1102430555555555,0.5474051896207585,0.1536110996407482,0.3235014272121789,0.405189620758483,0.4379968203497615,0.1521472392638037,0.6764985727878211,0.3603603603603603,4866.7,0.3895071542130365
Kentucky,UCLA,2017-03-24,1,112.53393926556392,93.73706253309584,0.3159851301115242,0.5665975063504682,0.5406451612903226,0.5146198830409356,0.0793337505415683,0.1290555155010814,0.5325278810408922,0.1528951878454102,0.3250428816466552,0.4172862453531598,0.4737991266375546,0.1528907716747701,0.6749571183533448,0.3469189713731198,5193.175,0.3270257156720039,118.77638811439498,99.22468243910716,0.3763992537313433,0.6167273328921244,0.5356362046348929,0.6370170709793351,0.0806250436552681,0.1275985663082437,0.5953824626865671,0.150561618736557,0.2796859666339548,0.2686567164179104,0.4837081229921982,0.1508726064440165,0.7203140333660452,0.2583754015603487,5016.025,0.3597980725103258
Kentucky,North Carolina,2017-03-26,0,112.53393926556392,93.73706253309584,0.3159851301115242,0.5665975063504682,0.5406451612903226,0.5146198830409356,0.0793337505415683,0.1290555155010814,0.5325278810408922,0.1528951878454102,0.3250428816466552,0.4172862453531598,0.4737991266375546,0.1528907716747701,0.6749571183533448,0.3469189713731198,5193.175,0.3270257156720039,114.17046476909844,96.22089528313232,0.3001339883876731,0.555903222390172,0.5932055749128919,0.5867298578199052,0.0945778062757985,0.0906095551894563,0.5261277355962484,0.158581075068959,0.4117647058823529,0.3363108530594015,0.4843517138599106,0.1607021199855729,0.5882352941176471,0.3119721808246398,5023.975,0.3969200198708395
Louisville,Michigan,2017-03-19,0,110.31814846928567,92.97502426970262,0.3239795918367347,0.5431379846318878,0.5465328467153284,0.4871220604703247,0.0953137410643368,0.1526452732003469,0.5137755102040816,0.1582960937326308,0.3557779799818016,0.3479591836734694,0.4508654383026242,0.1570911658282588,0.6442220200181984,0.3975432719151312,4515.15,0.3562255723059743,115.1287942919337,100.6096223849831,0.4514435695538057,0.6001902818693474,0.4817444219066937,0.5228260869565218,0.0912240691197754,0.0718025430067314,0.5690288713910762,0.1394034674963445,0.2318840579710145,0.3049868766404199,0.5173148641449121,0.1390289899565808,0.7681159420289855,0.2749067661161428,4554.075000000001,0.2876931273308471
Marquette,South Carolina,2017-03-17,0,114.3380750706791,104.55076895404262,0.4116684841875682,0.6075360115902101,0.4924675324675324,0.5738255033557047,0.1025272056839643,0.0942760942760942,0.5760632497273719,0.162254578775045,0.2491909385113268,0.3113413304252999,0.5194120909595119,0.1632341037863117,0.7508090614886731,0.3594009983361065,4461.025,0.3410981697171381,99.19026163259596,90.10504247559564,0.3357933579335793,0.5120291319263265,0.503621438918397,0.5133418043202033,0.1096285296237252,0.1115107913669064,0.4717975751186083,0.1793683395524394,0.3208955223880597,0.3937796520822351,0.4478054567022538,0.1821318599724836,0.6791044776119403,0.461447212336892,4614.375,0.3404507710557533
Maryland,Xavier,2017-03-16,0,105.85834253404262,97.35525695955494,0.4087346024636058,0.5584383493946132,0.5033653846153846,0.5701863354037268,0.0776150205253594,0.1196513470681458,0.52491601343785,0.1806684733514002,0.2868525896414343,0.3992161254199328,0.4678628816282806,0.1816999035420265,0.7131474103585658,0.3224424209962506,4470.625,0.3240492769148366,106.61119690714064,101.84932513276938,0.3644375324002074,0.5501642685981328,0.5541310541310541,0.5753424657534246,0.0877432355842901,0.0785159620362381,0.5160705028512182,0.1790160421065901,0.3342830009496676,0.4110938310005184,0.5183534347142108,0.1788450639182182,0.6657169990503324,0.3366544310435239,4761.625,0.3922391190351337
Miami (FL),Michigan State,2017-03-17,0,104.27430718647253,95.57754537354027,0.3266590389016018,0.5459911460895229,0.5393721049922799,0.4810606060606061,0.0956713408057027,0.1075455333911535,0.5117276887871853,0.1845937059652419,0.3126315789473684,0.3432494279176201,0.4716553287981859,0.1843080241992215,0.6873684210526316,0.2879818594104308,4261.3,0.3463718820861678,104.58989229494613,98.16378034983896,0.3791964777105118,0.5611331713388253,0.5339578454332553,0.6588235294117647,0.0639631015577408,0.1229571984435797,0.5390753990093561,0.1944214305440485,0.2874371859296482,0.3384700055035773,0.4633699633699634,0.1914541815333738,0.7125628140703517,0.3516483516483517,4561.325000000001,0.3275771847200419
Michigan,Oklahoma State,2017-03-17,1,115.1287942919337,100.6096223849831,0.4514435695538057,0.6001902818693474,0.4817444219066937,0.5228260869565218,0.0912240691197754,0.0718025430067314,0.5690288713910762,0.1394034674963445,0.2318840579710145,0.3049868766404199,0.5173148641449121,0.1390289899565808,0.7681159420289855,0.2749067661161428,4554.075000000001,0.2876931273308471,114.435037106721,105.10586353495816,0.3605236656596173,0.5819070904645477,0.5283111767602167,0.5086767895878525,0.1048112135370627,0.0808080808080808,0.5365055387713998,0.1722588063133688,0.3566634707574305,0.3877139979859013,0.5308333333333334,0.1734225701898388,0.6433365292425696,0.4511111111111111,4767.45,0.34
Michigan,Oregon,2017-03-23,0,115.1287942919337,100.6096223849831,0.4514435695538057,0.6001902818693474,0.4817444219066937,0.5228260869565218,0.0912240691197754,0.0718025430067314,0.5690288713910762,0.1394034674963445,0.2318840579710145,0.3049868766404199,0.5173148641449121,0.1390289899565808,0.7681159420289855,0.2749067661161428,4554.075000000001,0.2876931273308471,112.70852544219969,91.6666666666667,0.3900100908173562,0.5823371448371448,0.5341760299625468,0.5849056603773585,0.0916252072968491,0.1802232854864433,0.5549949545913219,0.1622097409673904,0.3069306930693069,0.3471241170534813,0.4592907092907093,0.1604477611940299,0.693069306930693,0.2597402597402597,4797.799999999999,0.3736263736263736
Middle Tennessee,Minnesota,2017-03-16,1,111.48257401944716,93.6249782570882,0.3007135575942915,0.5688482551009031,0.5436565364206464,0.5390218522372529,0.1013219690380935,0.0850131463628396,0.5451070336391437,0.1472741177755927,0.2918756268806419,0.3007135575942915,0.4742007851934941,0.1465472256044529,0.708124373119358,0.3679192372406057,4587.85,0.3600673022994952,102.39604266501776,92.55030900843308,0.2967254408060453,0.5267454805704289,0.5137693631669535,0.5701042873696408,0.0767193350990958,0.1617328519855595,0.4858942065491184,0.1549956201370639,0.2737777777777778,0.3954659949622166,0.4488963531669865,0.1526268253823282,0.7262222222222222,0.2874280230326295,4889.4,0.3354126679462572
Mount St. Mary's,Villanova,2017-03-16,0,97.938778019096,98.15097158410676,0.3692708333333333,0.5387008069242212,0.4454670961803957,0.4591121495327103,0.0888188525177279,0.0952712100139082,0.5125,0.1835839855755439,0.2102325581395349,0.3270833333333333,0.4972208185952501,0.1833679535849868,0.7897674418604651,0.3299646286003032,4883.474999999999,0.2733703890853967,117.25921568192162,93.1470392548237,0.4409363091997823,0.6155388003868968,0.5402770651616213,0.5323110624315444,0.107326330944668,0.0917832167832167,0.5786608600979859,0.1625023587261768,0.2897091722595078,0.3532934131736527,0.4806485355648535,0.1596806387225549,0.7102908277404921,0.2180962343096234,4544.35,0.401673640167364
North Carolina,Texas Southern,2017-03-17,1,114.17046476909844,96.22089528313232,0.3001339883876731,0.555903222390172,0.5932055749128919,0.5867298578199052,0.0945778062757985,0.0906095551894563,0.5261277355962484,0.158581075068959,0.4117647058823529,0.3363108530594015,0.4843517138599106,0.1607021199855729,0.5882352941176471,0.3119721808246398,5023.975,0.3969200198708395,104.8463994030098,100.42787789023286,0.3413387838528359,0.5328473304959758,0.4903544190219829,0.476303317535545,0.1007981568337036,0.0733882030178326,0.4818599897802759,0.1591973798764561,0.3085867620751342,0.4476239141543178,0.4887144259077527,0.1579856825475191,0.6914132379248659,0.3218842001962708,4842.700000000001,0.2845927379784102
North Carolina,Oregon,2017-04-01,1,114.17046476909844,96.22089528313232,0.3001339883876731,0.555903222390172,0.5932055749128919,0.5867298578199052,0.0945778062757985,0.0906095551894563,0.5261277355962484,0.158581075068959,0.4117647058823529,0.3363108530594015,0.4843517138599106,0.1607021199855729,0.5882352941176471,0.3119721808246398,5023.975,0.3969200198708395,112.70852544219969,91.6666666666667,0.3900100908173562,0.5823371448371448,0.5341760299625468,0.5849056603773585,0.0916252072968491,0.1802232854864433,0.5549949545913219,0.1622097409673904,0.3069306930693069,0.3471241170534813,0.4592907092907093,0.1604477611940299,0.693069306930693,0.2597402597402597,4797.799999999999,0.3736263736263736
Northwestern,Vanderbilt,2017-03-16,1,104.45793806858696,95.83847836918612,0.3589873417721519,0.5340610292330469,0.4995391705069124,0.6023255813953489,0.0745217824570525,0.1354581673306772,0.4967088607594936,0.1491021457743587,0.276056338028169,0.3068354430379746,0.4604918890633176,0.1494768310911808,0.723943661971831,0.3547880690737833,4621.9,0.3432757718472004,104.57713804786472,99.48902915539524,0.4861488321564367,0.5645518301917566,0.4997686256362795,0.5554156171284634,0.0601142170123234,0.0969696969696969,0.5228136882129277,0.175661969399426,0.2297955209347614,0.3487235198261814,0.4789873417721519,0.1747606166001116,0.7702044790652386,0.3058227848101266,4645.849999999999,0.3316455696202531
Notre Dame,Princeton,2017-03-16,1,112.55530680021648,99.78055063767536,0.4082636497786522,0.5752274773064951,0.4817551963048498,0.5805763073639274,0.1038939010039543,0.0974866717440974,0.5395966551893753,0.1332668413848717,0.2478793590951932,0.2818494835218888,0.4892874937717987,0.1331538159805782,0.7521206409048068,0.2655705032386646,4714.349999999999,0.3457897359242651,108.5810723094898,92.81382577236408,0.4569017480409885,0.5639919082939987,0.5008450704225352,0.5506666666666666,0.1030686343405949,0.0946808510638297,0.5394816154309825,0.143320784110087,0.2276785714285714,0.2471368294153104,0.479221635883905,0.1436714296868899,0.7723214285714286,0.3153034300791557,3846.8,0.3799472295514511
Notre Dame,West Virginia,2017-03-18,0,112.55530680021648,99.78055063767536,0.4082636497786522,0.5752274773064951,0.4817551963048498,0.5805763073639274,0.1038939010039543,0.0974866717440974,0.5395966551893753,0.1332668413848717,0.2478793590951932,0.2818494835218888,0.4892874937717987,0.1331538159805782,0.7521206409048068,0.2655705032386646,4714.349999999999,0.3457897359242651,110.90661281176315,89.88987991429568,0.330236878773804,0.5477755830065745,0.526032315978456,0.577079107505071,0.1407145348547511,0.1393514460999123,0.5176497909893172,0.1603708825372822,0.3687340696686491,0.3822573153738969,0.4871580122836404,0.1606457720863022,0.6312659303313509,0.4215522054718034,5021.55,0.3629257398101619
Oregon,Rhode Island,2017-03-19,1,112.70852544219969,91.6666666666667,0.3900100908173562,0.5823371448371448,0.5341760299625468,0.5849056603773585,0.0916252072968491,0.1802232854864433,0.5549949545913219,0.1622097409673904,0.3069306930693069,0.3471241170534813,0.4592907092907093,0.1604477611940299,0.693069306930693,0.2597402597402597,4797.799999999999,0.3736263736263736,106.92518328769545,93.75855311415464,0.3207150368033649,0.5358091359773371,0.5307079231129864,0.5174418604651163,0.0924010028355284,0.1628849270664505,0.5065720294426919,0.1563466124900627,0.3243494423791822,0.3953732912723449,0.4476678043230944,0.155023483430223,0.6756505576208178,0.4544937428896473,4547.725,0.29806598407281
Purdue,Vermont,2017-03-16,1,110.89819017201768,93.67272727272729,0.3771491957848031,0.589082683493065,0.5526315789473685,0.6430232558139535,0.0725034965034965,0.0607734806629834,0.552689961175818,0.1801983526643133,0.2958515283842794,0.3466444814198558,0.4681075382182393,0.1799160839160839,0.7041484716157205,0.2345809172377438,4465.25,0.3321033210332103,111.4788442037464,92.37284397194406,0.3214285714285714,0.580959128445162,0.5327663831915957,0.4967248908296943,0.0851382945873218,0.1170046801872074,0.5549242424242424,0.1662599315793579,0.292834890965732,0.3468614718614718,0.4714747039827772,0.1645418853941506,0.7071651090342679,0.2604951560818084,4510.375,0.310010764262648
Saint Mary's (CA),Virginia Commonwealth,2017-03-16,1,117.15055677022424,91.18303430711232,0.4157832744405182,0.6022899566058452,0.5797814207650274,0.6365795724465558,0.0670760152812275,0.0847176079734219,0.5789163722025913,0.1642345044999237,0.3175914994096812,0.2661955241460542,0.4519689737470167,0.1628988942544097,0.6824085005903188,0.2547732696897374,3949.525,0.2816229116945107,104.5512101215784,93.84578618704738,0.2967254408060453,0.5454408747677204,0.5244464944649446,0.5665938864628821,0.1063973483785833,0.1053459119496855,0.5110831234256927,0.1725362624692451,0.2947173308619091,0.3632241813602015,0.4713822894168467,0.1741425350415095,0.7052826691380908,0.3979481641468682,4834.549999999999,0.3131749460043196
Southern California,Southern Methodist,2017-03-17,1,109.66887960844272,101.29573791867004,0.359882005899705,0.5574971050627496,0.5042620008972634,0.5613463626492943,0.099013935294597,0.1357566765578635,0.5181907571288102,0.1510409719158193,0.2968325791855203,0.3751229105211406,0.4990588235294118,0.1499470295819411,0.7031674208144797,0.2409411764705882,4890.625,0.3656470588235294,115.31941521133167,92.43353783231083,0.3633457645178476,0.5752880413190306,0.5752254390128144,0.6235955056179775,0.0886162235855487,0.1138132295719844,0.5479488545551412,0.1624665794413788,0.3675126903553299,0.3649440596696857,0.4568690095846645,0.1622358554873892,0.63248730964467,0.2449414270500532,4397.875,0.4526091586794462
UNC Wilmington,Virginia,2017-03-16,0,116.48181479954548,102.48572118091866,0.4105990783410138,0.5796115241821693,0.5186035829122646,0.5248565965583174,0.092510658836779,0.0830271858927259,0.5571428571428572,0.1395690253295659,0.3129904097646033,0.3184331797235023,0.5253661087866108,0.1395704287667926,0.6870095902353966,0.3933054393305439,4972.425,0.2881799163179916,106.9269173837778,89.13816415443938,0.331974373907979,0.5529463660188381,0.5286908077994429,0.5721455457967378,0.0906404927637838,0.1396348012889366,0.5294117647058824,0.1505306204370405,0.2644067796610169,0.2574257425742574,0.4575226977950713,0.1502328609344483,0.735593220338983,0.3398184176394293,3989.85,0.3962386511024643
Villanova,Wisconsin,2017-03-18,0,117.25921568192162,93.1470392548237,0.4409363091997823,0.6155388003868968,0.5402770651616213,0.5323110624315444,0.107326330944668,0.0917832167832167,0.5786608600979859,0.1625023587261768,0.2897091722595078,0.3532934131736527,0.4806485355648535,0.1596806387225549,0.7102908277404921,0.2180962343096234,4544.35,0.401673640167364,107.93398640896652,92.55729420630348,0.3663115169964485,0.5384818598097922,0.5512033978291647,0.5173961840628507,0.1032847200673788,0.0985221674876847,0.5172501268391679,0.1592975024269702,0.3379501385041551,0.3206494165398275,0.4729508196721311,0.160024823795381,0.6620498614958449,0.2644808743169399,4522.1,0.3344262295081967
Virginia Tech,Wisconsin,2017-03-16,0,110.9543341536779,104.00672702056326,0.3985260770975056,0.6027690296511974,0.4772158237356034,0.5590277777777778,0.055912898188291,0.0699685534591195,0.5700113378684807,0.167131528575335,0.2120890774125132,0.405328798185941,0.5086338242762823,0.166865055530681,0.7879109225874867,0.2686642965972575,4574.9,0.3539867953275774,107.93398640896652,92.55729420630348,0.3663115169964485,0.5384818598097922,0.5512033978291647,0.5173961840628507,0.1032847200673788,0.0985221674876847,0.5172501268391679,0.1592975024269702,0.3379501385041551,0.3206494165398275,0.4729508196721311,0.160024823795381,0.6620498614958449,0.2644808743169399,4522.1,0.3344262295081967
Alabama,Virginia Tech,2018-03-15,1,101.84016062594443,97.45307075486193,0.3558870538092701,0.547506176136743,0.5104583889630618,0.4953488372093023,0.089301258615216,0.1485623003194888,0.5159829515183804,0.1945726646105442,0.28,0.4144912093766649,0.4718875502008032,0.1925302364639979,0.72,0.3679718875502008,4856.724999999999,0.3714859437751004,111.20435052692376,100.51439203239576,0.4014356709000552,0.6002423557924211,0.4853306812531079,0.586015538290788,0.0805516033709094,0.0669110907424381,0.5748205411374931,0.1639076275896641,0.2188160676532769,0.3649917172832689,0.4992167101827676,0.1646054503666411,0.781183932346723,0.2872062663185378,4578.225,0.4302872062663185
Alabama,Villanova,2018-03-17,0,101.84016062594443,97.45307075486193,0.3558870538092701,0.547506176136743,0.5104583889630618,0.4953488372093023,0.089301258615216,0.1485623003194888,0.5159829515183804,0.1945726646105442,0.28,0.4144912093766649,0.4718875502008032,0.1925302364639979,0.72,0.3679718875502008,4856.724999999999,0.3714859437751004,121.53437143942274,97.23917407224344,0.4660611854684512,0.6227580185354666,0.5341941654710665,0.5374407582938389,0.0915904253709512,0.1021953065859197,0.597036328871893,0.137547346054752,0.2754491017964072,0.2863288718929254,0.4924279433317049,0.1351664867809193,0.7245508982035929,0.2554958475818271,4913.950000000001,0.3546653639472398
Arizona,Buffalo,2018-03-15,0,115.0747986191024,100.01136492783272,0.3218153687467767,0.6015531007328011,0.5704600484261502,0.5285714285714286,0.0698426474082798,0.1205287713841368,0.5660134089736978,0.1711476095825922,0.3234358430540827,0.3764827230531201,0.4931989924433249,0.1690274721300974,0.6765641569459173,0.3178841309823678,4809.475,0.3521410579345088,110.99774770439102,99.33175419338689,0.4022675736961451,0.5717175322743768,0.5207433016421781,0.5511961722488038,0.0835788703372041,0.105457227138643,0.5485260770975057,0.1636283134733478,0.3021645021645022,0.3020408163265306,0.4807411019015115,0.1636913359138791,0.6978354978354978,0.4027303754266211,5193.699999999999,0.3388590931253047
Arkansas,Butler,2018-03-16,0,110.55639097744358,103.52334112714664,0.3213766359670383,0.5675759135357694,0.4931756141947225,0.499492385786802,0.0854631943884544,0.1364031277150304,0.5416868637905963,0.1447619047619047,0.274582560296846,0.3732428502181289,0.5017775520568817,0.1455293074256228,0.725417439703154,0.4144235652615541,4974.35,0.4154393092940579,108.26836954718854,100.6790175203286,0.3718765311121999,0.5686966370447814,0.5042351768809168,0.479253112033195,0.0930505490820689,0.0841283607979184,0.5384615384615384,0.1496931497760822,0.2418558736426456,0.2626163645271925,0.5203141928494042,0.1513119289127336,0.7581441263573544,0.3510292524377031,4797.4000000000015,0.3754062838569881
Auburn,College of Charleston,2018-03-16,1,111.45575503127904,98.23092222338532,0.4309559939301973,0.5672311339307544,0.5256529850746269,0.532258064516129,0.0996545587773474,0.1544642857142857,0.5179564997470916,0.1620870800304957,0.3188940092165898,0.3990895295902883,0.494862087614927,0.1624620538050874,0.6811059907834102,0.3839913466738778,4782.025,0.3942671714440238,110.65587496511304,101.71466995405132,0.3764832793959007,0.5685116145683969,0.4982733103108041,0.4424882629107981,0.0766558332399417,0.1010186757215619,0.5280474649406688,0.1357521629919062,0.2442442442442442,0.3694714131607335,0.4978354978354978,0.1362770368710075,0.7557557557557557,0.3084415584415584,4470.125,0.3625541125541126
Auburn,Clemson,2018-03-18,0,111.45575503127904,98.23092222338532,0.4309559939301973,0.5672311339307544,0.5256529850746269,0.532258064516129,0.0996545587773474,0.1544642857142857,0.5179564997470916,0.1620870800304957,0.3188940092165898,0.3990895295902883,0.494862087614927,0.1624620538050874,0.6811059907834102,0.3839913466738778,4782.025,0.3942671714440238,106.23959406961072,95.61644457560554,0.406494960806271,0.5649853633855754,0.5227272727272727,0.5216316440049443,0.0826314953122517,0.1332760103181427,0.5274356103023516,0.1717049302873452,0.258098223615465,0.3409854423292273,0.475880758807588,0.1720732786996889,0.741901776384535,0.2699186991869918,4409.825000000001,0.3696476964769647
Bucknell,Michigan State,2018-03-16,0,108.49817137913404,97.51584583284124,0.3929824561403509,0.5757752827747401,0.512932924156072,0.5222929936305732,0.0751938900043305,0.106338028169014,0.5395989974937343,0.1659522592315859,0.2522935779816513,0.4230576441102757,0.4757211538461538,0.1661351915278926,0.7477064220183486,0.3442307692307692,5083.0,0.3173076923076923,116.88283283392752,92.38214578922351,0.3584401709401709,0.6089195779494542,0.5865561694290976,0.6765641569459173,0.0583329732532515,0.1882261812548412,0.5777243589743589,0.1841604514336956,0.3503727369542066,0.3621794871794871,0.4256588761810044,0.1819124573305102,0.6496272630457934,0.2923918448533068,4600.35,0.3580308304326206
Buffalo,Kentucky,2018-03-17,0,110.99774770439102,99.33175419338689,0.4022675736961451,0.5717175322743768,0.5207433016421781,0.5511961722488038,0.0835788703372041,0.105457227138643,0.5485260770975057,0.1636283134733478,0.3021645021645022,0.3020408163265306,0.4807411019015115,0.1636913359138791,0.6978354978354978,0.4027303754266211,5193.699999999999,0.3388590931253047,107.5410646936378,99.11254872688066,0.2620020429009193,0.5536809490460728,0.5407537248028046,0.4956521739130435,0.0792070996101849,0.1393786733837111,0.5171092951991828,0.1797159992580532,0.3452830188679245,0.4279877425944842,0.4689320388349514,0.1808078294766525,0.6547169811320754,0.3223300970873786,4837.45,0.4218446601941747
Butler,Purdue,2018-03-18,0,108.26836954718854,100.6790175203286,0.3718765311121999,0.5686966370447814,0.5042351768809168,0.479253112033195,0.0930505490820689,0.0841283607979184,0.5384615384615384,0.1496931497760822,0.2418558736426456,0.2626163645271925,0.5203141928494042,0.1513119289127336,0.7581441263573544,0.3510292524377031,4797.4000000000015,0.3754062838569881,116.33496373756115,94.3194903704956,0.4024896265560166,0.6107765872664482,0.5237410071942447,0.592901878914405,0.083670515651246,0.1282820705176294,0.5814315352697096,0.1505312868949233,0.2587486744432661,0.3609958506224066,0.4682734874569602,0.1508604751893679,0.7412513255567338,0.2375799311362518,4738.025,0.3443187407771766
Cal State Fullerton,Purdue,2018-03-16,0,102.14757399511764,97.20170136556972,0.2884500299222022,0.562640195312984,0.5144777662874871,0.5038167938931297,0.0886501007387508,0.0849453322119428,0.5191502094554159,0.1930454151713897,0.2488888888888888,0.4362657091561939,0.4719755826859045,0.1920752182672934,0.7511111111111111,0.344062153163152,4455.775,0.3401775804661487,116.33496373756115,94.3194903704956,0.4024896265560166,0.6107765872664482,0.5237410071942447,0.592901878914405,0.083670515651246,0.1282820705176294,0.5814315352697096,0.1505312868949233,0.2587486744432661,0.3609958506224066,0.4682734874569602,0.1508604751893679,0.7412513255567338,0.2375799311362518,4738.025,0.3443187407771766
Cincinnati,Georgia State,2018-03-16,1,110.11687958684422,84.2128074547622,0.3524340770791075,0.5465436295936539,0.5601679104477612,0.6080627099664053,0.1074872683931087,0.1623488773747841,0.5157200811359026,0.1626528948083718,0.3692162417374882,0.3676470588235294,0.4282258064516129,0.1620977353992849,0.6307837582625118,0.2741935483870967,4606.625,0.3774193548387097,107.34794819130651,96.18800382565924,0.4101010101010101,0.5639230193332453,0.479652491998171,0.4934497816593886,0.1051005286556591,0.1504854368932038,0.5421717171717172,0.1550907490464014,0.2417061611374407,0.3090909090909091,0.4713308784850079,0.1555487824103755,0.7582938388625592,0.3750657548658601,4764.375,0.4581799053129932
Cincinnati,Nevada,2018-03-18,0,110.11687958684422,84.2128074547622,0.3524340770791075,0.5465436295936539,0.5601679104477612,0.6080627099664053,0.1074872683931087,0.1623488773747841,0.5157200811359026,0.1626528948083718,0.3692162417374882,0.3676470588235294,0.4282258064516129,0.1620977353992849,0.6307837582625118,0.2741935483870967,4606.625,0.3774193548387097,114.60678715592614,100.11514453669474,0.4036964980544747,0.5841725428565521,0.5013297872340425,0.5804776739356179,0.0860553905823889,0.1112890312249799,0.5486381322957199,0.1350940181342421,0.2626262626262626,0.3706225680933852,0.491517207949588,0.1345373007696503,0.7373737373737373,0.3073194377120698,4940.099999999999,0.3945710130877363
Clemson,New Mexico State,2018-03-16,1,106.23959406961072,95.61644457560554,0.406494960806271,0.5649853633855754,0.5227272727272727,0.5216316440049443,0.0826314953122517,0.1332760103181427,0.5274356103023516,0.1717049302873452,0.258098223615465,0.3409854423292273,0.475880758807588,0.1720732786996889,0.741901776384535,0.2699186991869918,4409.825000000001,0.3696476964769647,106.9011889768822,89.59196056931776,0.366307541625857,0.5395737711983106,0.5704874835309618,0.4952076677316294,0.0792020183740166,0.088006902502157,0.5208129285014691,0.1750378892992081,0.3451957295373665,0.286973555337904,0.4505376344086022,0.1745850942653055,0.6548042704626335,0.3241935483870968,4690.774999999999,0.3768817204301075
Clemson,Kansas,2018-03-23,0,106.23959406961072,95.61644457560554,0.406494960806271,0.5649853633855754,0.5227272727272727,0.5216316440049443,0.0826314953122517,0.1332760103181427,0.5274356103023516,0.1717049302873452,0.258098223615465,0.3409854423292273,0.475880758807588,0.1720732786996889,0.741901776384535,0.2699186991869918,4409.825000000001,0.3696476964769647,114.66997723980968,99.1582647303672,0.4164237123420797,0.5986174119680276,0.5054595086442221,0.564453125,0.0924983812783276,0.1097372488408037,0.5813896987366375,0.1609766190771777,0.2775628626692456,0.2623906705539358,0.4847546450690805,0.1599194236323086,0.7224371373307543,0.2482134349690328,4848.975,0.3835159599809433
Creighton,Kansas State,2018-03-16,0,113.04147368862252,99.94424163361492,0.4485368314833501,0.6042072719940856,0.5075187969924813,0.584771573604061,0.0761680325713023,0.0665622552858261,0.5812310797174571,0.1487939308841712,0.203030303030303,0.2653884964682139,0.4943710230053842,0.1493903401260349,0.796969696969697,0.2383749388154674,4762.175,0.3749388154674498,106.92577211108998,99.96652906392949,0.3677526228602982,0.5687542424350684,0.4763617677286742,0.5538641686182669,0.1146937409349548,0.0924369747899159,0.5347874102705688,0.1634334456471852,0.2436708860759493,0.3351739370513528,0.4949324324324324,0.1628918888764922,0.7563291139240507,0.3659909909909909,4474.075,0.3969594594594595
Davidson,Kentucky,2018-03-15,0,115.1654974339658,101.63117566868804,0.4820739106453392,0.6042788675329809,0.5112742527530152,0.616,0.0719221548441686,0.0617647058823529,0.5769442912300056,0.1374829323414473,0.2119205298013245,0.2448979591836734,0.512112676056338,0.1372631974803742,0.7880794701986755,0.2861971830985915,4251.2,0.4253521126760563,107.5410646936378,99.11254872688066,0.2620020429009193,0.5536809490460728,0.5407537248028046,0.4956521739130435,0.0792070996101849,0.1393786733837111,0.5171092951991828,0.1797159992580532,0.3452830188679245,0.4279877425944842,0.4689320388349514,0.1808078294766525,0.6547169811320754,0.3223300970873786,4837.45,0.4218446601941747
Duke,Iona,2018-03-15,1,116.76606055542211,95.19961041517722,0.3546966731898239,0.5865256486931705,0.5740248226950354,0.5734126984126984,0.1027840809010185,0.1318926974664679,0.5601761252446184,0.1696136693577866,0.3794428434197887,0.348825831702544,0.4601603017444601,0.1682674872815061,0.6205571565802114,0.2201791607732201,4806.5,0.3672795851013672,107.82829316200836,103.9224200318425,0.4077380952380952,0.5711622664412365,0.4687786960514233,0.564983888292159,0.092632797799971,0.0765151515151515,0.5409226190476191,0.1534558251831238,0.2228464419475655,0.3035714285714285,0.5208845208845209,0.1550772284597729,0.7771535580524345,0.2918918918918919,4861.850000000001,0.3513513513513513
Duke,Rhode Island,2018-03-17,1,116.76606055542211,95.19961041517722,0.3546966731898239,0.5865256486931705,0.5740248226950354,0.5734126984126984,0.1027840809010185,0.1318926974664679,0.5601761252446184,0.1696136693577866,0.3794428434197887,0.348825831702544,0.4601603017444601,0.1682674872815061,0.6205571565802114,0.2201791607732201,4806.5,0.3672795851013672,107.84866682149456,96.70672007120608,0.3185071574642126,0.544299699719813,0.5082789764174611,0.5439377085650723,0.1068090787716956,0.095360824742268,0.5153374233128835,0.1486347500082943,0.2980132450331126,0.3052147239263804,0.5005980861244019,0.1495327102803738,0.7019867549668874,0.4066985645933014,4507.574999999999,0.3038277511961722
Duke,Syracuse,2018-03-23,1,116.76606055542211,95.19961041517722,0.3546966731898239,0.5865256486931705,0.5740248226950354,0.5734126984126984,0.1027840809010185,0.1318926974664679,0.5601761252446184,0.1696136693577866,0.3794428434197887,0.348825831702544,0.4601603017444601,0.1682674872815061,0.6205571565802114,0.2201791607732201,4806.5,0.3672795851013672,101.26526278534772,96.3006200508816,0.3360433604336043,0.5206058951965066,0.536768149882904,0.4824902723735408,0.1074901705965924,0.1778202676864244,0.4720867208672086,0.1800566271456379,0.3317307692307692,0.4032520325203252,0.4688166311300639,0.1792971288230046,0.6682692307692307,0.3097014925373134,4530.375000000001,0.4424307036247334
Duke,Kansas,2018-03-25,0,116.76606055542211,95.19961041517722,0.3546966731898239,0.5865256486931705,0.5740248226950354,0.5734126984126984,0.1027840809010185,0.1318926974664679,0.5601761252446184,0.1696136693577866,0.3794428434197887,0.348825831702544,0.4601603017444601,0.1682674872815061,0.6205571565802114,0.2201791607732201,4806.5,0.3672795851013672,114.66997723980968,99.1582647303672,0.4164237123420797,0.5986174119680276,0.5054595086442221,0.564453125,0.0924983812783276,0.1097372488408037,0.5813896987366375,0.1609766190771777,0.2775628626692456,0.2623906705539358,0.4847546450690805,0.1599194236323086,0.7224371373307543,0.2482134349690328,4848.975,0.3835159599809433
Florida,St. Bonaventure,2018-03-15,1,108.6607142857143,98.36319569716356,0.4016520392359318,0.5430611334225792,0.4897472579876013,0.4934601664684899,0.097831981318961,0.1238720262510254,0.5095508518327311,0.1316964285714286,0.2723091076356945,0.3304078471863707,0.4888283378746594,0.1305902013081154,0.7276908923643054,0.3166212534059945,4498.974999999999,0.3356948228882834,109.22288642186165,97.59060114553776,0.3359497645211931,0.5629401408450704,0.5140946010511228,0.532871972318339,0.0975906011455377,0.1090047393364928,0.5196232339089482,0.1562766865926558,0.2851637764932562,0.3976975405546834,0.490280777537797,0.1532968241170249,0.7148362235067437,0.3882289416846652,4729.525,0.4303455723542116
Florida,Texas Tech,2018-03-17,0,108.6607142857143,98.36319569716356,0.4016520392359318,0.5430611334225792,0.4897472579876013,0.4934601664684899,0.097831981318961,0.1238720262510254,0.5095508518327311,0.1316964285714286,0.2723091076356945,0.3304078471863707,0.4888283378746594,0.1305902013081154,0.7276908923643054,0.3166212534059945,4498.974999999999,0.3356948228882834,108.24950136783252,91.51111206360773,0.3408602150537634,0.5603005720346154,0.5401897154268597,0.5515643105446119,0.1045841280726945,0.1292392300641613,0.5263440860215054,0.1713332824710357,0.3224155578300921,0.4026881720430108,0.4663488502523836,0.1684490259531514,0.6775844421699079,0.380257992148065,4626.825,0.3881099270891755
Florida State,Missouri,2018-03-16,1,109.63465925677647,99.08808067803886,0.3692468619246862,0.5657913825620194,0.5230769230769231,0.522075055187638,0.0892608089260809,0.1333333333333333,0.5387029288702929,0.1725610613153996,0.3190243902439024,0.3614016736401673,0.4890795631825273,0.1712262632764725,0.6809756097560976,0.3068122724908996,4642.475,0.37597503900156,106.93967826889973,97.51076802595516,0.4516317016317016,0.5767835401473319,0.5396508728179551,0.5591259640102828,0.0738378922638026,0.1124896608767576,0.5402097902097902,0.2006544069864216,0.3013993541442411,0.3886946386946387,0.4663157894736842,0.1969010460368071,0.6986006458557589,0.2921052631578947,4427.449999999999,0.3636842105263158
Florida State,Xavier,2018-03-18,1,109.63465925677647,99.08808067803886,0.3692468619246862,0.5657913825620194,0.5230769230769231,0.522075055187638,0.0892608089260809,0.1333333333333333,0.5387029288702929,0.1725610613153996,0.3190243902439024,0.3614016736401673,0.4890795631825273,0.1712262632764725,0.6809756097560976,0.3068122724908996,4642.475,0.37597503900156,113.88322976279444,100.87516800558136,0.3599382080329557,0.6011738129465299,0.5500467726847521,0.5760755508919203,0.0792062954641057,0.0796387520525451,0.557157569515963,0.1662588683340329,0.2792338709677419,0.4021627188465499,0.5002413127413128,0.166620497193922,0.7207661290322581,0.2475868725868726,4878.650000000001,0.4121621621621621
Florida State,Gonzaga,2018-03-22,1,109.63465925677647,99.08808067803886,0.3692468619246862,0.5657913825620194,0.5230769230769231,0.522075055187638,0.0892608089260809,0.1333333333333333,0.5387029288702929,0.1725610613153996,0.3190243902439024,0.3614016736401673,0.4890795631825273,0.1712262632764725,0.6809756097560976,0.3068122724908996,4642.475,0.37597503900156,117.43906800878854,93.60611188022357,0.3961630695443645,0.6007004338508181,0.5688539741219963,0.5100095328884652,0.0898323334871558,0.0985915492957746,0.5772182254196643,0.1545143324306372,0.3148148148148148,0.3093525179856115,0.4685455460493206,0.1550530687586525,0.6851851851851852,0.2944136889783593,4884.25,0.3568193256165073
Florida State,Michigan,2018-03-24,0,109.63465925677647,99.08808067803886,0.3692468619246862,0.5657913825620194,0.5230769230769231,0.522075055187638,0.0892608089260809,0.1333333333333333,0.5387029288702929,0.1725610613153996,0.3190243902439024,0.3614016736401673,0.4890795631825273,0.1712262632764725,0.6809756097560976,0.3068122724908996,4642.475,0.37597503900156,111.87790454316162,94.0440197052667,0.4333499750374438,0.5686666012023611,0.5126050420168067,0.5493107104984093,0.0926062963824344,0.0842824601366742,0.5506739890164752,0.1309392205896557,0.2483720930232558,0.3030454318522216,0.4812268640930724,0.1289722392540753,0.7516279069767442,0.2993125330512956,4694.175000000001,0.3035430988894764
Gonzaga,UNC Greensboro,2018-03-15,1,117.43906800878854,93.60611188022357,0.3961630695443645,0.6007004338508181,0.5688539741219963,0.5100095328884652,0.0898323334871558,0.0985915492957746,0.5772182254196643,0.1545143324306372,0.3148148148148148,0.3093525179856115,0.4685455460493206,0.1550530687586525,0.6851851851851852,0.2944136889783593,4884.25,0.3568193256165073,105.891205052935,91.38991522411212,0.4561752988047808,0.5516723534413268,0.5523944997629208,0.5357142857142857,0.1133217713528594,0.1270611057225994,0.5278884462151394,0.1941480060618263,0.3345622119815668,0.2684262948207171,0.4703170028818443,0.1973436170327362,0.6654377880184332,0.3844380403458213,4679.85,0.4057636887608069
Gonzaga,Ohio State,2018-03-17,1,117.43906800878854,93.60611188022357,0.3961630695443645,0.6007004338508181,0.5688539741219963,0.5100095328884652,0.0898323334871558,0.0985915492957746,0.5772182254196643,0.1545143324306372,0.3148148148148148,0.3093525179856115,0.4685455460493206,0.1550530687586525,0.6851851851851852,0.2944136889783593,4884.25,0.3568193256165073,109.67574226652653,96.2008768074292,0.3322475570032573,0.5727168639856467,0.5469141996989463,0.5279642058165548,0.0870045418174031,0.1162579473206176,0.5439739413680782,0.1668192452446343,0.2922422954303932,0.3154180238870792,0.4832693362589139,0.1663454711431179,0.7077577045696068,0.290181020296215,4430.25,0.3960504662643993
Houston,San Diego State,2018-03-15,1,111.02420371094598,93.3841961852861,0.3773681515616999,0.5674499178252564,0.5628310062590275,0.5406593406593406,0.092425068119891,0.0932126696832579,0.5389144905273937,0.1690348933211663,0.341046277665996,0.3215565796210957,0.4580045095828636,0.1695912806539509,0.6589537223340041,0.411499436302142,4595.049999999999,0.3771138669673055,107.83429173958888,95.75323602313416,0.3622582331416623,0.556097451593735,0.5362806343104277,0.5408163265306123,0.0890112916551914,0.0931506849315068,0.5224777835859906,0.1634907003793766,0.3,0.3486670151594354,0.4845862628447809,0.165684384467089,0.7,0.2839372633856138,4569.2,0.4077879935100054
Houston,Michigan,2018-03-17,0,111.02420371094598,93.3841961852861,0.3773681515616999,0.5674499178252564,0.5628310062590275,0.5406593406593406,0.092425068119891,0.0932126696832579,0.5389144905273937,0.1690348933211663,0.341046277665996,0.3215565796210957,0.4580045095828636,0.1695912806539509,0.6589537223340041,0.411499436302142,4595.049999999999,0.3771138669673055,111.87790454316162,94.0440197052667,0.4333499750374438,0.5686666012023611,0.5126050420168067,0.5493107104984093,0.0926062963824344,0.0842824601366742,0.5506739890164752,0.1309392205896557,0.2483720930232558,0.3030454318522216,0.4812268640930724,0.1289722392540753,0.7516279069767442,0.2993125330512956,4694.175000000001,0.3035430988894764
Kansas,Pennsylvania,2018-03-15,1,114.66997723980968,99.1582647303672,0.4164237123420797,0.5986174119680276,0.5054595086442221,0.564453125,0.0924983812783276,0.1097372488408037,0.5813896987366375,0.1609766190771777,0.2775628626692456,0.2623906705539358,0.4847546450690805,0.1599194236323086,0.7224371373307543,0.2482134349690328,4848.975,0.3835159599809433,104.95264044280918,93.96776537984697,0.4238900634249471,0.5572833008669105,0.5081131200741771,0.5648679678530425,0.0812278226668376,0.0705329153605015,0.5343551797040169,0.1587591045128348,0.2213812677388836,0.3366807610993657,0.4615183246073298,0.1581804967722628,0.7786187322611163,0.3120418848167539,4669.674999999999,0.3319371727748691
Kansas,Seton Hall,2018-03-17,1,114.66997723980968,99.1582647303672,0.4164237123420797,0.5986174119680276,0.5054595086442221,0.564453125,0.0924983812783276,0.1097372488408037,0.5813896987366375,0.1609766190771777,0.2775628626692456,0.2623906705539358,0.4847546450690805,0.1599194236323086,0.7224371373307543,0.2482134349690328,4848.975,0.3835159599809433,108.58406889590444,100.85984522785898,0.328036904151717,0.5565462430927063,0.5336154207804419,0.5536105032822757,0.086414445399828,0.0921810699588477,0.5281906714505382,0.1705216588278246,0.3225806451612903,0.345463864684777,0.4989690721649484,0.1706792777300086,0.6774193548387096,0.2886597938144329,4654.150000000001,0.3737113402061855
Kansas,Villanova,2018-03-31,0,114.66997723980968,99.1582647303672,0.4164237123420797,0.5986174119680276,0.5054595086442221,0.564453125,0.0924983812783276,0.1097372488408037,0.5813896987366375,0.1609766190771777,0.2775628626692456,0.2623906705539358,0.4847546450690805,0.1599194236323086,0.7224371373307543,0.2482134349690328,4848.975,0.3835159599809433,121.53437143942274,97.23917407224344,0.4660611854684512,0.6227580185354666,0.5341941654710665,0.5374407582938389,0.0915904253709512,0.1021953065859197,0.597036328871893,0.137547346054752,0.2754491017964072,0.2863288718929254,0.4924279433317049,0.1351664867809193,0.7245508982035929,0.2554958475818271,4913.950000000001,0.3546653639472398
Kansas State,Maryland-Baltimore County,2018-03-18,1,106.92577211108998,99.96652906392949,0.3677526228602982,0.5687542424350684,0.4763617677286742,0.5538641686182669,0.1146937409349548,0.0924369747899159,0.5347874102705688,0.1634334456471852,0.2436708860759493,0.3351739370513528,0.4949324324324324,0.1628918888764922,0.7563291139240507,0.3659909909909909,4474.075,0.3969594594594595,104.21872246010926,98.6138944555778,0.4485699949824385,0.5505471514168976,0.480708125283704,0.59255079006772,0.10688042752171,0.0754214729370008,0.5313597591570497,0.1663020601134254,0.2426404995539696,0.305569493226292,0.5128138075313807,0.1674181696726786,0.7573595004460303,0.309623430962343,4806.475000000001,0.4105648535564853
Kansas State,Kentucky,2018-03-22,1,106.92577211108998,99.96652906392949,0.3677526228602982,0.5687542424350684,0.4763617677286742,0.5538641686182669,0.1146937409349548,0.0924369747899159,0.5347874102705688,0.1634334456471852,0.2436708860759493,0.3351739370513528,0.4949324324324324,0.1628918888764922,0.7563291139240507,0.3659909909909909,4474.075,0.3969594594594595,107.5410646936378,99.11254872688066,0.2620020429009193,0.5536809490460728,0.5407537248028046,0.4956521739130435,0.0792070996101849,0.1393786733837111,0.5171092951991828,0.1797159992580532,0.3452830188679245,0.4279877425944842,0.4689320388349514,0.1808078294766525,0.6547169811320754,0.3223300970873786,4837.45,0.4218446601941747
Kansas State,Loyola (IL),2018-03-24,0,106.92577211108998,99.96652906392949,0.3677526228602982,0.5687542424350684,0.4763617677286742,0.5538641686182669,0.1146937409349548,0.0924369747899159,0.5347874102705688,0.1634334456471852,0.2436708860759493,0.3351739370513528,0.4949324324324324,0.1628918888764922,0.7563291139240507,0.3659909909909909,4474.075,0.3969594594594595,108.86026941777976,92.66862170087975,0.3605600933488915,0.6033906007397215,0.5103734439834025,0.5983889528193326,0.0988044213850665,0.0706896551724138,0.5787631271878646,0.1780935788382924,0.2041763341067285,0.3273045507584597,0.4726925177498635,0.1764042409203699,0.7958236658932715,0.2512288367012561,4411.975,0.3664664117968323
Lipscomb,North Carolina,2018-03-16,0,104.54154260107428,98.24992324224743,0.3972672064777328,0.559455367446982,0.5267210144927537,0.55826859045505,0.08200699238365,0.0810372771474878,0.5217611336032388,0.1836005895794794,0.2726440988106129,0.4104251012145749,0.5082389289392379,0.1838224370338823,0.727355901189387,0.3774459320288362,5051.4000000000015,0.364572605561277,111.04230367302704,100.37360633071512,0.3492759982448442,0.5541391431992893,0.5717884130982368,0.6087786259541985,0.0776630482746447,0.1159533073929961,0.5234752084247477,0.1613964469559159,0.364106988783434,0.2860903905221588,0.5006902899217671,0.1635630865178124,0.635893011216566,0.2581684307409111,5133.175000000001,0.4086516336861482
Loyola (IL),Miami (FL),2018-03-15,1,108.86026941777976,92.66862170087975,0.3605600933488915,0.6033906007397215,0.5103734439834025,0.5983889528193326,0.0988044213850665,0.0706896551724138,0.5787631271878646,0.1780935788382924,0.2041763341067285,0.3273045507584597,0.4726925177498635,0.1764042409203699,0.7958236658932715,0.2512288367012561,4411.975,0.3664664117968323,106.01065178797867,97.89722879821753,0.365174672489083,0.5511471243976698,0.5058703420112303,0.4858823529411765,0.0942301443624379,0.1067708333333333,0.5302947598253275,0.1572406796855186,0.2662538699690402,0.2914847161572052,0.4879619260918253,0.1582880750127651,0.7337461300309598,0.284434490481523,4322.950000000001,0.35498320268757
Loyola (IL),Tennessee,2018-03-17,1,108.86026941777976,92.66862170087975,0.3605600933488915,0.6033906007397215,0.5103734439834025,0.5983889528193326,0.0988044213850665,0.0706896551724138,0.5787631271878646,0.1780935788382924,0.2041763341067285,0.3273045507584597,0.4726925177498635,0.1764042409203699,0.7958236658932715,0.2512288367012561,4411.975,0.3664664117968323,107.49832651135225,96.09122306891072,0.3558249868212967,0.550046604602064,0.5161904761904762,0.6266506602641057,0.0912230689106957,0.1281385281385281,0.507380073800738,0.1681170234946832,0.3170498084291188,0.3653136531365313,0.4677330391616106,0.1679732470807521,0.6829501915708812,0.3833425261996691,4558.3,0.3629343629343629
Loyola (IL),Nevada,2018-03-22,1,108.86026941777976,92.66862170087975,0.3605600933488915,0.6033906007397215,0.5103734439834025,0.5983889528193326,0.0988044213850665,0.0706896551724138,0.5787631271878646,0.1780935788382924,0.2041763341067285,0.3273045507584597,0.4726925177498635,0.1764042409203699,0.7958236658932715,0.2512288367012561,4411.975,0.3664664117968323,114.60678715592614,100.11514453669474,0.4036964980544747,0.5841725428565521,0.5013297872340425,0.5804776739356179,0.0860553905823889,0.1112890312249799,0.5486381322957199,0.1350940181342421,0.2626262626262626,0.3706225680933852,0.491517207949588,0.1345373007696503,0.7373737373737373,0.3073194377120698,4940.099999999999,0.3945710130877363
Loyola (IL),Michigan,2018-03-31,0,108.86026941777976,92.66862170087975,0.3605600933488915,0.6033906007397215,0.5103734439834025,0.5983889528193326,0.0988044213850665,0.0706896551724138,0.5787631271878646,0.1780935788382924,0.2041763341067285,0.3273045507584597,0.4726925177498635,0.1764042409203699,0.7958236658932715,0.2512288367012561,4411.975,0.3664664117968323,111.87790454316162,94.0440197052667,0.4333499750374438,0.5686666012023611,0.5126050420168067,0.5493107104984093,0.0926062963824344,0.0842824601366742,0.5506739890164752,0.1309392205896557,0.2483720930232558,0.3030454318522216,0.4812268640930724,0.1289722392540753,0.7516279069767442,0.2993125330512956,4694.175000000001,0.3035430988894764
Marshall,Wichita State,2018-03-16,1,107.6096754807692,100.10178259610989,0.4551039697542533,0.5845984329089128,0.4727120067170445,0.5907258064516129,0.0866552744861846,0.1282539682539682,0.5493856332703214,0.165264423076923,0.2044843049327354,0.332703213610586,0.4944885361552028,0.1643462102324192,0.7955156950672646,0.2861552028218695,5339.674999999999,0.3055555555555556,115.20652374291072,99.1713997154741,0.389917695473251,0.5854282156121537,0.57801766437684,0.6376344086021506,0.0651586069089842,0.1136158701532912,0.5534979423868313,0.1574546992420052,0.3340163934426229,0.3513374485596708,0.492749731471536,0.157683828719742,0.6659836065573771,0.3313641245972073,4607.5,0.4044038668098818
Marshall,West Virginia,2018-03-18,0,107.6096754807692,100.10178259610989,0.4551039697542533,0.5845984329089128,0.4727120067170445,0.5907258064516129,0.0866552744861846,0.1282539682539682,0.5493856332703214,0.165264423076923,0.2044843049327354,0.332703213610586,0.4944885361552028,0.1643462102324192,0.7955156950672646,0.2861552028218695,5339.674999999999,0.3055555555555556,110.19631389869836,96.87709699065708,0.3892463235294117,0.5417196145725978,0.5182060390763765,0.5423728813559322,0.1127342177257006,0.1603942652329749,0.5025275735294118,0.1514334273007601,0.3458646616541353,0.3120404411764705,0.495835646862854,0.153615857120735,0.6541353383458647,0.4414214325374792,4878.1500000000015,0.3803442531926707
Maryland-Baltimore County,Virginia,2018-03-16,1,104.21872246010926,98.6138944555778,0.4485699949824385,0.5505471514168976,0.480708125283704,0.59255079006772,0.10688042752171,0.0754214729370008,0.5313597591570497,0.1663020601134254,0.2426404995539696,0.305569493226292,0.5128138075313807,0.1674181696726786,0.7573595004460303,0.309623430962343,4806.475000000001,0.4105648535564853,109.56412745616082,86.59859682750316,0.3484340044742729,0.5576891802294307,0.5160780179230364,0.5490909090909091,0.1100912922211163,0.1248730964467005,0.5293624161073825,0.1317325534241862,0.2529989094874591,0.2477628635346756,0.4365558912386706,0.1317163674788356,0.7470010905125409,0.261631419939577,4069.1,0.404833836858006
Michigan,Montana,2018-03-15,1,111.87790454316162,94.0440197052667,0.4333499750374438,0.5686666012023611,0.5126050420168067,0.5493107104984093,0.0926062963824344,0.0842824601366742,0.5506739890164752,0.1309392205896557,0.2483720930232558,0.3030454318522216,0.4812268640930724,0.1289722392540753,0.7516279069767442,0.2993125330512956,4694.175000000001,0.3035430988894764,107.44912525658788,95.19612163948878,0.2717557251908397,0.5531535977513383,0.5354745925215724,0.4546436285097192,0.1078721484186446,0.0925619834710743,0.5178117048346056,0.1683841993935667,0.3169347209082308,0.3913486005089058,0.4865016872890889,0.1695733383701651,0.6830652790917692,0.4173228346456692,4781.725,0.3194600674915636
Michigan,Texas A&M,2018-03-22,1,111.87790454316162,94.0440197052667,0.4333499750374438,0.5686666012023611,0.5126050420168067,0.5493107104984093,0.0926062963824344,0.0842824601366742,0.5506739890164752,0.1309392205896557,0.2483720930232558,0.3030454318522216,0.4812268640930724,0.1289722392540753,0.7516279069767442,0.2993125330512956,4694.175000000001,0.3035430988894764,103.78602780600666,97.10510301660436,0.3321318228630278,0.5363248340745045,0.5444839857651246,0.5580608793686584,0.0778057897939668,0.152789005658852,0.511071060762101,0.1850850829207118,0.3302151543498597,0.3202883625128733,0.464447806354009,0.1860384247587586,0.6697848456501403,0.2904689863842662,4613.049999999999,0.3761976802824004
Michigan,Villanova,2018-04-02,0,111.87790454316162,94.0440197052667,0.4333499750374438,0.5686666012023611,0.5126050420168067,0.5493107104984093,0.0926062963824344,0.0842824601366742,0.5506739890164752,0.1309392205896557,0.2483720930232558,0.3030454318522216,0.4812268640930724,0.1289722392540753,0.7516279069767442,0.2993125330512956,4694.175000000001,0.3035430988894764,121.53437143942274,97.23917407224344,0.4660611854684512,0.6227580185354666,0.5341941654710665,0.5374407582938389,0.0915904253709512,0.1021953065859197,0.597036328871893,0.137547346054752,0.2754491017964072,0.2863288718929254,0.4924279433317049,0.1351664867809193,0.7245508982035929,0.2554958475818271,4913.950000000001,0.3546653639472398
Michigan State,Syracuse,2018-03-18,0,116.88283283392752,92.38214578922351,0.3584401709401709,0.6089195779494542,0.5865561694290976,0.6765641569459173,0.0583329732532515,0.1882261812548412,0.5777243589743589,0.1841604514336956,0.3503727369542066,0.3621794871794871,0.4256588761810044,0.1819124573305102,0.6496272630457934,0.2923918448533068,4600.35,0.3580308304326206,101.26526278534772,96.3006200508816,0.3360433604336043,0.5206058951965066,0.536768149882904,0.4824902723735408,0.1074901705965924,0.1778202676864244,0.4720867208672086,0.1800566271456379,0.3317307692307692,0.4032520325203252,0.4688166311300639,0.1792971288230046,0.6682692307692307,0.3097014925373134,4530.375000000001,0.4424307036247334
Murray State,West Virginia,2018-03-16,0,114.1111732885656,94.36130814864694,0.3972602739726027,0.5918061333075361,0.5472379969024265,0.5406360424028268,0.0979834449771875,0.0858895705521472,0.559931506849315,0.1678791270285395,0.3137472283813747,0.3789954337899543,0.4645868465430017,0.1671755459326422,0.6862527716186253,0.2939853850477796,4297.824999999999,0.3586284429454749,110.19631389869836,96.87709699065708,0.3892463235294117,0.5417196145725978,0.5182060390763765,0.5423728813559322,0.1127342177257006,0.1603942652329749,0.5025275735294118,0.1514334273007601,0.3458646616541353,0.3120404411764705,0.495835646862854,0.153615857120735,0.6541353383458647,0.4414214325374792,4878.1500000000015,0.3803442531926707
NC State,Seton Hall,2018-03-15,0,109.75043283645118,101.42367687429508,0.339688911189162,0.561557408927877,0.5022069641981364,0.551760939167556,0.1021472196803643,0.0948678071539657,0.5333667837431009,0.1604661965288628,0.3134615384615384,0.3391871550426493,0.515311510031679,0.1617330978272435,0.6865384615384615,0.3262935586061246,4717.65,0.321013727560718,108.58406889590444,100.85984522785898,0.328036904151717,0.5565462430927063,0.5336154207804419,0.5536105032822757,0.086414445399828,0.0921810699588477,0.5281906714505382,0.1705216588278246,0.3225806451612903,0.345463864684777,0.4989690721649484,0.1706792777300086,0.6774193548387096,0.2886597938144329,4654.150000000001,0.3737113402061855
Nevada,Texas,2018-03-16,1,114.60678715592614,100.11514453669474,0.4036964980544747,0.5841725428565521,0.5013297872340425,0.5804776739356179,0.0860553905823889,0.1112890312249799,0.5486381322957199,0.1350940181342421,0.2626262626262626,0.3706225680933852,0.491517207949588,0.1345373007696503,0.7373737373737373,0.3073194377120698,4940.099999999999,0.3945710130877363,102.18552695483244,97.47964663086783,0.38188368502316,0.526146151708808,0.5032051282051282,0.4488836662749706,0.0887753334488134,0.128125,0.4981986618630983,0.1623225945712589,0.2816773017319963,0.3319608852290273,0.4793893129770992,0.1628269530573358,0.7183226982680037,0.260559796437659,4625.575000000001,0.3486005089058524
North Carolina,Texas A&M,2018-03-18,0,111.04230367302704,100.37360633071512,0.3492759982448442,0.5541391431992893,0.5717884130982368,0.6087786259541985,0.0776630482746447,0.1159533073929961,0.5234752084247477,0.1613964469559159,0.364106988783434,0.2860903905221588,0.5006902899217671,0.1635630865178124,0.635893011216566,0.2581684307409111,5133.175000000001,0.4086516336861482,103.78602780600666,97.10510301660436,0.3321318228630278,0.5363248340745045,0.5444839857651246,0.5580608793686584,0.0778057897939668,0.152789005658852,0.511071060762101,0.1850850829207118,0.3302151543498597,0.3202883625128733,0.464447806354009,0.1860384247587586,0.6697848456501403,0.2904689863842662,4613.049999999999,0.3761976802824004
Ohio State,South Dakota State,2018-03-15,1,109.67574226652653,96.2008768074292,0.3322475570032573,0.5727168639856467,0.5469141996989463,0.5279642058165548,0.0870045418174031,0.1162579473206176,0.5439739413680782,0.1668192452446343,0.2922422954303932,0.3154180238870792,0.4832693362589139,0.1663454711431179,0.7077577045696068,0.290181020296215,4430.25,0.3960504662643993,114.90018419873547,99.71783575070543,0.4299424184261036,0.591703840434805,0.5276705276705277,0.4688457609805924,0.0669273798326815,0.0587349397590361,0.5563819577735125,0.1322248220241947,0.2327044025157232,0.3574856046065259,0.4935275080906149,0.1314786396713034,0.7672955974842768,0.2473416551086454,5036.0,0.386037910309755
Oklahoma,Rhode Island,2018-03-15,0,108.3076923076923,104.19818651516556,0.4092276830491474,0.5720476706392199,0.4977231329690346,0.5048648648648648,0.0839843146941674,0.1106899166034875,0.5381143430290872,0.1677948717948718,0.2627118644067797,0.3309929789368104,0.5116611137553546,0.1683803172054631,0.7372881355932204,0.256544502617801,4866.525,0.3722037125178486,107.84866682149456,96.70672007120608,0.3185071574642126,0.544299699719813,0.5082789764174611,0.5439377085650723,0.1068090787716956,0.095360824742268,0.5153374233128835,0.1486347500082943,0.2980132450331126,0.3052147239263804,0.5005980861244019,0.1495327102803738,0.7019867549668874,0.4066985645933014,4507.574999999999,0.3038277511961722
Providence,Texas A&M,2018-03-16,0,101.90616581101,101.0096881003965,0.3296202531645569,0.5347559349159776,0.4907947911989223,0.536697247706422,0.0952458815353799,0.10062893081761,0.4964556962025316,0.1683525644284044,0.2620932277924362,0.3924050632911392,0.5014985014985015,0.1692351714834648,0.7379067722075637,0.3136863136863136,4905.425,0.3646353646353646,103.78602780600666,97.10510301660436,0.3321318228630278,0.5363248340745045,0.5444839857651246,0.5580608793686584,0.0778057897939668,0.152789005658852,0.511071060762101,0.1850850829207118,0.3302151543498597,0.3202883625128733,0.464447806354009,0.1860384247587586,0.6697848456501403,0.2904689863842662,4613.049999999999,0.3761976802824004
Purdue,Texas Tech,2018-03-23,0,116.33496373756115,94.3194903704956,0.4024896265560166,0.6107765872664482,0.5237410071942447,0.592901878914405,0.083670515651246,0.1282820705176294,0.5814315352697096,0.1505312868949233,0.2587486744432661,0.3609958506224066,0.4682734874569602,0.1508604751893679,0.7412513255567338,0.2375799311362518,4738.025,0.3443187407771766,108.24950136783252,91.51111206360773,0.3408602150537634,0.5603005720346154,0.5401897154268597,0.5515643105446119,0.1045841280726945,0.1292392300641613,0.5263440860215054,0.1713332824710357,0.3224155578300921,0.4026881720430108,0.4663488502523836,0.1684490259531514,0.6775844421699079,0.380257992148065,4626.825,0.3881099270891755
Radford,Villanova,2018-03-15,0,103.59579649415323,98.08967201674808,0.3961875321998969,0.5305498752837015,0.5274201239866476,0.5204819277108433,0.0959525471039776,0.090505767524401,0.4969088098918083,0.1759505056931615,0.3218923933209647,0.3080886141164348,0.4940379403794038,0.1748953244940683,0.6781076066790352,0.3078590785907859,4571.85,0.389159891598916,121.53437143942274,97.23917407224344,0.4660611854684512,0.6227580185354666,0.5341941654710665,0.5374407582938389,0.0915904253709512,0.1021953065859197,0.597036328871893,0.137547346054752,0.2754491017964072,0.2863288718929254,0.4924279433317049,0.1351664867809193,0.7245508982035929,0.2554958475818271,4913.950000000001,0.3546653639472398
Stephen F. Austin,Texas Tech,2018-03-15,0,107.95371176476344,90.69371292072132,0.3166003976143141,0.5777465997968778,0.5389483933787731,0.4979633401221996,0.1374503162140465,0.0972871842843779,0.5469681908548708,0.2011170998444668,0.3362487852283771,0.3931411530815109,0.4959816303099885,0.2012805200399428,0.6637512147716229,0.4902411021814007,5109.375,0.3863375430539609,108.24950136783252,91.51111206360773,0.3408602150537634,0.5603005720346154,0.5401897154268597,0.5515643105446119,0.1045841280726945,0.1292392300641613,0.5263440860215054,0.1713332824710357,0.3224155578300921,0.4026881720430108,0.4663488502523836,0.1684490259531514,0.6775844421699079,0.380257992148065,4626.825,0.3881099270891755
Syracuse,TCU,2018-03-16,1,101.26526278534772,96.3006200508816,0.3360433604336043,0.5206058951965066,0.536768149882904,0.4824902723735408,0.1074901705965924,0.1778202676864244,0.4720867208672086,0.1800566271456379,0.3317307692307692,0.4032520325203252,0.4688166311300639,0.1792971288230046,0.6682692307692307,0.3097014925373134,4530.375000000001,0.4424307036247334,114.1346969908576,104.16108533279036,0.3516883116883116,0.5936323100477187,0.5509783728115345,0.6260416666666667,0.0904443991984311,0.0944170771756978,0.5690909090909091,0.1706004318726297,0.3259023354564755,0.3412987012987013,0.5273540241977906,0.1701726373543941,0.6740976645435244,0.3066806943713834,4660.000000000002,0.3592845870594424
Tennessee,Wright State,2018-03-15,1,107.49832651135225,96.09122306891072,0.3558249868212967,0.550046604602064,0.5161904761904762,0.6266506602641057,0.0912230689106957,0.1281385281385281,0.507380073800738,0.1681170234946832,0.3170498084291188,0.3653136531365313,0.4677330391616106,0.1679732470807521,0.6829501915708812,0.3833425261996691,4558.3,0.3629343629343629,100.73301439336387,91.9881000175,0.3481368044920878,0.533690142070796,0.5244180739388408,0.5281030444964872,0.0930586866784019,0.0653310104529616,0.4954058192955589,0.1782231074061146,0.2727272727272727,0.3644716692189892,0.4832020997375328,0.1787056195505595,0.7272727272727273,0.2923884514435695,4863.724999999999,0.3973753280839895
Texas Southern,Xavier,2018-03-16,0,103.81931446232996,105.36171513738677,0.3695014662756598,0.5488070955236907,0.4856781802864364,0.4738598442714127,0.0752856651507624,0.0936675461741424,0.5058651026392962,0.1681688599648688,0.2596153846153846,0.4296187683284457,0.5086436170212766,0.1673864027209844,0.7403846153846154,0.3067375886524823,5221.225,0.3280141843971631,113.88322976279444,100.87516800558136,0.3599382080329557,0.6011738129465299,0.5500467726847521,0.5760755508919203,0.0792062954641057,0.0796387520525451,0.557157569515963,0.1662588683340329,0.2792338709677419,0.4021627188465499,0.5002413127413128,0.166620497193922,0.7207661290322581,0.2475868725868726,4878.650000000001,0.4121621621621621
Texas Tech,Villanova,2018-03-25,0,108.24950136783252,91.51111206360773,0.3408602150537634,0.5603005720346154,0.5401897154268597,0.5515643105446119,0.1045841280726945,0.1292392300641613,0.5263440860215054,0.1713332824710357,0.3224155578300921,0.4026881720430108,0.4663488502523836,0.1684490259531514,0.6775844421699079,0.380257992148065,4626.825,0.3881099270891755,121.53437143942274,97.23917407224344,0.4660611854684512,0.6227580185354666,0.5341941654710665,0.5374407582938389,0.0915904253709512,0.1021953065859197,0.597036328871893,0.137547346054752,0.2754491017964072,0.2863288718929254,0.4924279433317049,0.1351664867809193,0.7245508982035929,0.2554958475818271,4913.950000000001,0.3546653639472398
Villanova,West Virginia,2018-03-23,1,121.53437143942274,97.23917407224344,0.4660611854684512,0.6227580185354666,0.5341941654710665,0.5374407582938389,0.0915904253709512,0.1021953065859197,0.597036328871893,0.137547346054752,0.2754491017964072,0.2863288718929254,0.4924279433317049,0.1351664867809193,0.7245508982035929,0.2554958475818271,4913.950000000001,0.3546653639472398,110.19631389869836,96.87709699065708,0.3892463235294117,0.5417196145725978,0.5182060390763765,0.5423728813559322,0.1127342177257006,0.1603942652329749,0.5025275735294118,0.1514334273007601,0.3458646616541353,0.3120404411764705,0.495835646862854,0.153615857120735,0.6541353383458647,0.4414214325374792,4878.1500000000015,0.3803442531926707
Abilene Christian,Kentucky,2019-03-21,0,109.0892952245695,91.37991573033707,0.3428417653390743,0.5694560281716246,0.5153374233128835,0.5863636363636363,0.1264044943820224,0.0805729632945389,0.5398277717976319,0.1708680987040653,0.2911646586345381,0.3401506996770721,0.4857227840571088,0.1689782303370786,0.7088353413654619,0.3712076145151695,4531.6,0.3355145746579417,111.32116948779952,94.62761469598853,0.2980926430517711,0.5740194967127635,0.5686274509803921,0.520501138952164,0.0872204507850936,0.1420068027210884,0.5326975476839237,0.1785007693998681,0.3470648815653965,0.4250681198910082,0.470372312532774,0.1779472513504925,0.6529351184346035,0.2711064499213424,4556.075,0.383324593602517
Arizona State,Buffalo,2019-03-22,0,103.66087852998848,97.0399386180996,0.3545081967213114,0.5428867856613522,0.5349462365591398,0.5120274914089347,0.082380971610871,0.0954545454545454,0.5079405737704918,0.1786977703208069,0.2997275204359673,0.4415983606557377,0.4817668207498716,0.1784921051568873,0.7002724795640327,0.384180790960452,4949.75,0.4350282485875706,111.440175186425,92.87553980518598,0.4336917562724014,0.5610981047396081,0.529050736497545,0.5546950629235237,0.0964387381630162,0.1052631578947368,0.5356182795698925,0.1531916535630565,0.3078797725426482,0.3221326164874551,0.4733527131782946,0.1537597552237649,0.6921202274573518,0.311046511627907,5173.475,0.3648255813953488
Auburn,New Mexico State,2019-03-21,1,111.3654767022223,96.3563243942364,0.4927400468384075,0.5677243122585642,0.5011296882060551,0.5271966527196653,0.1333791403108138,0.1623439000960614,0.5405152224824356,0.1671481840629405,0.3181427343078246,0.3133489461358313,0.5109860664523044,0.1689469110603641,0.6818572656921754,0.3612004287245445,4974.925,0.4421221864951768,113.04819546232964,93.3947114869928,0.466438020578148,0.5611819247462854,0.5791399817017383,0.5336179295624333,0.0817899582485815,0.0808356039963669,0.5372366487016168,0.1680618637847956,0.3681858802502234,0.3365997060264576,0.4838356164383561,0.1691467722941869,0.6318141197497766,0.3232876712328767,4685.575000000001,0.3967123287671233
Auburn,Kansas,2019-03-23,1,111.3654767022223,96.3563243942364,0.4927400468384075,0.5677243122585642,0.5011296882060551,0.5271966527196653,0.1333791403108138,0.1623439000960614,0.5405152224824356,0.1671481840629405,0.3181427343078246,0.3133489461358313,0.5109860664523044,0.1689469110603641,0.6818572656921754,0.3612004287245445,4974.925,0.4421221864951768,104.31526572309448,96.6312865586002,0.349601593625498,0.5519008602590467,0.5178802240413615,0.4881465517241379,0.0944821224009813,0.1098360655737704,0.523406374501992,0.1831520467241221,0.2840396753832281,0.3291832669322709,0.4776764282285166,0.1824762020619811,0.7159603246167718,0.2770043206913106,4923.049999999999,0.414306289006241
Auburn,North Carolina,2019-03-29,1,111.3654767022223,96.3563243942364,0.4927400468384075,0.5677243122585642,0.5011296882060551,0.5271966527196653,0.1333791403108138,0.1623439000960614,0.5405152224824356,0.1671481840629405,0.3181427343078246,0.3133489461358313,0.5109860664523044,0.1689469110603641,0.6818572656921754,0.3612004287245445,4974.925,0.4421221864951768,109.8869209413904,94.70505493640754,0.3584050747621205,0.5611594661081418,0.5651063829787234,0.613880742913001,0.0932492647275803,0.0984020185029436,0.5289986406887177,0.1644434556341229,0.3283185840707964,0.3085636610783869,0.4830672472181906,0.1672191456085301,0.6716814159292035,0.2888243831640058,5126.050000000001,0.424770198355104
Auburn,Kentucky,2019-03-31,1,111.3654767022223,96.3563243942364,0.4927400468384075,0.5677243122585642,0.5011296882060551,0.5271966527196653,0.1333791403108138,0.1623439000960614,0.5405152224824356,0.1671481840629405,0.3181427343078246,0.3133489461358313,0.5109860664523044,0.1689469110603641,0.6818572656921754,0.3612004287245445,4974.925,0.4421221864951768,111.32116948779952,94.62761469598853,0.2980926430517711,0.5740194967127635,0.5686274509803921,0.520501138952164,0.0872204507850936,0.1420068027210884,0.5326975476839237,0.1785007693998681,0.3470648815653965,0.4250681198910082,0.470372312532774,0.1779472513504925,0.6529351184346035,0.2711064499213424,4556.075,0.383324593602517
Auburn,Virginia,2019-04-06,0,111.3654767022223,96.3563243942364,0.4927400468384075,0.5677243122585642,0.5011296882060551,0.5271966527196653,0.1333791403108138,0.1623439000960614,0.5405152224824356,0.1671481840629405,0.3181427343078246,0.3133489461358313,0.5109860664523044,0.1689469110603641,0.6818572656921754,0.3612004287245445,4974.925,0.4421221864951768,115.23809523809524,88.8631119740774,0.3865889212827988,0.585881753312946,0.5437763713080169,0.5658536585365853,0.090779569553541,0.1232323232323232,0.5571428571428572,0.1388471177944862,0.2807825086306099,0.3032069970845481,0.4352238805970149,0.1396996709240603,0.7192174913693901,0.2788059701492537,3977.825,0.408955223880597
Baylor,Syracuse,2019-03-21,1,104.85161644336732,98.37903382637242,0.4034519956850054,0.5355224438320332,0.5481006413418845,0.5428921568627451,0.0896850726975302,0.1386861313868613,0.5086299892125135,0.1925099455850747,0.3669275929549902,0.325782092772384,0.4863713798977853,0.1926398755390827,0.6330724070450098,0.3651334469051675,4372.325000000001,0.3776263486655309,101.21292763121724,95.2841383553817,0.4283405172413793,0.5276494261439857,0.4897472579876013,0.5031766200762389,0.1199841779106051,0.1668426610348468,0.4946120689655172,0.1715473349681648,0.2842105263157894,0.3679956896551724,0.4742667404537908,0.1714059684437217,0.7157894736842105,0.3475373547315993,4548.725,0.4759269507470946
Baylor,Gonzaga,2019-03-23,0,104.85161644336732,98.37903382637242,0.4034519956850054,0.5355224438320332,0.5481006413418845,0.5428921568627451,0.0896850726975302,0.1386861313868613,0.5086299892125135,0.1925099455850747,0.3669275929549902,0.325782092772384,0.4863713798977853,0.1926398755390827,0.6330724070450098,0.3651334469051675,4372.325000000001,0.3776263486655309,122.52146841896324,89.35501659539491,0.3525287931897847,0.6270182416971407,0.5577372604020571,0.5659133709981168,0.1036301776071417,0.1365007541478129,0.5961442163244868,0.1408244708635423,0.2971548998946259,0.3595393089634451,0.4420611439842209,0.1402544974040432,0.702845100105374,0.2509861932938856,4795.825,0.3461538461538461
Belmont,Maryland,2019-03-21,0,115.16164304429452,97.32861811920696,0.4406111384918679,0.6058040849992402,0.5285518501598904,0.6216748768472906,0.0899052489406233,0.0916666666666666,0.582552981764416,0.1477171917228858,0.2377622377622377,0.2848693937900443,0.4843214110730034,0.1476425647740512,0.7622377622377622,0.2689857912787849,4848.324999999999,0.3532582067613914,105.52833502819637,96.67757888138192,0.3697242543612831,0.5556366822429907,0.5628976994615761,0.5241635687732342,0.0645445891667247,0.1336851363236587,0.5194147439504784,0.1899787371729684,0.320254506892895,0.3286437816544738,0.4597333333333333,0.1908476701260709,0.679745493107105,0.2656,4316.95,0.3936
Bradley,Michigan State,2019-03-21,0,100.28126591810069,96.79893078591616,0.3468715697036224,0.5307950202799334,0.5117813383600377,0.520253164556962,0.0801910562871102,0.1168478260869565,0.4969813391877058,0.1798330122029544,0.2660984848484848,0.3589462129527991,0.4768770402611534,0.177910212309108,0.7339015151515151,0.3471164309031556,4539.700000000001,0.3993471164309031,113.46316680779,92.50762938819572,0.3780864197530864,0.5910895456550507,0.5724381625441696,0.6822033898305084,0.0739064543586123,0.1408024224072672,0.5581275720164609,0.178662150719729,0.3266733266733266,0.3497942386831276,0.4368446139180171,0.1752164255018787,0.6733266733266733,0.2774070543374642,4770.450000000001,0.3703527168732126
Buffalo,Texas Tech,2019-03-24,0,111.440175186425,92.87553980518598,0.4336917562724014,0.5610981047396081,0.529050736497545,0.5546950629235237,0.0964387381630162,0.1052631578947368,0.5356182795698925,0.1531916535630565,0.3078797725426482,0.3221326164874551,0.4733527131782946,0.1537597552237649,0.6921202274573518,0.311046511627907,5173.475,0.3648255813953488,107.459943720209,85.73914419046112,0.3554929577464789,0.5683737318510419,0.5240286298568507,0.5364396654719236,0.1066654614072157,0.153170731707317,0.5369014084507042,0.1722850743697237,0.2791712104689204,0.3352112676056338,0.4281930547380812,0.1694896102868894,0.7208287895310797,0.3761035903472631,4389.150000000001,0.3967039434961742
Cincinnati,Iowa,2019-03-22,0,107.3819591261452,94.41332053657123,0.3307731694828469,0.5285293097467915,0.5439613526570048,0.5414691943127962,0.0937437225185813,0.1473988439306358,0.4900153609831029,0.1471106412966878,0.3578336557059961,0.3809523809523809,0.4810022026431718,0.1490971586724103,0.6421663442940039,0.3050660792951541,4510.549999999999,0.4284140969162995,109.14581991362108,103.92276357571288,0.3901795142555438,0.5680431747985799,0.5086569957884886,0.6020881670533643,0.0872438015203515,0.093103448275862,0.5256071805702217,0.164310077191945,0.2846153846153846,0.4229144667370644,0.5156644770085902,0.166361954859886,0.7153846153846154,0.2875189489641233,4705.75,0.4138453764527539
Colgate,Tennessee,2019-03-22,0,109.5820537071082,99.82077538229343,0.4053635894791129,0.5849585332924907,0.5359382537385432,0.5709677419354838,0.0880401630839211,0.1024765157984628,0.5582774626095925,0.1827784448954868,0.2861507128309572,0.2872614749871067,0.5017775520568817,0.1802727148861242,0.7138492871690427,0.2889791772473337,4737.85,0.4052818689690198,114.4939171246835,95.58130963593923,0.3158410985777342,0.58845934107789,0.5310251798561151,0.6104536489151874,0.0831319873868708,0.152191894127378,0.5544384502206964,0.1543876983881924,0.3035363457760314,0.3344776851397744,0.466600692726373,0.153568942217126,0.6964636542239686,0.3384463137060861,4870.849999999999,0.4017812963879267
Duke,North Dakota State,2019-03-22,1,110.95369764238048,89.8151497082083,0.3764381040036815,0.5611281858700057,0.5477366255144033,0.5216972034715526,0.1259054340707142,0.1634954193093728,0.534054302807179,0.1715698248150934,0.3516295025728988,0.3456051541647492,0.4461077844311377,0.1716536818541725,0.6483704974271012,0.2399815753109166,5116.2,0.3463841547673883,108.45718137441426,105.76177762466624,0.471627408993576,0.5793196362411586,0.4921951219512195,0.4630715123094959,0.0684695547325811,0.0666144200626959,0.5433618843683083,0.1491612398212674,0.1952191235059761,0.3206638115631691,0.5235085945399394,0.1477047627250021,0.8047808764940239,0.2588473205257836,4621.725,0.3549039433771486
Duke,UCF,2019-03-24,1,110.95369764238048,89.8151497082083,0.3764381040036815,0.5611281858700057,0.5477366255144033,0.5216972034715526,0.1259054340707142,0.1634954193093728,0.534054302807179,0.1715698248150934,0.3516295025728988,0.3456051541647492,0.4461077844311377,0.1716536818541725,0.6483704974271012,0.2399815753109166,5116.2,0.3463841547673883,105.50529059960128,92.671812517437,0.360774818401937,0.5544741051169826,0.5235142118863049,0.5372549019607843,0.0827675997396075,0.1244404655326768,0.5269370460048426,0.165618770127281,0.2789651293588301,0.4642857142857143,0.4549723756906077,0.1632102669022598,0.7210348706411699,0.2961325966850828,4269.925,0.3828729281767956
Duke,Virginia Tech,2019-03-29,1,110.95369764238048,89.8151497082083,0.3764381040036815,0.5611281858700057,0.5477366255144033,0.5216972034715526,0.1259054340707142,0.1634954193093728,0.534054302807179,0.1715698248150934,0.3516295025728988,0.3456051541647492,0.4461077844311377,0.1716536818541725,0.6483704974271012,0.2399815753109166,5116.2,0.3463841547673883,112.66131430270592,94.56163519767756,0.4495095210617426,0.5944148101663006,0.5180327868852459,0.595873786407767,0.1013670271620801,0.0872641509433962,0.5640507789959608,0.1669937555753791,0.2757437070938215,0.3144835545297172,0.488830099941211,0.1670414391262447,0.7242562929061785,0.2639623750734862,4203.15,0.5014697236919459
Duke,Michigan State,2019-03-31,0,110.95369764238048,89.8151497082083,0.3764381040036815,0.5611281858700057,0.5477366255144033,0.5216972034715526,0.1259054340707142,0.1634954193093728,0.534054302807179,0.1715698248150934,0.3516295025728988,0.3456051541647492,0.4461077844311377,0.1716536818541725,0.6483704974271012,0.2399815753109166,5116.2,0.3463841547673883,113.46316680779,92.50762938819572,0.3780864197530864,0.5910895456550507,0.5724381625441696,0.6822033898305084,0.0739064543586123,0.1408024224072672,0.5581275720164609,0.178662150719729,0.3266733266733266,0.3497942386831276,0.4368446139180171,0.1752164255018787,0.6733266733266733,0.2774070543374642,4770.450000000001,0.3703527168732126
FDU,Gonzaga,2019-03-21,0,107.68473628548392,100.61329355212996,0.3446267866596083,0.581273103401499,0.4950980392156863,0.5275938189845475,0.1052544339466269,0.1058726220016542,0.5492323980942297,0.1847101077475628,0.2729145211122554,0.3594494441503441,0.5098634294385432,0.1827449030333167,0.7270854788877446,0.2994436014162873,4800.725,0.3884673748103187,122.52146841896324,89.35501659539491,0.3525287931897847,0.6270182416971407,0.5577372604020571,0.5659133709981168,0.1036301776071417,0.1365007541478129,0.5961442163244868,0.1408244708635423,0.2971548998946259,0.3595393089634451,0.4420611439842209,0.1402544974040432,0.702845100105374,0.2509861932938856,4795.825,0.3461538461538461
Florida,Nevada,2019-03-21,1,103.0627990364228,95.40079133281166,0.4341898269533298,0.5318454188196744,0.4985521235521235,0.5110565110565111,0.1075683599131517,0.1126005361930295,0.4994756161510225,0.1678489359576381,0.2950191570881226,0.3036182485579444,0.4836474501108647,0.1666427870785712,0.7049808429118773,0.3364745011086474,4520.349999999999,0.3797117516629711,111.3935703898984,92.3525769517353,0.4274691358024691,0.5737749086637425,0.5254470426409904,0.5458563535911602,0.0856360259007,0.1113989637305699,0.5406378600823045,0.139346577535072,0.2483474976392823,0.4068930041152263,0.4764370792335577,0.139788218749672,0.7516525023607177,0.2760227861211807,4771.9,0.4003107198342827
Florida,Michigan,2019-03-23,0,103.0627990364228,95.40079133281166,0.4341898269533298,0.5318454188196744,0.4985521235521235,0.5110565110565111,0.1075683599131517,0.1126005361930295,0.4994756161510225,0.1678489359576381,0.2950191570881226,0.3036182485579444,0.4836474501108647,0.1666427870785712,0.7049808429118773,0.3364745011086474,4520.349999999999,0.3797117516629711,106.22100894422624,88.3651776401926,0.4020565552699229,0.5451397589812516,0.5025380710659898,0.5422374429223744,0.0927590262521358,0.1060044477390659,0.5208226221079691,0.1260625430010875,0.2168905950095969,0.2704370179948586,0.441408302679979,0.126045758160797,0.783109404990403,0.2490803993694167,4506.0,0.2911192853389385
Florida State,Vermont,2019-03-21,1,104.92384061627824,93.62339354031404,0.3830645161290322,0.5473946636005115,0.5448658649398704,0.4982935153583617,0.0972337610388011,0.125324114088159,0.5073084677419355,0.1849658595866075,0.3222222222222222,0.3634072580645161,0.4725013220518244,0.1842107962296275,0.6777777777777778,0.3611845584346906,4864.9,0.3881544156530936,109.42740171611236,93.05152272266864,0.3974918211559433,0.5672422815279958,0.5393483709273182,0.4637336504161712,0.0837328651495711,0.1211293260473588,0.5286259541984732,0.1565812349279344,0.272452068617558,0.3625954198473282,0.4865092748735244,0.1571116663290341,0.727547931382442,0.2619449128724002,4450.225,0.3827993254637437
Florida State,Murray State,2019-03-23,1,104.92384061627824,93.62339354031404,0.3830645161290322,0.5473946636005115,0.5448658649398704,0.4982935153583617,0.0972337610388011,0.125324114088159,0.5073084677419355,0.1849658595866075,0.3222222222222222,0.3634072580645161,0.4725013220518244,0.1842107962296275,0.6777777777777778,0.3611845584346906,4864.9,0.3881544156530936,114.94457552419534,93.24412786117674,0.3677248677248677,0.5899556733537449,0.5343659244917716,0.5980810234541578,0.1042949550089316,0.1169686985172981,0.5603174603174603,0.161599074032854,0.3137860082304526,0.3322751322751323,0.4598715890850722,0.1611024198648603,0.6862139917695473,0.2841091492776886,4499.525,0.3504547886570358
Florida State,Gonzaga,2019-03-28,0,104.92384061627824,93.62339354031404,0.3830645161290322,0.5473946636005115,0.5448658649398704,0.4982935153583617,0.0972337610388011,0.125324114088159,0.5073084677419355,0.1849658595866075,0.3222222222222222,0.3634072580645161,0.4725013220518244,0.1842107962296275,0.6777777777777778,0.3611845584346906,4864.9,0.3881544156530936,122.52146841896324,89.35501659539491,0.3525287931897847,0.6270182416971407,0.5577372604020571,0.5659133709981168,0.1036301776071417,0.1365007541478129,0.5961442163244868,0.1408244708635423,0.2971548998946259,0.3595393089634451,0.4420611439842209,0.1402544974040432,0.702845100105374,0.2509861932938856,4795.825,0.3461538461538461
Gardner-Webb,Virginia,2019-03-22,0,109.76980093399172,98.32434317123696,0.3640167364016736,0.5883978205850823,0.4983591186122831,0.5273311897106109,0.0955760198535595,0.0884718498659517,0.5591004184100419,0.1604074100801006,0.2299084435401831,0.3854602510460251,0.4858329262335124,0.1595668314293332,0.7700915564598169,0.2765021983390327,4862.925,0.4533463605276013,115.23809523809524,88.8631119740774,0.3865889212827988,0.585881753312946,0.5437763713080169,0.5658536585365853,0.090779569553541,0.1232323232323232,0.5571428571428572,0.1388471177944862,0.2807825086306099,0.3032069970845481,0.4352238805970149,0.1396996709240603,0.7192174913693901,0.2788059701492537,3977.825,0.408955223880597
Georgia State,Houston,2019-03-22,0,107.31882299568488,99.76995295434293,0.4381551362683438,0.5702880593835148,0.4598337950138504,0.4632768361581921,0.1090132846987627,0.1440366972477064,0.5487421383647799,0.1582562273825475,0.2233840304182509,0.3548218029350105,0.4967287367891293,0.1554371930115438,0.776615969581749,0.3110216406643181,4782.125,0.4514343231001509,110.091743119266,88.56465283464317,0.429064039408867,0.5499876996138748,0.5580159433126661,0.5598669623059866,0.0931587846819733,0.1380866425992779,0.5214285714285715,0.1575797801162578,0.3372835004557885,0.3187192118226601,0.4236702127659574,0.1565407888719917,0.6627164995442115,0.376063829787234,4686.150000000001,0.4106382978723404
Gonzaga,Texas Tech,2019-03-30,0,122.52146841896324,89.35501659539491,0.3525287931897847,0.6270182416971407,0.5577372604020571,0.5659133709981168,0.1036301776071417,0.1365007541478129,0.5961442163244868,0.1408244708635423,0.2971548998946259,0.3595393089634451,0.4420611439842209,0.1402544974040432,0.702845100105374,0.2509861932938856,4795.825,0.3461538461538461,107.459943720209,85.73914419046112,0.3554929577464789,0.5683737318510419,0.5240286298568507,0.5364396654719236,0.1066654614072157,0.153170731707317,0.5369014084507042,0.1722850743697237,0.2791712104689204,0.3352112676056338,0.4281930547380812,0.1694896102868894,0.7208287895310797,0.3761035903472631,4389.150000000001,0.3967039434961742
Houston,Ohio State,2019-03-24,1,110.091743119266,88.56465283464317,0.429064039408867,0.5499876996138748,0.5580159433126661,0.5598669623059866,0.0931587846819733,0.1380866425992779,0.5214285714285715,0.1575797801162578,0.3372835004557885,0.3187192118226601,0.4236702127659574,0.1565407888719917,0.6627164995442115,0.376063829787234,4686.150000000001,0.4106382978723404,101.56906077348069,97.8263302813906,0.3974780701754385,0.5423648808118952,0.5101744186046512,0.589711417816813,0.0873049629513554,0.0728709394205443,0.5052083333333334,0.1790055248618784,0.2563850687622789,0.3399122807017544,0.4821428571428571,0.1813256922835844,0.743614931237721,0.3175824175824175,4496.05,0.3741758241758242
Houston,Kentucky,2019-03-29,0,110.091743119266,88.56465283464317,0.429064039408867,0.5499876996138748,0.5580159433126661,0.5598669623059866,0.0931587846819733,0.1380866425992779,0.5214285714285715,0.1575797801162578,0.3372835004557885,0.3187192118226601,0.4236702127659574,0.1565407888719917,0.6627164995442115,0.376063829787234,4686.150000000001,0.4106382978723404,111.32116948779952,94.62761469598853,0.2980926430517711,0.5740194967127635,0.5686274509803921,0.520501138952164,0.0872204507850936,0.1420068027210884,0.5326975476839237,0.1785007693998681,0.3470648815653965,0.4250681198910082,0.470372312532774,0.1779472513504925,0.6529351184346035,0.2711064499213424,4556.075,0.383324593602517
Iona,North Carolina,2019-03-22,0,106.08740670434445,104.06476096281408,0.4364820846905538,0.5674004337994369,0.481086323957323,0.5041916167664671,0.0933142691278126,0.0801080108010801,0.5298588490770901,0.1665300487510246,0.2338308457711442,0.3713355048859935,0.5233812949640287,0.1659875939324224,0.7661691542288557,0.2882836587872559,4643.375,0.4290853031860226,109.8869209413904,94.70505493640754,0.3584050747621205,0.5611594661081418,0.5651063829787234,0.613880742913001,0.0932492647275803,0.0984020185029436,0.5289986406887177,0.1644434556341229,0.3283185840707964,0.3085636610783869,0.4830672472181906,0.1672191456085301,0.6716814159292035,0.2888243831640058,5126.050000000001,0.424770198355104
Iowa,Tennessee,2019-03-24,0,109.14581991362108,103.92276357571288,0.3901795142555438,0.5680431747985799,0.5086569957884886,0.6020881670533643,0.0872438015203515,0.093103448275862,0.5256071805702217,0.164310077191945,0.2846153846153846,0.4229144667370644,0.5156644770085902,0.166361954859886,0.7153846153846154,0.2875189489641233,4705.75,0.4138453764527539,114.4939171246835,95.58130963593923,0.3158410985777342,0.58845934107789,0.5310251798561151,0.6104536489151874,0.0831319873868708,0.152191894127378,0.5544384502206964,0.1543876983881924,0.3035363457760314,0.3344776851397744,0.466600692726373,0.153568942217126,0.6964636542239686,0.3384463137060861,4870.849999999999,0.4017812963879267
Iowa State,Ohio State,2019-03-22,0,111.2202333808543,97.87337132263872,0.3956870611835506,0.5770642704509342,0.5071068317285649,0.544689800210305,0.100274913365424,0.1277283751010509,0.549147442326981,0.1537567981414013,0.2665388302972196,0.3034102306920762,0.4852869053457577,0.1533616322059427,0.7334611697027804,0.2358999509563511,4740.850000000001,0.3933300637567435,101.56906077348069,97.8263302813906,0.3974780701754385,0.5423648808118952,0.5101744186046512,0.589711417816813,0.0873049629513554,0.0728709394205443,0.5052083333333334,0.1790055248618784,0.2563850687622789,0.3399122807017544,0.4821428571428571,0.1813256922835844,0.743614931237721,0.3175824175824175,4496.05,0.3741758241758242
Kansas,Northeastern,2019-03-21,1,104.31526572309448,96.6312865586002,0.349601593625498,0.5519008602590467,0.5178802240413615,0.4881465517241379,0.0944821224009813,0.1098360655737704,0.523406374501992,0.1831520467241221,0.2840396753832281,0.3291832669322709,0.4776764282285166,0.1824762020619811,0.7159603246167718,0.2770043206913106,4923.049999999999,0.414306289006241,112.11573236889689,103.07124761100492,0.4634282523729759,0.6028377307756944,0.5010193679918451,0.5474537037037037,0.09022623227699,0.0592654424040066,0.5723059743160246,0.1602929029089366,0.2124079915878023,0.3428252372975991,0.5176470588235295,0.1595626472287657,0.7875920084121977,0.2802139037433155,4489.550000000001,0.3593582887700535
Kansas State,UC Irvine,2019-03-22,0,99.88388268702356,90.50087954819,0.3815283122594832,0.5209819982969741,0.5110775427995972,0.5790816326530612,0.1161929450976761,0.078125,0.4950522264980758,0.1646336556259412,0.2664015904572565,0.3073117097306212,0.4809296781883194,0.1657253957966855,0.7335984095427436,0.3051251489868891,4334.725,0.4278903456495828,106.61150117017716,90.94546760375522,0.3206997084548105,0.5435060507925685,0.5590277777777778,0.4899470899470899,0.0816703432001231,0.1114435302916978,0.5170068027210885,0.1663323303243062,0.3205828779599271,0.2954324586977648,0.435,0.1633406864002462,0.6794171220400729,0.3375,4829.425,0.3315
Kentucky,Wofford,2019-03-23,1,111.32116948779952,94.62761469598853,0.2980926430517711,0.5740194967127635,0.5686274509803921,0.520501138952164,0.0872204507850936,0.1420068027210884,0.5326975476839237,0.1785007693998681,0.3470648815653965,0.4250681198910082,0.470372312532774,0.1779472513504925,0.6529351184346035,0.2711064499213424,4556.075,0.383324593602517,119.19708426263396,94.28415895481764,0.4322453016815034,0.6004274675289089,0.557942057942058,0.5085255767301906,0.0988568317909635,0.0919220055710306,0.5830860534124629,0.1492683457542294,0.3292929292929293,0.2695351137487636,0.4917127071823204,0.149373979314099,0.6707070707070707,0.3038674033149171,4594.125,0.4049723756906077
Liberty,Mississippi State,2019-03-22,1,111.8035882908404,91.02223788701524,0.4350372736954206,0.5966680500385367,0.523226135783563,0.5483170466883822,0.0956041898426055,0.0819819819819819,0.5702875399361023,0.1617508193078931,0.2387096774193548,0.2582534611288605,0.4756302521008403,0.1603683184456609,0.7612903225806451,0.307563025210084,4520.15,0.3781512605042016,109.93366072197811,99.84574393493202,0.3896373056994818,0.5731225296442688,0.5316455696202531,0.5159165751920965,0.1152066276172292,0.1364392678868552,0.5455958549222798,0.1852330490221418,0.3343313373253493,0.3233160621761658,0.5010610079575597,0.1855387635783092,0.6656686626746507,0.316710875331565,4638.974999999999,0.3623342175066313
Liberty,Virginia Tech,2019-03-24,0,111.8035882908404,91.02223788701524,0.4350372736954206,0.5966680500385367,0.523226135783563,0.5483170466883822,0.0956041898426055,0.0819819819819819,0.5702875399361023,0.1617508193078931,0.2387096774193548,0.2582534611288605,0.4756302521008403,0.1603683184456609,0.7612903225806451,0.307563025210084,4520.15,0.3781512605042016,112.66131430270592,94.56163519767756,0.4495095210617426,0.5944148101663006,0.5180327868852459,0.595873786407767,0.1013670271620801,0.0872641509433962,0.5640507789959608,0.1669937555753791,0.2757437070938215,0.3144835545297172,0.488830099941211,0.1670414391262447,0.7242562929061785,0.2639623750734862,4203.15,0.5014697236919459
Louisiana State,Yale,2019-03-21,1,111.16803278688528,98.75864983360628,0.3432911392405063,0.559182271087442,0.5436304246383574,0.4605263157894737,0.1229729015899847,0.1202090592334494,0.5172151898734177,0.1763148907103825,0.3684210526315789,0.3767088607594936,0.5023885350318471,0.174528551053827,0.631578947368421,0.3423566878980891,4708.775,0.3906581740976645,109.41895882257202,97.66420167680648,0.3431034482758621,0.589000976244712,0.5359510453850076,0.5715935334872979,0.0791250244390518,0.1118012422360248,0.5614942528735632,0.1743821060708224,0.2483221476510067,0.3114942528735632,0.4704756697648988,0.1725109544456073,0.7516778523489933,0.3001640240568616,4324.225,0.3838162930563149
Louisiana State,Maryland,2019-03-23,1,111.16803278688528,98.75864983360628,0.3432911392405063,0.559182271087442,0.5436304246383574,0.4605263157894737,0.1229729015899847,0.1202090592334494,0.5172151898734177,0.1763148907103825,0.3684210526315789,0.3767088607594936,0.5023885350318471,0.174528551053827,0.631578947368421,0.3423566878980891,4708.775,0.3906581740976645,105.52833502819637,96.67757888138192,0.3697242543612831,0.5556366822429907,0.5628976994615761,0.5241635687732342,0.0645445891667247,0.1336851363236587,0.5194147439504784,0.1899787371729684,0.320254506892895,0.3286437816544738,0.4597333333333333,0.1908476701260709,0.679745493107105,0.2656,4316.95,0.3936
Louisiana State,Michigan State,2019-03-29,0,111.16803278688528,98.75864983360628,0.3432911392405063,0.559182271087442,0.5436304246383574,0.4605263157894737,0.1229729015899847,0.1202090592334494,0.5172151898734177,0.1763148907103825,0.3684210526315789,0.3767088607594936,0.5023885350318471,0.174528551053827,0.631578947368421,0.3423566878980891,4708.775,0.3906581740976645,113.46316680779,92.50762938819572,0.3780864197530864,0.5910895456550507,0.5724381625441696,0.6822033898305084,0.0739064543586123,0.1408024224072672,0.5581275720164609,0.178662150719729,0.3266733266733266,0.3497942386831276,0.4368446139180171,0.1752164255018787,0.6733266733266733,0.2774070543374642,4770.450000000001,0.3703527168732126
Louisville,Minnesota,2019-03-21,0,105.25189859878058,95.96603882808228,0.4371069182389937,0.5524985962942167,0.528099910793934,0.533816425120773,0.0630339933321183,0.0804878048780487,0.5086477987421384,0.1711412985346026,0.269589552238806,0.3511530398322851,0.4638276038994356,0.1715210702914786,0.730410447761194,0.3165726013340174,4669.325000000001,0.3689071318624936,101.3986013986014,99.751892614034,0.2882414151925078,0.5219446612889236,0.5155109489051095,0.6023809523809524,0.0691307759187395,0.1025641025641025,0.4833506763787721,0.1634510068245008,0.2901178603807797,0.4203954214360041,0.4912456228114057,0.1645566935979812,0.7098821396192203,0.2831415707853927,4731.65,0.3366683341670835
Marquette,Murray State,2019-03-21,0,107.23244147157192,94.88238537646043,0.4174142480211081,0.5782236248872858,0.5391022674687644,0.5178365937859609,0.0661679792756895,0.1109350237717908,0.5406332453825857,0.1835284280936454,0.2676767676767677,0.3588390501319261,0.4587576374745417,0.1826902069309918,0.7323232323232324,0.3569246435845213,4794.975,0.3574338085539715,114.94457552419534,93.24412786117674,0.3677248677248677,0.5899556733537449,0.5343659244917716,0.5980810234541578,0.1042949550089316,0.1169686985172981,0.5603174603174603,0.161599074032854,0.3137860082304526,0.3322751322751323,0.4598715890850722,0.1611024198648603,0.6862139917695473,0.2841091492776886,4499.525,0.3504547886570358
Michigan,Montana,2019-03-21,1,106.22100894422624,88.3651776401926,0.4020565552699229,0.5451397589812516,0.5025380710659898,0.5422374429223744,0.0927590262521358,0.1060044477390659,0.5208226221079691,0.1260625430010875,0.2168905950095969,0.2704370179948586,0.441408302679979,0.126045758160797,0.783109404990403,0.2490803993694167,4506.0,0.2911192853389385,109.76532929598788,97.44434074058536,0.3842953718148726,0.5900171805769057,0.5173956262425448,0.5235602094240838,0.0927042587329718,0.0875850340136054,0.5696827873114925,0.1686432837076288,0.2442827442827443,0.3161726469058762,0.4924528301886792,0.1682099898277001,0.7557172557172557,0.3574123989218329,4761.725,0.3660377358490566
Michigan,Texas Tech,2019-03-28,0,106.22100894422624,88.3651776401926,0.4020565552699229,0.5451397589812516,0.5025380710659898,0.5422374429223744,0.0927590262521358,0.1060044477390659,0.5208226221079691,0.1260625430010875,0.2168905950095969,0.2704370179948586,0.441408302679979,0.126045758160797,0.783109404990403,0.2490803993694167,4506.0,0.2911192853389385,107.459943720209,85.73914419046112,0.3554929577464789,0.5683737318510419,0.5240286298568507,0.5364396654719236,0.1066654614072157,0.153170731707317,0.5369014084507042,0.1722850743697237,0.2791712104689204,0.3352112676056338,0.4281930547380812,0.1694896102868894,0.7208287895310797,0.3761035903472631,4389.150000000001,0.3967039434961742
Michigan State,Minnesota,2019-03-23,1,113.46316680779,92.50762938819572,0.3780864197530864,0.5910895456550507,0.5724381625441696,0.6822033898305084,0.0739064543586123,0.1408024224072672,0.5581275720164609,0.178662150719729,0.3266733266733266,0.3497942386831276,0.4368446139180171,0.1752164255018787,0.6733266733266733,0.2774070543374642,4770.450000000001,0.3703527168732126,101.3986013986014,99.751892614034,0.2882414151925078,0.5219446612889236,0.5155109489051095,0.6023809523809524,0.0691307759187395,0.1025641025641025,0.4833506763787721,0.1634510068245008,0.2901178603807797,0.4203954214360041,0.4912456228114057,0.1645566935979812,0.7098821396192203,0.2831415707853927,4731.65,0.3366683341670835
Michigan State,Texas Tech,2019-04-06,0,113.46316680779,92.50762938819572,0.3780864197530864,0.5910895456550507,0.5724381625441696,0.6822033898305084,0.0739064543586123,0.1408024224072672,0.5581275720164609,0.178662150719729,0.3266733266733266,0.3497942386831276,0.4368446139180171,0.1752164255018787,0.6733266733266733,0.2774070543374642,4770.450000000001,0.3703527168732126,107.459943720209,85.73914419046112,0.3554929577464789,0.5683737318510419,0.5240286298568507,0.5364396654719236,0.1066654614072157,0.153170731707317,0.5369014084507042,0.1722850743697237,0.2791712104689204,0.3352112676056338,0.4281930547380812,0.1694896102868894,0.7208287895310797,0.3761035903472631,4389.150000000001,0.3967039434961742
Mississippi,Oklahoma,2019-03-22,0,106.82308671351888,98.23444094264931,0.3953362255965293,0.56860088365243,0.5136842105263157,0.5419126328217237,0.102073086947513,0.0983884648006785,0.5300976138828634,0.1748658070942393,0.2795232936078006,0.3172451193058568,0.5058011049723757,0.1723028604455883,0.7204767063921993,0.3320441988950276,4551.35,0.3486187845303867,99.80932342691828,95.44838441694723,0.3320815450643777,0.5314257707657479,0.4976830398517145,0.4891566265060241,0.0830746360019238,0.0847602739726027,0.5021459227467812,0.16744471475223,0.2361516034985422,0.3143776824034335,0.4706774519716886,0.1670237418564995,0.7638483965014577,0.2406471183013144,4568.45,0.4095045500505561
North Carolina,Washington,2019-03-24,1,109.8869209413904,94.70505493640754,0.3584050747621205,0.5611594661081418,0.5651063829787234,0.613880742913001,0.0932492647275803,0.0984020185029436,0.5289986406887177,0.1644434556341229,0.3283185840707964,0.3085636610783869,0.4830672472181906,0.1672191456085301,0.6716814159292035,0.2888243831640058,5126.050000000001,0.424770198355104,102.0724051939118,93.52202937249668,0.3978319783197832,0.5513749535488666,0.4731923266109198,0.4754491017964072,0.1307343124165554,0.163727959697733,0.5214092140921409,0.1900421360392123,0.2673956262425447,0.3512195121951219,0.4728408473655622,0.1888384512683578,0.7326043737574552,0.3449212384573601,4666.424999999999,0.3530689842476914
Northern Kentucky,Texas Tech,2019-03-22,0,111.0847279146836,96.07067646001336,0.4141057934508816,0.5783515904668738,0.535796766743649,0.6077405857740585,0.0871128460629719,0.1159420289855072,0.5574307304785894,0.1697242497135128,0.2957746478873239,0.3612090680100756,0.4782833505687694,0.1688838666598182,0.704225352112676,0.3490175801447777,4855.200000000001,0.3934850051706308,107.459943720209,85.73914419046112,0.3554929577464789,0.5683737318510419,0.5240286298568507,0.5364396654719236,0.1066654614072157,0.153170731707317,0.5369014084507042,0.1722850743697237,0.2791712104689204,0.3352112676056338,0.4281930547380812,0.1694896102868894,0.7208287895310797,0.3761035903472631,4389.150000000001,0.3967039434961742
Oklahoma,Virginia,2019-03-24,0,99.80932342691828,95.44838441694723,0.3320815450643777,0.5314257707657479,0.4976830398517145,0.4891566265060241,0.0830746360019238,0.0847602739726027,0.5021459227467812,0.16744471475223,0.2361516034985422,0.3143776824034335,0.4706774519716886,0.1670237418564995,0.7638483965014577,0.2406471183013144,4568.45,0.4095045500505561,115.23809523809524,88.8631119740774,0.3865889212827988,0.585881753312946,0.5437763713080169,0.5658536585365853,0.090779569553541,0.1232323232323232,0.5571428571428572,0.1388471177944862,0.2807825086306099,0.3032069970845481,0.4352238805970149,0.1396996709240603,0.7192174913693901,0.2788059701492537,3977.825,0.408955223880597
Old Dominion,Purdue,2019-03-21,0,99.7329373566339,90.97904711650506,0.3731495661051557,0.5035753852351696,0.5444394819115677,0.5403726708074534,0.0835476991403381,0.1410373066424022,0.4767738642164369,0.1688811072572334,0.3146362839614373,0.2955589586523736,0.4561068702290076,0.1675351230129938,0.6853637160385626,0.3238822246455834,4530.175,0.4007633587786259,111.78871108258058,98.42216109838763,0.4447916666666666,0.557155263037616,0.5463659147869674,0.5390898483080513,0.0957521492444557,0.1301715438950555,0.52734375,0.1545233619148058,0.3412698412698413,0.29375,0.4948246118458884,0.1551368956508729,0.6587301587301587,0.3271995399654974,4353.174999999999,0.4301322599194939
Oregon,Wisconsin,2019-03-22,1,104.64142179994272,92.59901432279352,0.3932014205986808,0.547109765698635,0.5211267605633803,0.5270880361173815,0.1143301493227409,0.1450980392156863,0.5169964485032978,0.1683933703063529,0.2805343511450381,0.3028919330289193,0.468010752688172,0.1668715782394418,0.7194656488549618,0.3532258064516129,4736.65,0.4516129032258064,103.96660660112684,90.54361906463572,0.3405835543766578,0.534712934938176,0.4995322731524789,0.4929742388758782,0.0754902398713539,0.1128246753246753,0.5153846153846153,0.1359458041559271,0.2267942583732057,0.2748010610079575,0.4476040021063718,0.133112967347121,0.7732057416267942,0.259083728278041,4430.75,0.3512374934175882
Oregon,UC Irvine,2019-03-24,1,104.64142179994272,92.59901432279352,0.3932014205986808,0.547109765698635,0.5211267605633803,0.5270880361173815,0.1143301493227409,0.1450980392156863,0.5169964485032978,0.1683933703063529,0.2805343511450381,0.3028919330289193,0.468010752688172,0.1668715782394418,0.7194656488549618,0.3532258064516129,4736.65,0.4516129032258064,106.61150117017716,90.94546760375522,0.3206997084548105,0.5435060507925685,0.5590277777777778,0.4899470899470899,0.0816703432001231,0.1114435302916978,0.5170068027210885,0.1663323303243062,0.3205828779599271,0.2954324586977648,0.435,0.1633406864002462,0.6794171220400729,0.3375,4829.425,0.3315
Oregon,Virginia,2019-03-28,0,104.64142179994272,92.59901432279352,0.3932014205986808,0.547109765698635,0.5211267605633803,0.5270880361173815,0.1143301493227409,0.1450980392156863,0.5169964485032978,0.1683933703063529,0.2805343511450381,0.3028919330289193,0.468010752688172,0.1668715782394418,0.7194656488549618,0.3532258064516129,4736.65,0.4516129032258064,115.23809523809524,88.8631119740774,0.3865889212827988,0.585881753312946,0.5437763713080169,0.5658536585365853,0.090779569553541,0.1232323232323232,0.5571428571428572,0.1388471177944862,0.2807825086306099,0.3032069970845481,0.4352238805970149,0.1396996709240603,0.7192174913693901,0.2788059701492537,3977.825,0.408955223880597
Purdue,Villanova,2019-03-23,1,111.78871108258058,98.42216109838763,0.4447916666666666,0.557155263037616,0.5463659147869674,0.5390898483080513,0.0957521492444557,0.1301715438950555,0.52734375,0.1545233619148058,0.3412698412698413,0.29375,0.4948246118458884,0.1551368956508729,0.6587301587301587,0.3271995399654974,4353.174999999999,0.4301322599194939,111.46205909866286,99.17930322300124,0.5350418410041841,0.5670455181680757,0.5286259541984732,0.5773809523809523,0.0800043480623946,0.0891003460207612,0.5337343096234309,0.1558355802564244,0.3011472275334608,0.3530334728033473,0.4992117708880714,0.1539214087722158,0.6988527724665392,0.2863899106673673,4571.5,0.3925380977404099
Purdue,Tennessee,2019-03-28,1,111.78871108258058,98.42216109838763,0.4447916666666666,0.557155263037616,0.5463659147869674,0.5390898483080513,0.0957521492444557,0.1301715438950555,0.52734375,0.1545233619148058,0.3412698412698413,0.29375,0.4948246118458884,0.1551368956508729,0.6587301587301587,0.3271995399654974,4353.174999999999,0.4301322599194939,114.4939171246835,95.58130963593923,0.3158410985777342,0.58845934107789,0.5310251798561151,0.6104536489151874,0.0831319873868708,0.152191894127378,0.5544384502206964,0.1543876983881924,0.3035363457760314,0.3344776851397744,0.466600692726373,0.153568942217126,0.6964636542239686,0.3384463137060861,4870.849999999999,0.4017812963879267
Purdue,Virginia,2019-03-30,0,111.78871108258058,98.42216109838763,0.4447916666666666,0.557155263037616,0.5463659147869674,0.5390898483080513,0.0957521492444557,0.1301715438950555,0.52734375,0.1545233619148058,0.3412698412698413,0.29375,0.4948246118458884,0.1551368956508729,0.6587301587301587,0.3271995399654974,4353.174999999999,0.4301322599194939,115.23809523809524,88.8631119740774,0.3865889212827988,0.585881753312946,0.5437763713080169,0.5658536585365853,0.090779569553541,0.1232323232323232,0.5571428571428572,0.1388471177944862,0.2807825086306099,0.3032069970845481,0.4352238805970149,0.1396996709240603,0.7192174913693901,0.2788059701492537,3977.825,0.408955223880597
Saint Louis,Virginia Tech,2019-03-22,0,98.42012014215771,93.66570453949096,0.326,0.4937570345125017,0.5498929336188437,0.5430622009569378,0.1041196536342167,0.1205432937181663,0.46825,0.1819954501137471,0.3483237939493049,0.3965,0.4689473684210526,0.1822093938598793,0.651676206050695,0.3289473684210526,4766.549999999999,0.38,112.66131430270592,94.56163519767756,0.4495095210617426,0.5944148101663006,0.5180327868852459,0.595873786407767,0.1013670271620801,0.0872641509433962,0.5640507789959608,0.1669937555753791,0.2757437070938215,0.3144835545297172,0.488830099941211,0.1670414391262447,0.7242562929061785,0.2639623750734862,4203.15,0.5014697236919459
Saint Mary's (CA),Villanova,2019-03-21,0,111.09187242442084,98.1345654057176,0.3502702702702702,0.5699328445713068,0.5436002039775625,0.3789954337899543,0.0914813745307536,0.0685714285714285,0.5397297297297298,0.1542173125093788,0.2912317327766179,0.2967567567567568,0.4862745098039215,0.154317066127635,0.708768267223382,0.2941176470588235,4330.15,0.3137254901960784,111.46205909866286,99.17930322300124,0.5350418410041841,0.5670455181680757,0.5286259541984732,0.5773809523809523,0.0800043480623946,0.0891003460207612,0.5337343096234309,0.1558355802564244,0.3011472275334608,0.3530334728033473,0.4992117708880714,0.1539214087722158,0.6988527724665392,0.2863899106673673,4571.5,0.3925380977404099
Seton Hall,Wofford,2019-03-21,0,102.60939044134652,98.91503747575872,0.3644716692189892,0.5343962855077861,0.503030303030303,0.5179606025492468,0.096860422454007,0.1116883116883116,0.4994895354772843,0.1656889337454529,0.2755760368663594,0.3481368044920878,0.4934895833333333,0.1652078201163583,0.7244239631336405,0.3255208333333333,4762.825000000001,0.3984375,119.19708426263396,94.28415895481764,0.4322453016815034,0.6004274675289089,0.557942057942058,0.5085255767301906,0.0988568317909635,0.0919220055710306,0.5830860534124629,0.1492683457542294,0.3292929292929293,0.2695351137487636,0.4917127071823204,0.149373979314099,0.6707070707070707,0.3038674033149171,4594.125,0.4049723756906077
Texas Tech,Virginia,2019-04-08,0,107.459943720209,85.73914419046112,0.3554929577464789,0.5683737318510419,0.5240286298568507,0.5364396654719236,0.1066654614072157,0.153170731707317,0.5369014084507042,0.1722850743697237,0.2791712104689204,0.3352112676056338,0.4281930547380812,0.1694896102868894,0.7208287895310797,0.3761035903472631,4389.150000000001,0.3967039434961742,115.23809523809524,88.8631119740774,0.3865889212827988,0.585881753312946,0.5437763713080169,0.5658536585365853,0.090779569553541,0.1232323232323232,0.5571428571428572,0.1388471177944862,0.2807825086306099,0.3032069970845481,0.4352238805970149,0.1396996709240603,0.7192174913693901,0.2788059701492537,3977.825,0.408955223880597
UCF,Virginia Commonwealth,2019-03-22,1,105.50529059960128,92.671812517437,0.360774818401937,0.5544741051169826,0.5235142118863049,0.5372549019607843,0.0827675997396075,0.1244404655326768,0.5269370460048426,0.165618770127281,0.2789651293588301,0.4642857142857143,0.4549723756906077,0.1632102669022598,0.7210348706411699,0.2961325966850828,4269.925,0.3828729281767956,101.38821129196786,86.23556177808891,0.4113749309773605,0.5389729806196067,0.5207439198855508,0.5543071161048689,0.1115680784039202,0.1234042553191489,0.5055218111540585,0.1942608772785736,0.2980392156862745,0.3600220872446162,0.4303116147308782,0.1916345817290864,0.7019607843137254,0.371671388101983,4540.3,0.3342776203966006
Utah State,Washington,2019-03-22,0,110.5850697832048,92.09339105222074,0.3790322580645161,0.5778498062743499,0.5700680272108843,0.6223404255319149,0.0859700524133456,0.1218057921635434,0.5410786290322581,0.1717108438684235,0.2995215311004784,0.3664314516129032,0.4603985692386305,0.1695069901357475,0.7004784688995215,0.3377618804292284,4900.299999999999,0.4001021972406745,102.0724051939118,93.52202937249668,0.3978319783197832,0.5513749535488666,0.4731923266109198,0.4754491017964072,0.1307343124165554,0.163727959697733,0.5214092140921409,0.1900421360392123,0.2673956262425447,0.3512195121951219,0.4728408473655622,0.1888384512683578,0.7326043737574552,0.3449212384573601,4666.424999999999,0.3530689842476914
Abilene Christian,Texas,2021-03-20,1,105.73976213598355,82.82748919668997,0.3722358722358722,0.5518040253261199,0.527536231884058,0.6555407209612817,0.1358492478868599,0.0924092409240924,0.5257985257985258,0.1826230624676815,0.3134831460674157,0.3507371007371007,0.4528776978417266,0.1834978646829973,0.6865168539325842,0.3949640287769784,3954.999999999999,0.3460431654676259,105.17966849046203,96.25395117358262,0.4193762441937624,0.5586416667856684,0.5398024404416037,0.5,0.0914654650615374,0.1002979145978153,0.5285335102853351,0.1925067552126043,0.3047735618115055,0.3404114134041141,0.4666005291005291,0.1926155087766494,0.6952264381884945,0.367063492063492,3718.3,0.333994708994709
Abilene Christian,UCLA,2021-03-22,0,105.73976213598355,82.82748919668997,0.3722358722358722,0.5518040253261199,0.527536231884058,0.6555407209612817,0.1358492478868599,0.0924092409240924,0.5257985257985258,0.1826230624676815,0.3134831460674157,0.3507371007371007,0.4528776978417266,0.1834978646829973,0.6865168539325842,0.3949640287769784,3954.999999999999,0.3460431654676259,107.41022024519908,101.09597598902668,0.3150773195876288,0.5526403929887239,0.537621359223301,0.5118549511854951,0.0727934485896269,0.0771704180064308,0.520618556701031,0.1578604752088531,0.2921760391198044,0.3247422680412371,0.5078947368421053,0.1580812950715032,0.7078239608801956,0.2809210526315789,3684.225,0.3861842105263158
Alabama,Iona,2021-03-20,1,103.64066604433056,91.25094008523436,0.4708311822405782,0.5424630138854168,0.5124471582902771,0.5107913669064749,0.1129192235168452,0.1060728744939271,0.5131646876613319,0.180188003386666,0.29686013320647,0.2860092927207021,0.4532258064516129,0.1809323465617404,0.70313986679353,0.3188172043010753,4596.825000000001,0.336021505376344,101.41007907178395,93.34082724453047,0.3764458464773922,0.5512040756783446,0.543336439888164,0.5602836879432624,0.0965881887632965,0.1185840707964601,0.5115667718191378,0.2105828189194211,0.30859375,0.3606729758149316,0.456043956043956,0.2123274839193155,0.69140625,0.4626373626373626,2411.9,0.3791208791208791
Alabama,Maryland,2021-03-22,1,103.64066604433056,91.25094008523436,0.4708311822405782,0.5424630138854168,0.5124471582902771,0.5107913669064749,0.1129192235168452,0.1060728744939271,0.5131646876613319,0.180188003386666,0.29686013320647,0.2860092927207021,0.4532258064516129,0.1809323465617404,0.70313986679353,0.3188172043010753,4596.825000000001,0.336021505376344,103.28358981660044,97.548347011158,0.4324853228962818,0.5608422473047243,0.4941699056079955,0.5507868383404864,0.0750770186657001,0.1020833333333333,0.5322896281800391,0.1641147768013149,0.1924882629107981,0.3372472276581865,0.4796476306196841,0.1641338959794962,0.8075117370892019,0.2588092345078979,3862.925,0.4167679222357229
Alabama,UCLA,2021-03-28,0,103.64066604433056,91.25094008523436,0.4708311822405782,0.5424630138854168,0.5124471582902771,0.5107913669064749,0.1129192235168452,0.1060728744939271,0.5131646876613319,0.180188003386666,0.29686013320647,0.2860092927207021,0.4532258064516129,0.1809323465617404,0.70313986679353,0.3188172043010753,4596.825000000001,0.336021505376344,107.41022024519908,101.09597598902668,0.3150773195876288,0.5526403929887239,0.537621359223301,0.5118549511854951,0.0727934485896269,0.0771704180064308,0.520618556701031,0.1578604752088531,0.2921760391198044,0.3247422680412371,0.5078947368421053,0.1580812950715032,0.7078239608801956,0.2809210526315789,3684.225,0.3861842105263158
Arkansas,Colgate,2021-03-19,1,106.87111306704342,92.52311324614,0.3577728776185226,0.5504193159721807,0.5301701908200103,0.5078787878787879,0.1056605537828582,0.1353874883286648,0.5154355016538037,0.166305719943947,0.3048403707518022,0.3269018743109151,0.4761072261072261,0.167841322159496,0.6951596292481977,0.2931235431235431,4297.6,0.3758741258741259,117.33792416073936,92.69852709337415,0.3590285110876452,0.5958680347858095,0.5383877159309021,0.5614406779661016,0.0972929147335705,0.0883333333333333,0.5702217529039071,0.1331944003986771,0.2725366876310272,0.3104540654699049,0.4558823529411764,0.1324264672762488,0.7274633123689728,0.25,2213.7,0.3697478991596639
Arkansas,Texas Tech,2021-03-21,1,106.87111306704342,92.52311324614,0.3577728776185226,0.5504193159721807,0.5301701908200103,0.5078787878787879,0.1056605537828582,0.1353874883286648,0.5154355016538037,0.166305719943947,0.3048403707518022,0.3269018743109151,0.4761072261072261,0.167841322159496,0.6951596292481977,0.2931235431235431,4297.6,0.3758741258741259,107.0110701107011,91.7937856893917,0.3131052291801162,0.5365110458156491,0.5213270142180095,0.5102040816326531,0.10509101632664,0.1261467889908256,0.4970948999354422,0.1546559583242891,0.3218390804597701,0.3925112976113621,0.4778325123152709,0.1528109165974102,0.6781609195402298,0.3645320197044335,3707.85,0.386347642505278
Arkansas,Oral Roberts,2021-03-27,1,106.87111306704342,92.52311324614,0.3577728776185226,0.5504193159721807,0.5301701908200103,0.5078787878787879,0.1056605537828582,0.1353874883286648,0.5154355016538037,0.166305719943947,0.3048403707518022,0.3269018743109151,0.4761072261072261,0.167841322159496,0.6951596292481977,0.2931235431235431,4297.6,0.3758741258741259,109.70355272323846,100.54996235756488,0.466295609152752,0.5818440570349489,0.4793340987370838,0.4482288828337875,0.0847273794485064,0.0958408679927667,0.5448361162646876,0.1511906911943032,0.2192771084337349,0.2733457019171305,0.4883934025656689,0.1495489287856167,0.7807228915662651,0.3243738546120953,3897.175,0.3243738546120953
Arkansas,Baylor,2021-03-29,0,106.87111306704342,92.52311324614,0.3577728776185226,0.5504193159721807,0.5301701908200103,0.5078787878787879,0.1056605537828582,0.1353874883286648,0.5154355016538037,0.166305719943947,0.3048403707518022,0.3269018743109151,0.4761072261072261,0.167841322159496,0.6951596292481977,0.2931235431235431,4297.6,0.3758741258741259,117.23668784646335,93.21773710141962,0.3919365499008592,0.5930503287402439,0.533993399339934,0.5482573726541555,0.1257328323513501,0.1030927835051546,0.5750165234633179,0.1690524091415669,0.3602649006622516,0.2703238598810311,0.4909706546275395,0.1707627304492756,0.6397350993377483,0.3167795334838224,3437.25,0.3431151241534989
Baylor,Hartford,2021-03-19,1,117.23668784646335,93.21773710141962,0.3919365499008592,0.5930503287402439,0.533993399339934,0.5482573726541555,0.1257328323513501,0.1030927835051546,0.5750165234633179,0.1690524091415669,0.3602649006622516,0.2703238598810311,0.4909706546275395,0.1707627304492756,0.6397350993377483,0.3167795334838224,3437.25,0.3431151241534989,97.99165615601046,93.18709470818987,0.4252597921662669,0.5330565426973013,0.4817927170868347,0.4659300184162062,0.1031142422544231,0.0609597924773022,0.5035971223021583,0.1817535008570227,0.2241379310344827,0.2861710631494804,0.4761538461538461,0.1799695780962292,0.7758620689655172,0.25,3107.425,0.4069230769230769
Baylor,Wisconsin,2021-03-21,1,117.23668784646335,93.21773710141962,0.3919365499008592,0.5930503287402439,0.533993399339934,0.5482573726541555,0.1257328323513501,0.1030927835051546,0.5750165234633179,0.1690524091415669,0.3602649006622516,0.2703238598810311,0.4909706546275395,0.1707627304492756,0.6397350993377483,0.3167795334838224,3437.25,0.3431151241534989,102.89864305281264,95.46722633155026,0.408284023668639,0.5296084989179618,0.4858233369683751,0.5428973277074542,0.0870210642164265,0.1040681173131504,0.4940828402366864,0.1269032299165445,0.2070815450643776,0.2692307692307692,0.4791407222914072,0.1274602646464129,0.7929184549356223,0.2851805728518057,3915.675,0.3418430884184308
Baylor,Villanova,2021-03-27,1,117.23668784646335,93.21773710141962,0.3919365499008592,0.5930503287402439,0.533993399339934,0.5482573726541555,0.1257328323513501,0.1030927835051546,0.5750165234633179,0.1690524091415669,0.3602649006622516,0.2703238598810311,0.4909706546275395,0.1707627304492756,0.6397350993377483,0.3167795334838224,3437.25,0.3431151241534989,111.59605183643323,98.85219020847973,0.4458204334365325,0.5628937207884577,0.5123042505592841,0.5783132530120482,0.0783053910249974,0.0442600276625172,0.528250773993808,0.1248908883368025,0.2532942898975109,0.3003095975232198,0.5180475799835931,0.1244854934243549,0.746705710102489,0.2575881870385562,2983.45,0.4068908941755537
Baylor,Houston,2021-04-03,1,117.23668784646335,93.21773710141962,0.3919365499008592,0.5930503287402439,0.533993399339934,0.5482573726541555,0.1257328323513501,0.1030927835051546,0.5750165234633179,0.1690524091415669,0.3602649006622516,0.2703238598810311,0.4909706546275395,0.1707627304492756,0.6397350993377483,0.3167795334838224,3437.25,0.3431151241534989,114.74557249609944,84.50094671355151,0.4200721153846153,0.5519711373870908,0.5833333333333334,0.5155615696887687,0.1195563970787124,0.145664739884393,0.5198317307692307,0.1516437193770016,0.3974943052391799,0.296875,0.4226361031518624,0.1498512307276169,0.60250569476082,0.4154727793696275,3675.15,0.3803724928366762
Baylor,Gonzaga,2021-04-05,1,117.23668784646335,93.21773710141962,0.3919365499008592,0.5930503287402439,0.533993399339934,0.5482573726541555,0.1257328323513501,0.1030927835051546,0.5750165234633179,0.1690524091415669,0.3602649006622516,0.2703238598810311,0.4909706546275395,0.1707627304492756,0.6397350993377483,0.3167795334838224,3437.25,0.3431151241534989,120.42891802536802,91.06918876458587,0.3225806451612903,0.63268567805677,0.55837870538415,0.536036036036036,0.1094654689657793,0.0710854947166186,0.6098014888337469,0.1558787665464053,0.2826948480845442,0.3666253101736972,0.4745122718691,0.1571032193490351,0.7173051519154557,0.2586532410320956,3961.95,0.3448709880427942
Brigham Young,UCLA,2021-03-20,0,109.30012147424348,93.76316898440793,0.3956326268464997,0.5815919196511017,0.5606326889279437,0.5739014647137151,0.0647914032869785,0.0726202158979391,0.5571612074502248,0.1767383498191235,0.2784163473818646,0.2742453436095055,0.4656050955414013,0.1743573535608933,0.7215836526181354,0.2955414012738853,3771.225,0.3509554140127388,107.41022024519908,101.09597598902668,0.3150773195876288,0.5526403929887239,0.537621359223301,0.5118549511854951,0.0727934485896269,0.0771704180064308,0.520618556701031,0.1578604752088531,0.2921760391198044,0.3247422680412371,0.5078947368421053,0.1580812950715032,0.7078239608801956,0.2809210526315789,3684.225,0.3861842105263158
Clemson,Rutgers,2021-03-19,0,99.5658082264426,94.15182476932472,0.4390822784810126,0.5343104122941198,0.5029112081513828,0.5637707948243993,0.0924351715827872,0.0917941585535466,0.5039556962025317,0.1816313678698087,0.249271137026239,0.235759493670886,0.4875724937862469,0.1809088358120264,0.750728862973761,0.2957746478873239,3023.125,0.404308202154101,100.50695509234318,97.33347964446396,0.3270725388601036,0.5206589097362357,0.4988399071925754,0.5158045977011494,0.1113793481839131,0.1413721413721413,0.501619170984456,0.1552636304615086,0.2558685446009389,0.2765544041450777,0.4769076305220883,0.1541753538900472,0.744131455399061,0.3319946452476573,3632.425,0.3560910307898259
Cleveland State,Houston,2021-03-19,0,101.14867439708205,100.7231759362178,0.3434610303830911,0.5327140317678766,0.4928909952606635,0.5307017543859649,0.0998998257242051,0.076741440377804,0.5066050198150595,0.1774729163264195,0.2814009661835748,0.3196829590488771,0.4881033310673011,0.1789414460774223,0.7185990338164251,0.371855880353501,3658.725,0.4242012236573759,114.74557249609944,84.50094671355151,0.4200721153846153,0.5519711373870908,0.5833333333333334,0.5155615696887687,0.1195563970787124,0.145664739884393,0.5198317307692307,0.1516437193770016,0.3974943052391799,0.296875,0.4226361031518624,0.1498512307276169,0.60250569476082,0.4154727793696275,3675.15,0.3803724928366762
Colorado,Georgetown,2021-03-20,1,108.9372280919826,94.26371989073752,0.3587786259541984,0.5631666880863643,0.532069157836029,0.5129198966408268,0.0789669729327042,0.0775700934579439,0.5202583675866118,0.1531385954008701,0.2797687861271676,0.2994715208455666,0.4765386959171237,0.1529674695803327,0.7202312138728324,0.2803168799512492,4024.75,0.3479585618525289,98.86806046247423,98.55266460302856,0.3882433356117566,0.5330385287658544,0.53047011027278,0.5169082125603864,0.0825455255305502,0.103521878335112,0.4955570745044429,0.208376629674273,0.2948255114320096,0.3028024606971975,0.4800386349001931,0.209710254050587,0.7051744885679904,0.2588538312942691,3597.374999999999,0.3966516419832582
Colorado,Florida State,2021-03-22,0,108.9372280919826,94.26371989073752,0.3587786259541984,0.5631666880863643,0.532069157836029,0.5129198966408268,0.0789669729327042,0.0775700934579439,0.5202583675866118,0.1531385954008701,0.2797687861271676,0.2994715208455666,0.4765386959171237,0.1529674695803327,0.7202312138728324,0.2803168799512492,4024.75,0.3479585618525289,109.12576807631258,96.91160809371672,0.3550114766641163,0.574901064692928,0.5406360424028268,0.5193548387096775,0.1021111319927331,0.1459948320413436,0.5436113236419281,0.1961246523030502,0.3468468468468468,0.3267023718439173,0.4651162790697674,0.1954519827100169,0.6531531531531531,0.3627906976744186,3187.1250000000005,0.4
Connecticut,Maryland,2021-03-20,0,106.13642787078754,94.27051394666624,0.3325774754346183,0.5289234287229283,0.5515759312320917,0.4939759036144578,0.0901602665031407,0.1442786069651741,0.4950869236583522,0.163593742206853,0.3595988538681948,0.2955404383975812,0.4620833333333333,0.1630840114689162,0.6404011461318052,0.3691666666666666,3012.15,0.33,103.28358981660044,97.548347011158,0.4324853228962818,0.5608422473047243,0.4941699056079955,0.5507868383404864,0.0750770186657001,0.1020833333333333,0.5322896281800391,0.1641147768013149,0.1924882629107981,0.3372472276581865,0.4796476306196841,0.1641338959794962,0.8075117370892019,0.2588092345078979,3862.925,0.4167679222357229
Creighton,UC Santa Barbara,2021-03-20,1,107.871355274684,95.14686306465458,0.4429850746268656,0.5704831237590999,0.4951193058568329,0.5570890840652447,0.098530747315908,0.0939597315436241,0.5570149253731344,0.1511700663246152,0.2210767468499427,0.2686567164179104,0.4686951433586893,0.1502842711586071,0.7789232531500573,0.256875365710942,4007.275,0.3897015798712697,111.93809356313751,90.6542315485608,0.3392010832769127,0.5792500910083728,0.5505913272010512,0.5899581589958159,0.1093624226274738,0.074074074074074,0.5450236966824644,0.1542033063665142,0.2899728997289973,0.3419092755585646,0.4725738396624472,0.1521081411163849,0.7100271002710027,0.2714486638537271,3578.2250000000004,0.3164556962025316
Creighton,Ohio,2021-03-22,1,107.871355274684,95.14686306465458,0.4429850746268656,0.5704831237590999,0.4951193058568329,0.5570890840652447,0.098530747315908,0.0939597315436241,0.5570149253731344,0.1511700663246152,0.2210767468499427,0.2686567164179104,0.4686951433586893,0.1502842711586071,0.7789232531500573,0.256875365710942,4007.275,0.3897015798712697,111.67482213082766,100.18729375390195,0.3848895224518888,0.5806874590240705,0.5143859649122807,0.6020408163265306,0.0921604185866754,0.0599755201958384,0.5584461867426942,0.1579057968839122,0.2818696883852691,0.2979330007127583,0.5103857566765578,0.1563754199244879,0.7181303116147308,0.301186943620178,3347.4,0.3939169139465875
Creighton,Gonzaga,2021-03-28,0,107.871355274684,95.14686306465458,0.4429850746268656,0.5704831237590999,0.4951193058568329,0.5570890840652447,0.098530747315908,0.0939597315436241,0.5570149253731344,0.1511700663246152,0.2210767468499427,0.2686567164179104,0.4686951433586893,0.1502842711586071,0.7789232531500573,0.256875365710942,4007.275,0.3897015798712697,120.42891802536802,91.06918876458587,0.3225806451612903,0.63268567805677,0.55837870538415,0.536036036036036,0.1094654689657793,0.0710854947166186,0.6098014888337469,0.1558787665464053,0.2826948480845442,0.3666253101736972,0.4745122718691,0.1571032193490351,0.7173051519154557,0.2586532410320956,3961.95,0.3448709880427942
Drake,Southern California,2021-03-20,0,112.20429188740508,94.46078431372548,0.3154696132596685,0.5693615123510319,0.535771920387305,0.4639639639639639,0.1034313725490195,0.0858490566037735,0.5488950276243094,0.1420863748443641,0.2893569844789357,0.2419889502762431,0.4756024096385542,0.1426470588235293,0.7106430155210643,0.2891566265060241,4088.0500000000006,0.3614457831325301,106.57752433389048,93.77871600645724,0.3119810201660735,0.5457657839089719,0.5515976951283394,0.5025380710659898,0.0690425928225506,0.1362422083704363,0.5216488730723606,0.1730409989184937,0.3322404371584699,0.3748517200474496,0.4538904899135447,0.174841673910344,0.66775956284153,0.2478386167146974,4047.45,0.3527377521613833
Drexel,Illinois,2021-03-19,0,107.81200381073356,99.74278926390606,0.3574181117533718,0.5761072458849483,0.5396536007292616,0.5818181818181818,0.0698984901140759,0.0646551724137931,0.5433526011560693,0.1778342330898698,0.275,0.2851637764932562,0.4962299717247879,0.1759242897253146,0.725,0.2723845428840716,2532.875,0.3440150801131008,111.32722707500795,94.35757668315262,0.3069712946690099,0.5830277438233877,0.5739769150052466,0.5558166862514688,0.0780047695687417,0.0695504664970313,0.5562390158172232,0.174464523582181,0.3117178612059158,0.3919156414762741,0.4659090909090909,0.1738660526532194,0.6882821387940842,0.3051136363636363,4248.85,0.3301136363636364
Eastern Washington,Kansas,2021-03-20,0,107.15298401659528,95.92311735115248,0.4008778346744696,0.5741519663505366,0.506363027461487,0.5438871473354232,0.0678729634356933,0.0726072607260726,0.5376737381126554,0.1569985225424209,0.217579250720461,0.302121433796635,0.46875,0.1579698175538703,0.7824207492795389,0.2734375,3340.05,0.3544034090909091,104.13460682445408,93.322688159779,0.3627684964200477,0.533427145630562,0.5276008492569002,0.519674355495251,0.0973273010683192,0.111984282907662,0.5020883054892601,0.1709293008940721,0.3061440677966102,0.3048926014319809,0.4675840978593272,0.1703227768695586,0.6938559322033898,0.2636085626911315,3938.45,0.3773700305810397
Florida,Virginia Tech,2021-03-19,1,103.87944854119912,96.6712815265154,0.3376822716807368,0.5623233441875073,0.5084269662921348,0.4495867768595041,0.1011256245109251,0.143843498273878,0.52455871066769,0.1960335272294233,0.2921013412816691,0.338449731389102,0.4750744047619047,0.1932221754048034,0.7078986587183308,0.3482142857142857,3298.775,0.353422619047619,105.45182452537978,96.0541700842917,0.4099746407438715,0.553050906236881,0.5279503105590062,0.5655430711610487,0.0698068096542817,0.1175637393767705,0.5245139475908707,0.1614839821114726,0.2590266875981161,0.3322062552831784,0.4832474226804124,0.1619517983979337,0.7409733124018838,0.3084192439862543,2869.2000000000003,0.3934707903780068
Florida,Oral Roberts,2021-03-21,0,103.87944854119912,96.6712815265154,0.3376822716807368,0.5623233441875073,0.5084269662921348,0.4495867768595041,0.1011256245109251,0.143843498273878,0.52455871066769,0.1960335272294233,0.2921013412816691,0.338449731389102,0.4750744047619047,0.1932221754048034,0.7078986587183308,0.3482142857142857,3298.775,0.353422619047619,109.70355272323846,100.54996235756488,0.466295609152752,0.5818440570349489,0.4793340987370838,0.4482288828337875,0.0847273794485064,0.0958408679927667,0.5448361162646876,0.1511906911943032,0.2192771084337349,0.2733457019171305,0.4883934025656689,0.1495489287856167,0.7807228915662651,0.3243738546120953,3897.175,0.3243738546120953
Florida State,UNC Greensboro,2021-03-20,1,109.12576807631258,96.91160809371672,0.3550114766641163,0.574901064692928,0.5406360424028268,0.5193548387096775,0.1021111319927331,0.1459948320413436,0.5436113236419281,0.1961246523030502,0.3468468468468468,0.3267023718439173,0.4651162790697674,0.1954519827100169,0.6531531531531531,0.3627906976744186,3187.1250000000005,0.4,102.38703257442243,94.8409619860357,0.3885955649419219,0.5063501286627377,0.5301507537688442,0.4433374844333748,0.1052172226532195,0.1225806451612903,0.4823125659978881,0.1472263185027994,0.3173076923076923,0.2381203801478352,0.4806853582554517,0.148855702094647,0.6826923076923077,0.3638629283489096,4147.625,0.4205607476635514
Florida State,Michigan,2021-03-28,0,109.12576807631258,96.91160809371672,0.3550114766641163,0.574901064692928,0.5406360424028268,0.5193548387096775,0.1021111319927331,0.1459948320413436,0.5436113236419281,0.1961246523030502,0.3468468468468468,0.3267023718439173,0.4651162790697674,0.1954519827100169,0.6531531531531531,0.3627906976744186,3187.1250000000005,0.4,111.99510403916769,94.0295153194996,0.3386396526772793,0.5820610687022901,0.5512736773350752,0.5553892215568862,0.0635253577046969,0.1055327868852459,0.5488422575976846,0.1566707466340269,0.2763532763532763,0.2894356005788712,0.4490006891798759,0.1534197318151172,0.7236467236467237,0.2446588559614059,3302.625,0.3273604410751206
Georgia Tech,Loyola (IL),2021-03-19,0,107.21942216227728,99.58033999573225,0.3687798227675528,0.565650513070182,0.4697674418604651,0.5784172661870504,0.1308770182801052,0.0927947598253275,0.538173142467621,0.1499254631930148,0.2272126816380449,0.2897068847989093,0.5221112696148359,0.1502240557649903,0.7727873183619551,0.2888730385164051,3518.250000000001,0.3466476462196862,110.08770723928404,86.43450710096997,0.375,0.5981297242388934,0.5398851308232291,0.601360544217687,0.1078346905311136,0.0698644421272158,0.5738324175824175,0.1765142558631877,0.2378378378378378,0.3145604395604395,0.4612188365650969,0.1784275034045746,0.7621621621621621,0.2202216066481994,3617.6,0.3358725761772853
Gonzaga,Norfolk State,2021-03-20,1,120.42891802536802,91.06918876458587,0.3225806451612903,0.63268567805677,0.55837870538415,0.536036036036036,0.1094654689657793,0.0710854947166186,0.6098014888337469,0.1558787665464053,0.2826948480845442,0.3666253101736972,0.4745122718691,0.1571032193490351,0.7173051519154557,0.2586532410320956,3961.95,0.3448709880427942,100.57787174066242,92.93780120694773,0.358303886925795,0.5351732413379331,0.5012771392081737,0.4779050736497545,0.0881891544299504,0.107671601615074,0.4978798586572438,0.1708245243128963,0.2538860103626943,0.3745583038869258,0.4664948453608247,0.1712904730274036,0.7461139896373057,0.3998527245949926,3542.675,0.4528718703976436
Gonzaga,Oklahoma,2021-03-22,1,120.42891802536802,91.06918876458587,0.3225806451612903,0.63268567805677,0.55837870538415,0.536036036036036,0.1094654689657793,0.0710854947166186,0.6098014888337469,0.1558787665464053,0.2826948480845442,0.3666253101736972,0.4745122718691,0.1571032193490351,0.7173051519154557,0.2586532410320956,3961.95,0.3448709880427942,105.5365764137892,97.44426930871424,0.3895847066578773,0.5411274211760618,0.4997018485390578,0.5,0.1035802747129025,0.0918803418803418,0.5075807514831905,0.1479431943307264,0.2592152199762187,0.2913645352669743,0.4887566137566138,0.1474893042107633,0.7407847800237812,0.2275132275132275,3547.35,0.3809523809523809
Gonzaga,Southern California,2021-03-30,1,120.42891802536802,91.06918876458587,0.3225806451612903,0.63268567805677,0.55837870538415,0.536036036036036,0.1094654689657793,0.0710854947166186,0.6098014888337469,0.1558787665464053,0.2826948480845442,0.3666253101736972,0.4745122718691,0.1571032193490351,0.7173051519154557,0.2586532410320956,3961.95,0.3448709880427942,106.57752433389048,93.77871600645724,0.3119810201660735,0.5457657839089719,0.5515976951283394,0.5025380710659898,0.0690425928225506,0.1362422083704363,0.5216488730723606,0.1730409989184937,0.3322404371584699,0.3748517200474496,0.4538904899135447,0.174841673910344,0.66775956284153,0.2478386167146974,4047.45,0.3527377521613833
Gonzaga,UCLA,2021-04-03,1,120.42891802536802,91.06918876458587,0.3225806451612903,0.63268567805677,0.55837870538415,0.536036036036036,0.1094654689657793,0.0710854947166186,0.6098014888337469,0.1558787665464053,0.2826948480845442,0.3666253101736972,0.4745122718691,0.1571032193490351,0.7173051519154557,0.2586532410320956,3961.95,0.3448709880427942,107.41022024519908,101.09597598902668,0.3150773195876288,0.5526403929887239,0.537621359223301,0.5118549511854951,0.0727934485896269,0.0771704180064308,0.520618556701031,0.1578604752088531,0.2921760391198044,0.3247422680412371,0.5078947368421053,0.1580812950715032,0.7078239608801956,0.2809210526315789,3684.225,0.3861842105263158
Grand Canyon,Iowa,2021-03-20,0,109.03900748153144,89.19643849096133,0.3576864535768645,0.5736257570506791,0.5770020533880903,0.5743034055727554,0.0711032107543606,0.0897097625329815,0.5509893455098934,0.1800586602255438,0.3161094224924012,0.3219178082191781,0.4372128637059724,0.1822019775580491,0.6838905775075987,0.285604900459418,3169.1000000000004,0.4196018376722817,116.17701569991988,99.93053725837746,0.3985861881457314,0.5732085757100212,0.5262906309751434,0.6431054461181923,0.0776066492610601,0.1164444444444444,0.546220772158782,0.1272255503342062,0.2981744421906693,0.3202827623708537,0.4831008583690987,0.1274282018730987,0.7018255578093306,0.2263948497854077,4178.225,0.3964592274678111
Houston,Rutgers,2021-03-21,1,114.74557249609944,84.50094671355151,0.4200721153846153,0.5519711373870908,0.5833333333333334,0.5155615696887687,0.1195563970787124,0.145664739884393,0.5198317307692307,0.1516437193770016,0.3974943052391799,0.296875,0.4226361031518624,0.1498512307276169,0.60250569476082,0.4154727793696275,3675.15,0.3803724928366762,100.50695509234318,97.33347964446396,0.3270725388601036,0.5206589097362357,0.4988399071925754,0.5158045977011494,0.1113793481839131,0.1413721413721413,0.501619170984456,0.1552636304615086,0.2558685446009389,0.2765544041450777,0.4769076305220883,0.1541753538900472,0.744131455399061,0.3319946452476573,3632.425,0.3560910307898259
Houston,Syracuse,2021-03-27,1,114.74557249609944,84.50094671355151,0.4200721153846153,0.5519711373870908,0.5833333333333334,0.5155615696887687,0.1195563970787124,0.145664739884393,0.5198317307692307,0.1516437193770016,0.3974943052391799,0.296875,0.4226361031518624,0.1498512307276169,0.60250569476082,0.4154727793696275,3675.15,0.3803724928366762,106.71920073172448,98.55484482350154,0.389686684073107,0.5452584657416062,0.4885265700483092,0.5650887573964497,0.121521245314046,0.1435239206534422,0.5075065274151436,0.1485963554492366,0.2790123456790123,0.2839425587467363,0.4849377865094957,0.1471633429491199,0.7209876543209877,0.2508185985592665,3570.55,0.4387688277668631
Houston,Oregon State,2021-03-29,1,114.74557249609944,84.50094671355151,0.4200721153846153,0.5519711373870908,0.5833333333333334,0.5155615696887687,0.1195563970787124,0.145664739884393,0.5198317307692307,0.1516437193770016,0.3974943052391799,0.296875,0.4226361031518624,0.1498512307276169,0.60250569476082,0.4154727793696275,3675.15,0.3803724928366762,105.15376621377162,101.5493842190924,0.3512522907758094,0.538763919382617,0.5038845726970034,0.598314606741573,0.0902205533698145,0.0986639260020555,0.4969456322541234,0.1626829862848492,0.2912621359223301,0.3402565668906536,0.4971190781049936,0.1624995194217682,0.7087378640776699,0.3770806658130601,3899.35,0.3770806658130601
Illinois,Loyola (IL),2021-03-21,0,111.32722707500795,94.35757668315262,0.3069712946690099,0.5830277438233877,0.5739769150052466,0.5558166862514688,0.0780047695687417,0.0695504664970313,0.5562390158172232,0.174464523582181,0.3117178612059158,0.3919156414762741,0.4659090909090909,0.1738660526532194,0.6882821387940842,0.3051136363636363,4248.85,0.3301136363636364,110.08770723928404,86.43450710096997,0.375,0.5981297242388934,0.5398851308232291,0.601360544217687,0.1078346905311136,0.0698644421272158,0.5738324175824175,0.1765142558631877,0.2378378378378378,0.3145604395604395,0.4612188365650969,0.1784275034045746,0.7621621621621621,0.2202216066481994,3617.6,0.3358725761772853
Iowa,Oregon,2021-03-22,0,116.17701569991988,99.93053725837746,0.3985861881457314,0.5732085757100212,0.5262906309751434,0.6431054461181923,0.0776066492610601,0.1164444444444444,0.546220772158782,0.1272255503342062,0.2981744421906693,0.3202827623708537,0.4831008583690987,0.1274282018730987,0.7018255578093306,0.2263948497854077,4178.225,0.3964592274678111,108.66084220580387,98.22516704722148,0.3795379537953795,0.5662089761981439,0.5085932527052832,0.4881118881118881,0.1087032653004048,0.1069397042093287,0.5438943894389439,0.1606876984015507,0.2708860759493671,0.2679867986798679,0.5017265193370166,0.1602532674016277,0.7291139240506329,0.2714088397790055,3564.525,0.3929558011049723
Kansas,Southern California,2021-03-22,0,104.13460682445408,93.322688159779,0.3627684964200477,0.533427145630562,0.5276008492569002,0.519674355495251,0.0973273010683192,0.111984282907662,0.5020883054892601,0.1709293008940721,0.3061440677966102,0.3048926014319809,0.4675840978593272,0.1703227768695586,0.6938559322033898,0.2636085626911315,3938.45,0.3773700305810397,106.57752433389048,93.77871600645724,0.3119810201660735,0.5457657839089719,0.5515976951283394,0.5025380710659898,0.0690425928225506,0.1362422083704363,0.5216488730723606,0.1730409989184937,0.3322404371584699,0.3748517200474496,0.4538904899135447,0.174841673910344,0.66775956284153,0.2478386167146974,4047.45,0.3527377521613833
Liberty,Oklahoma State,2021-03-19,0,115.35922543734183,90.86704573278558,0.4777275661717237,0.6082492168465019,0.5311536088834053,0.5860709592641261,0.0696465979269254,0.0671563483735571,0.5845706907682375,0.1441302673561448,0.2193211488250653,0.2375726275016139,0.4655056932350971,0.1425578801316755,0.7806788511749347,0.2719356999330207,3655.650000000001,0.3616878767582049,101.69890902236152,96.20324762555676,0.319059107358263,0.5550554283803596,0.524442082890542,0.4774193548387097,0.0961561122764016,0.1113122171945701,0.5214113389626055,0.206885176370791,0.2972665148063781,0.3630880579010856,0.4713393870601589,0.206924182790884,0.7027334851936219,0.3053348467650397,4243.5,0.3728717366628831
Louisiana State,St. Bonaventure,2021-03-20,1,111.2588763706622,101.7814251401121,0.3711583924349881,0.5642226350749497,0.4994764397905759,0.423469387755102,0.1090872698158527,0.0778816199376947,0.5283687943262412,0.1530625047047901,0.3027322404371584,0.3392434988179669,0.4852515905147484,0.1526220976781425,0.6972677595628415,0.291497975708502,3991.0499999999993,0.4430306535569693,106.46129452403872,91.28724852518528,0.3186907838070629,0.536356201380832,0.5351014040561622,0.5681381957773513,0.0907578278626531,0.124401913875598,0.5051679586563308,0.1570492855390075,0.3188405797101449,0.2782084409991386,0.4547101449275362,0.1573135682952654,0.6811594202898551,0.2826086956521739,2646.625,0.4320652173913043
Louisiana State,Michigan,2021-03-22,0,111.2588763706622,101.7814251401121,0.3711583924349881,0.5642226350749497,0.4994764397905759,0.423469387755102,0.1090872698158527,0.0778816199376947,0.5283687943262412,0.1530625047047901,0.3027322404371584,0.3392434988179669,0.4852515905147484,0.1526220976781425,0.6972677595628415,0.291497975708502,3991.0499999999993,0.4430306535569693,111.99510403916769,94.0295153194996,0.3386396526772793,0.5820610687022901,0.5512736773350752,0.5553892215568862,0.0635253577046969,0.1055327868852459,0.5488422575976846,0.1566707466340269,0.2763532763532763,0.2894356005788712,0.4490006891798759,0.1534197318151172,0.7236467236467237,0.2446588559614059,3302.625,0.3273604410751206
Loyola (IL),Oregon State,2021-03-27,0,110.08770723928404,86.43450710096997,0.375,0.5981297242388934,0.5398851308232291,0.601360544217687,0.1078346905311136,0.0698644421272158,0.5738324175824175,0.1765142558631877,0.2378378378378378,0.3145604395604395,0.4612188365650969,0.1784275034045746,0.7621621621621621,0.2202216066481994,3617.6,0.3358725761772853,105.15376621377162,101.5493842190924,0.3512522907758094,0.538763919382617,0.5038845726970034,0.598314606741573,0.0902205533698145,0.0986639260020555,0.4969456322541234,0.1626829862848492,0.2912621359223301,0.3402565668906536,0.4971190781049936,0.1624995194217682,0.7087378640776699,0.3770806658130601,3899.35,0.3770806658130601
Michigan,Texas Southern,2021-03-20,1,111.99510403916769,94.0295153194996,0.3386396526772793,0.5820610687022901,0.5512736773350752,0.5553892215568862,0.0635253577046969,0.1055327868852459,0.5488422575976846,0.1566707466340269,0.2763532763532763,0.2894356005788712,0.4490006891798759,0.1534197318151172,0.7236467236467237,0.2446588559614059,3302.625,0.3273604410751206,98.9465262034938,91.72164290274527,0.2746666666666666,0.5237893547931667,0.5351539802440441,0.4568452380952381,0.0925728878484784,0.1221621621621621,0.4866666666666667,0.1941592212294972,0.3080568720379147,0.38,0.4572564612326044,0.1936582251542881,0.6919431279620853,0.3286944996686547,3754.35,0.3870112657388999
Michigan,UCLA,2021-03-30,0,111.99510403916769,94.0295153194996,0.3386396526772793,0.5820610687022901,0.5512736773350752,0.5553892215568862,0.0635253577046969,0.1055327868852459,0.5488422575976846,0.1566707466340269,0.2763532763532763,0.2894356005788712,0.4490006891798759,0.1534197318151172,0.7236467236467237,0.2446588559614059,3302.625,0.3273604410751206,107.41022024519908,101.09597598902668,0.3150773195876288,0.5526403929887239,0.537621359223301,0.5118549511854951,0.0727934485896269,0.0771704180064308,0.520618556701031,0.1578604752088531,0.2921760391198044,0.3247422680412371,0.5078947368421053,0.1580812950715032,0.7078239608801956,0.2809210526315789,3684.225,0.3861842105263158
Missouri,Oklahoma,2021-03-20,0,101.93657341398928,99.51845906902088,0.3752605976372481,0.5430598368755623,0.5071295722256665,0.5108359133126935,0.0929872142580395,0.0897043832823649,0.5090340514246005,0.1816143187386664,0.2736443883984867,0.3745656706045865,0.4853041695146958,0.1815464659323629,0.7263556116015133,0.3636363636363636,3612.725,0.32946001367054,105.5365764137892,97.44426930871424,0.3895847066578773,0.5411274211760618,0.4997018485390578,0.5,0.1035802747129025,0.0918803418803418,0.5075807514831905,0.1479431943307264,0.2592152199762187,0.2913645352669743,0.4887566137566138,0.1474893042107633,0.7407847800237812,0.2275132275132275,3547.35,0.3809523809523809
Morehead State,West Virginia,2021-03-19,0,100.6764580413188,92.2215353285574,0.3497813866333542,0.5509237644233976,0.5478582760444209,0.516914749661705,0.0640023273573584,0.1470588235294117,0.5224859462835728,0.2189042598573953,0.3028953229398664,0.3591505309181761,0.4675846242111302,0.2177048862382874,0.6971046770601337,0.2312105565117613,4113.55,0.414802065404475,106.2816693402592,99.7962557182947,0.330722891566265,0.5295207165148554,0.5127925966249319,0.5246132208157525,0.1035379746024423,0.0757874015748031,0.4873493975903614,0.1599062969470119,0.3400423728813559,0.3939759036144578,0.5024706609017913,0.1609451684414203,0.659957627118644,0.2847436689314391,3914.625,0.3724521309450277
North Carolina,Wisconsin,2021-03-19,0,102.58272214557162,95.40176269854908,0.2816581487791028,0.5161620344432806,0.5812629399585921,0.5579896907216495,0.099182481035033,0.1275362318840579,0.4852356615559341,0.1955800837508775,0.3997955010224949,0.3486655309483248,0.4865511057979677,0.198364962070066,0.6002044989775052,0.2713687985654512,4102.3,0.3813508667065152,102.89864305281264,95.46722633155026,0.408284023668639,0.5296084989179618,0.4858233369683751,0.5428973277074542,0.0870210642164265,0.1040681173131504,0.4940828402366864,0.1269032299165445,0.2070815450643776,0.2692307692307692,0.4791407222914072,0.1274602646464129,0.7929184549356223,0.2851805728518057,3915.675,0.3418430884184308
North Texas,Purdue,2021-03-19,1,105.68300919995342,91.32629646626891,0.3729537366548042,0.5716895552475746,0.5242782152230971,0.5194610778443114,0.1009637448370812,0.0852713178294573,0.5455516014234876,0.1886572726214044,0.268326417704011,0.2733096085409253,0.4651162790697674,0.1858650757228086,0.7316735822959889,0.313953488372093,3460.6000000000004,0.34375,105.45394628439608,97.92256458649598,0.37524557956778,0.5452376895552905,0.5463071512309496,0.5602322206095791,0.0765874806821756,0.1115151515151515,0.5140798952193845,0.1763058164442247,0.3125748502994012,0.3222003929273084,0.4858552631578947,0.1756041521355598,0.6874251497005988,0.3032894736842105,3648.675,0.4572368421052631
North Texas,Villanova,2021-03-21,0,105.68300919995342,91.32629646626891,0.3729537366548042,0.5716895552475746,0.5242782152230971,0.5194610778443114,0.1009637448370812,0.0852713178294573,0.5455516014234876,0.1886572726214044,0.268326417704011,0.2733096085409253,0.4651162790697674,0.1858650757228086,0.7316735822959889,0.313953488372093,3460.6000000000004,0.34375,111.59605183643323,98.85219020847973,0.4458204334365325,0.5628937207884577,0.5123042505592841,0.5783132530120482,0.0783053910249974,0.0442600276625172,0.528250773993808,0.1248908883368025,0.2532942898975109,0.3003095975232198,0.5180475799835931,0.1244854934243549,0.746705710102489,0.2575881870385562,2983.45,0.4068908941755537
Ohio,Virginia,2021-03-20,1,111.67482213082766,100.18729375390195,0.3848895224518888,0.5806874590240705,0.5143859649122807,0.6020408163265306,0.0921604185866754,0.0599755201958384,0.5584461867426942,0.1579057968839122,0.2818696883852691,0.2979330007127583,0.5103857566765578,0.1563754199244879,0.7181303116147308,0.301186943620178,3347.4,0.3939169139465875,111.96084429489136,97.6660440540495,0.4225908372827804,0.5890347269410966,0.5259643916913946,0.5509868421052632,0.0794251771080485,0.130162703379224,0.5608214849921012,0.1400360286869922,0.2107765451664025,0.2195892575039494,0.479543666404406,0.1386575125784576,0.7892234548335975,0.2462627852084972,2956.7250000000004,0.3713611329661683
Ohio State,Oral Roberts,2021-03-19,0,111.86922872917522,102.1005179359294,0.3938336242001163,0.572599155909865,0.5231335436382755,0.4949367088607594,0.0661807020909265,0.0948434622467771,0.5314136125654451,0.1436940955228199,0.2738225629791895,0.3757998836532868,0.4885779554540262,0.1429119508920007,0.7261774370208105,0.3380925185608224,4159.05,0.3797829811536265,109.70355272323846,100.54996235756488,0.466295609152752,0.5818440570349489,0.4793340987370838,0.4482288828337875,0.0847273794485064,0.0958408679927667,0.5448361162646876,0.1511906911943032,0.2192771084337349,0.2733457019171305,0.4883934025656689,0.1495489287856167,0.7807228915662651,0.3243738546120953,3897.175,0.3243738546120953
Oklahoma State,Oregon State,2021-03-21,0,101.69890902236152,96.20324762555676,0.319059107358263,0.5550554283803596,0.524442082890542,0.4774193548387097,0.0961561122764016,0.1113122171945701,0.5214113389626055,0.206885176370791,0.2972665148063781,0.3630880579010856,0.4713393870601589,0.206924182790884,0.7027334851936219,0.3053348467650397,4243.5,0.3728717366628831,105.15376621377162,101.5493842190924,0.3512522907758094,0.538763919382617,0.5038845726970034,0.598314606741573,0.0902205533698145,0.0986639260020555,0.4969456322541234,0.1626829862848492,0.2912621359223301,0.3402565668906536,0.4971190781049936,0.1624995194217682,0.7087378640776699,0.3770806658130601,3899.35,0.3770806658130601
Oregon,Southern California,2021-03-28,0,108.66084220580387,98.22516704722148,0.3795379537953795,0.5662089761981439,0.5085932527052832,0.4881118881118881,0.1087032653004048,0.1069397042093287,0.5438943894389439,0.1606876984015507,0.2708860759493671,0.2679867986798679,0.5017265193370166,0.1602532674016277,0.7291139240506329,0.2714088397790055,3564.525,0.3929558011049723,106.57752433389048,93.77871600645724,0.3119810201660735,0.5457657839089719,0.5515976951283394,0.5025380710659898,0.0690425928225506,0.1362422083704363,0.5216488730723606,0.1730409989184937,0.3322404371584699,0.3748517200474496,0.4538904899135447,0.174841673910344,0.66775956284153,0.2478386167146974,4047.45,0.3527377521613833
Oregon State,Tennessee,2021-03-19,1,105.15376621377162,101.5493842190924,0.3512522907758094,0.538763919382617,0.5038845726970034,0.598314606741573,0.0902205533698145,0.0986639260020555,0.4969456322541234,0.1626829862848492,0.2912621359223301,0.3402565668906536,0.4971190781049936,0.1624995194217682,0.7087378640776699,0.3770806658130601,3899.35,0.3770806658130601,104.34975158116168,89.54979982024675,0.3433936955063715,0.5418457248803484,0.5246609124537608,0.5915279878971256,0.1024048805730315,0.1439820022497188,0.5013413816230717,0.1721632506193171,0.3019801980198019,0.3507712944332662,0.4589136490250696,0.169403818394749,0.698019801980198,0.3105849582172701,3642.275,0.3809192200557103
San Diego State,Syracuse,2021-03-19,0,108.03073474403467,88.9215206395823,0.3996075866579464,0.5620108749104294,0.5309246785058175,0.5381294964028777,0.1212813400772284,0.099870298313878,0.5294310006540223,0.1561044117051301,0.2688971499380421,0.3446697187704381,0.4611032531824611,0.1571762658399956,0.7311028500619579,0.3196605374823196,3690.025000000001,0.4547383309759547,106.71920073172448,98.55484482350154,0.389686684073107,0.5452584657416062,0.4885265700483092,0.5650887573964497,0.121521245314046,0.1435239206534422,0.5075065274151436,0.1485963554492366,0.2790123456790123,0.2839425587467363,0.4849377865094957,0.1471633429491199,0.7209876543209877,0.2508185985592665,3570.55,0.4387688277668631
Syracuse,West Virginia,2021-03-21,1,106.71920073172448,98.55484482350154,0.389686684073107,0.5452584657416062,0.4885265700483092,0.5650887573964497,0.121521245314046,0.1435239206534422,0.5075065274151436,0.1485963554492366,0.2790123456790123,0.2839425587467363,0.4849377865094957,0.1471633429491199,0.7209876543209877,0.2508185985592665,3570.55,0.4387688277668631,106.2816693402592,99.7962557182947,0.330722891566265,0.5295207165148554,0.5127925966249319,0.5246132208157525,0.1035379746024423,0.0757874015748031,0.4873493975903614,0.1599062969470119,0.3400423728813559,0.3939759036144578,0.5024706609017913,0.1609451684414203,0.659957627118644,0.2847436689314391,3914.625,0.3724521309450277
Texas Tech,Utah State,2021-03-19,1,107.0110701107011,91.7937856893917,0.3131052291801162,0.5365110458156491,0.5213270142180095,0.5102040816326531,0.10509101632664,0.1261467889908256,0.4970948999354422,0.1546559583242891,0.3218390804597701,0.3925112976113621,0.4778325123152709,0.1528109165974102,0.6781609195402298,0.3645320197044335,3707.85,0.386347642505278,104.41154022286672,88.6639367194852,0.3198573127229488,0.5334581188582125,0.5775488069414316,0.607190412782956,0.0966503039397715,0.1459227467811159,0.5002972651605232,0.1847046252480537,0.3492927094668117,0.3020214030915576,0.4569074778200253,0.1846529491059846,0.6507072905331882,0.2572877059569075,3931.150000000001,0.4093789607097592
Villanova,Winthrop,2021-03-19,1,111.59605183643323,98.85219020847973,0.4458204334365325,0.5628937207884577,0.5123042505592841,0.5783132530120482,0.0783053910249974,0.0442600276625172,0.528250773993808,0.1248908883368025,0.2532942898975109,0.3003095975232198,0.5180475799835931,0.1244854934243549,0.746705710102489,0.2575881870385562,2983.45,0.4068908941755537,107.8561541286477,90.06882989183876,0.3930280246069719,0.5578772027236331,0.5761631612492033,0.5356083086053413,0.1045090602612726,0.0672963400236127,0.5300751879699248,0.185315969377666,0.3413705583756345,0.3568010936431989,0.4898648648648648,0.1842955471274055,0.6586294416243654,0.3378378378378378,3549.7,0.3641141141141141
Akron,UCLA,2022-03-17,0,109.04406559355672,96.29208133499009,0.4186712485681558,0.565976363439228,0.5397066262013152,0.4863523573200992,0.0896496463948532,0.0925449871465295,0.536368843069874,0.167117341905834,0.2961011591148577,0.3969072164948453,0.4839156960621187,0.1672221383530942,0.7038988408851422,0.2590127565169162,4307.0,0.3527454242928453,109.53746862674798,93.19149414183168,0.3152064451158107,0.5389908256880734,0.5294403892944038,0.5,0.101099740510666,0.0957542908762421,0.5055387713997986,0.1272857655073503,0.2976744186046511,0.2980866062437059,0.4772471910112359,0.1276103391334628,0.7023255813953488,0.2915730337078652,4456.725,0.3780898876404494
Alabama,Notre Dame,2022-03-18,0,106.30828988638012,102.87589674541894,0.4795816733067729,0.5495779911088203,0.5236380009004953,0.5288135593220339,0.0942503103107314,0.1193675889328063,0.514691235059761,0.1873584944851795,0.3381818181818182,0.3356573705179282,0.4941742654508612,0.1897629015631245,0.6618181818181819,0.3515704154002026,4783.800000000001,0.3591691995947315,108.6848635235732,99.4338168782874,0.4231387252276379,0.5723449750534568,0.5048123195380173,0.5420991926182238,0.075491082895016,0.0490118577075098,0.5444563470808784,0.1421159485675614,0.2060913705583756,0.2678093197643278,0.4913265306122449,0.1407082314315387,0.7939086294416243,0.2209183673469388,4455.174999999999,0.3545918367346938
Arizona,Wright State,2022-03-18,1,114.07937940817602,90.89739402397142,0.3574508864398658,0.5903066514726867,0.561994034938219,0.6541062801932367,0.0902639627067311,0.1342560553633218,0.5591758505031145,0.1745910502246868,0.3387404580152672,0.3512218495448011,0.4438151336656094,0.1741936122410602,0.6612595419847328,0.2279111916628908,5046.1,0.3452650657000453,106.7882207652687,100.88751123272178,0.3259295026557218,0.557448191280831,0.5154125113327289,0.5119418483904465,0.08158237497602,0.0761346998535871,0.5190729116368904,0.1706844446229379,0.2960222016651249,0.3191694833413809,0.5059837242699856,0.1716460859643985,0.7039777983348752,0.2580181905217807,4966.000000000001,0.3460986117759693
Arizona,TCU,2022-03-20,1,114.07937940817602,90.89739402397142,0.3574508864398658,0.5903066514726867,0.561994034938219,0.6541062801932367,0.0902639627067311,0.1342560553633218,0.5591758505031145,0.1745910502246868,0.3387404580152672,0.3512218495448011,0.4438151336656094,0.1741936122410602,0.6612595419847328,0.2279111916628908,5046.1,0.3452650657000453,100.2219232582474,96.21389088049588,0.3191721132897603,0.5167977041754124,0.5592556317335945,0.5389369592088998,0.0929759233989407,0.1135407905803196,0.4891067538126362,0.1982361125484379,0.3621031746031746,0.3120915032679738,0.4771601541001651,0.1993662835071813,0.6378968253968254,0.267473858007705,4336.025,0.3456246560264172
Arizona,Houston,2022-03-24,0,114.07937940817602,90.89739402397142,0.3574508864398658,0.5903066514726867,0.561994034938219,0.6541062801932367,0.0902639627067311,0.1342560553633218,0.5591758505031145,0.1745910502246868,0.3387404580152672,0.3512218495448011,0.4438151336656094,0.1741936122410602,0.6612595419847328,0.2279111916628908,5046.1,0.3452650657000453,113.65089161725484,87.14577982849433,0.390984811366977,0.5557591566602712,0.5721507352941176,0.5945663531870429,0.1218822095503417,0.1730205278592375,0.5355218030377266,0.1604690634161394,0.3789954337899543,0.2871141597256247,0.4352317141261865,0.1584468724154442,0.6210045662100456,0.350642099385818,4565.65,0.4288107202680067
Arkansas,Vermont,2022-03-17,1,104.01261752114868,93.10174514323344,0.3425,0.5379123323658397,0.5291704649042844,0.5290102389078498,0.1049555482383931,0.1190681622088006,0.492,0.164273570799451,0.2903811252268602,0.379,0.4748295752490823,0.1650477444846888,0.7096188747731398,0.3230204509701101,4870.650000000001,0.3922391190351337,113.21575315028667,91.66282818977427,0.4300433839479393,0.5958102947731079,0.5435897435897435,0.5516483516483517,0.0792261630584983,0.0735815602836879,0.5718546637744034,0.1405468508578164,0.2183020948180815,0.2640997830802603,0.4745575221238938,0.1414094887148779,0.7816979051819184,0.2212389380530973,4355.325000000001,0.3761061946902654
Arkansas,New Mexico State,2022-03-19,1,104.01261752114868,93.10174514323344,0.3425,0.5379123323658397,0.5291704649042844,0.5290102389078498,0.1049555482383931,0.1190681622088006,0.492,0.164273570799451,0.2903811252268602,0.379,0.4748295752490823,0.1650477444846888,0.7096188747731398,0.3230204509701101,4870.650000000001,0.3922391190351337,106.50202585375268,93.24207767186046,0.4232044198895027,0.5562471102891489,0.5615835777126099,0.5374396135265701,0.0725863362942883,0.1242990654205607,0.5267955801104972,0.1897606428255269,0.3343653250773993,0.3475138121546961,0.455709711846318,0.1872906701914352,0.6656346749226006,0.2705442902881537,4434.6,0.4290288153681963
Arkansas,Gonzaga,2022-03-24,1,104.01261752114868,93.10174514323344,0.3425,0.5379123323658397,0.5291704649042844,0.5290102389078498,0.1049555482383931,0.1190681622088006,0.492,0.164273570799451,0.2903811252268602,0.379,0.4748295752490823,0.1650477444846888,0.7096188747731398,0.3230204509701101,4870.650000000001,0.3922391190351337,117.78034682080924,87.48139000773251,0.3545002760905577,0.6159613059250302,0.5636087176887988,0.5528795811518324,0.0890971412743661,0.137987012987013,0.5944229707344009,0.1558381502890173,0.2768878718535469,0.2981778023191607,0.431561996779388,0.155573764815862,0.7231121281464531,0.2216854535695115,4328.675000000001,0.3387010198604401
Arkansas,Duke,2022-03-26,0,104.01261752114868,93.10174514323344,0.3425,0.5379123323658397,0.5291704649042844,0.5290102389078498,0.1049555482383931,0.1190681622088006,0.492,0.164273570799451,0.2903811252268602,0.379,0.4748295752490823,0.1650477444846888,0.7096188747731398,0.3230204509701101,4870.650000000001,0.3922391190351337,115.34962445784404,96.19213145836628,0.3657945736434108,0.5814226298389676,0.537677304964539,0.5698711595639246,0.0926950018433665,0.1325811001410437,0.5562015503875969,0.1426002327303501,0.3045977011494253,0.2858527131782946,0.469640354974311,0.1419918891873387,0.6954022988505747,0.1891639420831387,4736.625,0.3376926669780476
Auburn,Jacksonville State,2022-03-18,1,105.5996310929918,90.84844827038528,0.3992133726647001,0.5383801575173386,0.5304428044280443,0.5223713646532439,0.1190135849136516,0.2113144758735441,0.5034414945919371,0.1559470534600752,0.3098859315589353,0.316125860373648,0.4414414414414414,0.1575553508465423,0.6901140684410646,0.3481717011128776,4746.5,0.3630100688924218,108.44057532172596,97.65298063208024,0.4288184438040345,0.5759951749095296,0.5381873727087576,0.5482295482295483,0.0905329419669696,0.0899209486166007,0.5553314121037464,0.1821536714610143,0.2852459016393442,0.3089337175792507,0.4823177366702938,0.1815374096733505,0.7147540983606557,0.2116430903155604,4234.375,0.4494015233949945
Auburn,Miami (FL),2022-03-20,0,105.5996310929918,90.84844827038528,0.3992133726647001,0.5383801575173386,0.5304428044280443,0.5223713646532439,0.1190135849136516,0.2113144758735441,0.5034414945919371,0.1559470534600752,0.3098859315589353,0.316125860373648,0.4414414414414414,0.1575553508465423,0.6901140684410646,0.3481717011128776,4746.5,0.3630100688924218,109.06560943556669,103.65489641143569,0.3589069889647924,0.5705306697785121,0.4622736418511066,0.5087912087912088,0.1273575519048356,0.0846422338568935,0.5415133998949028,0.1351724442579319,0.2082912032355915,0.2884918549658434,0.5349206349206349,0.1353173988988878,0.7917087967644085,0.2465608465608465,4525.125,0.3936507936507936
Baylor,Norfolk State,2022-03-17,1,109.03745935593068,91.79234011857264,0.3773100616016427,0.5533203743049591,0.5357497517378351,0.5614617940199336,0.1271387029147224,0.0956140350877193,0.528747433264887,0.1710391519308716,0.3447937131630648,0.2854209445585215,0.4783464566929133,0.173125042266856,0.6552062868369352,0.2688413948256468,4463.15,0.358830146231721,104.28745009546954,88.39268171468859,0.3551784669397308,0.5589530484401166,0.5426122037317196,0.4761306532663316,0.092923268957387,0.1141078838174273,0.5275014628437683,0.1888561013712897,0.2893289328932893,0.3774136922176711,0.4389617798060468,0.1886203668388752,0.7106710671067107,0.3291500285225328,4323.45,0.4500855675984027
Baylor,North Carolina,2022-03-19,0,109.03745935593068,91.79234011857264,0.3773100616016427,0.5533203743049591,0.5357497517378351,0.5614617940199336,0.1271387029147224,0.0956140350877193,0.528747433264887,0.1710391519308716,0.3447937131630648,0.2854209445585215,0.4783464566929133,0.173125042266856,0.6552062868369352,0.2688413948256468,4463.15,0.358830146231721,108.13438593153889,99.72719325040288,0.3748758689175769,0.5566738844216185,0.5563669557279781,0.5361842105263158,0.0754168466067685,0.098145285935085,0.5206057596822244,0.1585238261310675,0.2861136999068033,0.2964250248262164,0.4980487804878049,0.1579961870253531,0.7138863000931966,0.2151219512195122,4739.049999999999,0.368780487804878
Boise State,Memphis,2022-03-17,0,104.17990656810608,92.52645132396574,0.3884698275862069,0.5396726386434256,0.5408464566929134,0.4711538461538461,0.0900184739405475,0.0985915492957746,0.5158943965517241,0.1685787871692812,0.2935420743639921,0.349676724137931,0.4800443458980044,0.1692884733807311,0.7064579256360078,0.257760532150776,4475.15,0.3309312638580931,104.09848839021348,94.0769256370716,0.3077790304396843,0.5572106103577302,0.5450921773791729,0.5964071856287425,0.1198149524623082,0.1684210526315789,0.5259301014656145,0.2177252387631069,0.3589473684210526,0.3844419391206313,0.4647155361050328,0.2169981916817359,0.6410526315789473,0.3287746170678337,4499.425000000001,0.4283369803063457
Cal State Fullerton,Duke,2022-03-18,0,103.26802034067067,97.30293901368692,0.3016889924286546,0.5417708294466624,0.5117899249732047,0.4557291666666667,0.1067438385084327,0.0578898225957049,0.4970879440885265,0.1711650842193852,0.2802139037433155,0.3593476994758299,0.5078763127187864,0.1712645586735298,0.7197860962566844,0.2602100350058343,4216.925,0.3751458576429405,115.34962445784404,96.19213145836628,0.3657945736434108,0.5814226298389676,0.537677304964539,0.5698711595639246,0.0926950018433665,0.1325811001410437,0.5562015503875969,0.1426002327303501,0.3045977011494253,0.2858527131782946,0.469640354974311,0.1419918891873387,0.6954022988505747,0.1891639420831387,4736.625,0.3376926669780476
Chattanooga,Illinois,2022-03-18,0,110.79765159519424,95.60557807897573,0.3936810431293882,0.5658215314784117,0.5466143277723258,0.4737967914438503,0.1060834972772627,0.0658472344161545,0.5371113340020061,0.1533652118030215,0.310838445807771,0.2673019057171514,0.4840814196242171,0.1530384878753954,0.689161554192229,0.2593945720250522,4595.25,0.4055323590814196,109.58456765645776,96.53251700367116,0.4266155531215772,0.5591392730475351,0.5457256461232605,0.5767835550181378,0.0736538041038979,0.0712643678160919,0.5312157721796276,0.1642135709453943,0.3165983606557377,0.316538882803943,0.463302752293578,0.1620383690285753,0.6834016393442623,0.2844036697247706,4315.875,0.2957366432811656
Colgate,Wisconsin,2022-03-18,0,110.77911646586344,97.3850700408616,0.4228629236216489,0.5807646959743978,0.5238751147842057,0.6199575371549894,0.0904716689249021,0.0959324635456638,0.5617096611026808,0.1572155287817938,0.2495183044315992,0.2655538694992412,0.4843672456575682,0.1566184079973541,0.7504816955684007,0.2426799007444168,4677.65,0.3533498759305211,103.55375512276932,97.61637191695748,0.3605927552140505,0.5214640006661037,0.5032778618255169,0.4425806451612903,0.0776009936712604,0.0748065348237317,0.4816136114160263,0.1233007759445383,0.2409402546523016,0.3232711306256861,0.4937321937321937,0.1234991423670669,0.7590597453476984,0.2763532763532763,4230.15,0.3373219373219373
Colorado State,Michigan,2022-03-17,0,111.0163111668758,98.45109272225758,0.3890577507598784,0.5875166002656043,0.5019542155220548,0.5338345864661654,0.0938580397149311,0.101063829787234,0.5547112462006079,0.1445420326223337,0.209165687426557,0.303951367781155,0.4991071428571428,0.1437825289250009,0.790834312573443,0.2494047619047619,3995.525,0.4404761904761904,107.11962243171952,102.31459612659424,0.3232998885172798,0.5547591918746401,0.5396487493347525,0.5238095238095238,0.0699102503542749,0.0805369127516778,0.5231326644370122,0.1627612637655102,0.2936078006500541,0.2892976588628762,0.5033259423503326,0.1624940954180444,0.7063921993499458,0.2660753880266075,4230.525,0.3392461197339246
Connecticut,New Mexico State,2022-03-17,0,107.96863255438257,93.65314647621612,0.3421319796954314,0.5331442436597715,0.5612722170252572,0.5221445221445221,0.0857925706328886,0.16733708769107,0.4959390862944162,0.1637928133098488,0.3683223992502343,0.3060913705583756,0.4571351058057515,0.1639491533036876,0.6316776007497656,0.3190450352685838,4454.725,0.3255561584373304,106.50202585375268,93.24207767186046,0.4232044198895027,0.5562471102891489,0.5615835777126099,0.5374396135265701,0.0725863362942883,0.1242990654205607,0.5267955801104972,0.1897606428255269,0.3343653250773993,0.3475138121546961,0.455709711846318,0.1872906701914352,0.6656346749226006,0.2705442902881537,4434.6,0.4290288153681963
Creighton,San Diego State,2022-03-17,1,99.53031130529764,94.69412622257036,0.3820879703232644,0.5373275150371506,0.5247657295850067,0.5105882352941177,0.0770260125983224,0.1054913294797687,0.509009009009009,0.1926815947569634,0.265625,0.2596714361420243,0.448441247002398,0.1919122686771761,0.734375,0.2028776978417266,4586.675,0.3362110311750599,97.48461751496104,87.0750949644492,0.3081909251620506,0.5191807000218036,0.5178571428571429,0.5013623978201635,0.1129833446966007,0.143559488692232,0.4876252209781968,0.1830244795241363,0.271750805585392,0.3129051266941662,0.4401579586877278,0.1850589266582253,0.728249194414608,0.3061968408262454,4129.625,0.382138517618469
Creighton,Kansas,2022-03-19,0,99.53031130529764,94.69412622257036,0.3820879703232644,0.5373275150371506,0.5247657295850067,0.5105882352941177,0.0770260125983224,0.1054913294797687,0.509009009009009,0.1926815947569634,0.265625,0.2596714361420243,0.448441247002398,0.1919122686771761,0.734375,0.2028776978417266,4586.675,0.3362110311750599,110.80700008293938,95.88941884887174,0.3377777777777778,0.5708425910100837,0.5389492753623188,0.5390143737166324,0.0902196517438672,0.1049888309754281,0.5409876543209876,0.1696110143485112,0.3215984776403425,0.3279012345679012,0.4693777560019598,0.169265309923127,0.6784015223596574,0.2778049975502205,4827.724999999999,0.3419892209701127
Davidson,Michigan State,2022-03-18,0,113.16431285803417,98.26340933275974,0.411925601750547,0.5921529055618211,0.5246882793017457,0.55,0.0697353227522811,0.0822050290135396,0.5609956236323851,0.1411150813907322,0.22397476340694,0.3200218818380744,0.4904423812124522,0.1408291258179183,0.7760252365930599,0.2763517203713818,4412.225,0.4352812670671764,103.97488652271667,98.55262739949389,0.3338501291989664,0.553448042270695,0.5332712889716147,0.6074660633484162,0.0838565544697025,0.136724960254372,0.5198966408268734,0.1832605099054002,0.2847290640394088,0.303875968992248,0.4747899159663865,0.1829597552066238,0.7152709359605911,0.2832427088482452,4718.475,0.3781512605042016
Delaware,Villanova,2022-03-18,0,106.79270590489573,100.6641034603286,0.3873015873015873,0.5714350812836784,0.4942363112391931,0.4859075535512965,0.0953258555495535,0.0986024844720497,0.5375661375661376,0.1771362267003055,0.2612163509471585,0.3391534391534391,0.4891959798994975,0.1762469151493968,0.7387836490528414,0.2849246231155778,4708.799999999999,0.3527638190954774,111.54803732228866,95.5473204759009,0.4601722282023681,0.5635094153325341,0.5241895261845386,0.4901477832512315,0.0945376946111219,0.0708133971291866,0.5196447793326158,0.1442632105544826,0.2926829268292683,0.3046286329386437,0.4748908296943231,0.1422654627643096,0.7073170731707317,0.2505458515283842,4327.875,0.4295851528384279
Duke,Michigan State,2022-03-20,1,115.34962445784404,96.19213145836628,0.3657945736434108,0.5814226298389676,0.537677304964539,0.5698711595639246,0.0926950018433665,0.1325811001410437,0.5562015503875969,0.1426002327303501,0.3045977011494253,0.2858527131782946,0.469640354974311,0.1419918891873387,0.6954022988505747,0.1891639420831387,4736.625,0.3376926669780476,103.97488652271667,98.55262739949389,0.3338501291989664,0.553448042270695,0.5332712889716147,0.6074660633484162,0.0838565544697025,0.136724960254372,0.5198966408268734,0.1832605099054002,0.2847290640394088,0.303875968992248,0.4747899159663865,0.1829597552066238,0.7152709359605911,0.2832427088482452,4718.475,0.3781512605042016
Duke,Texas Tech,2022-03-24,1,115.34962445784404,96.19213145836628,0.3657945736434108,0.5814226298389676,0.537677304964539,0.5698711595639246,0.0926950018433665,0.1325811001410437,0.5562015503875969,0.1426002327303501,0.3045977011494253,0.2858527131782946,0.469640354974311,0.1419918891873387,0.6954022988505747,0.1891639420831387,4736.625,0.3376926669780476,104.51968318274864,87.05710071415686,0.3443496801705757,0.554702342354641,0.5542579075425791,0.5232690124858116,0.11800036079247,0.1193124368048533,0.5237206823027718,0.1907762880078882,0.3186022610483042,0.3608742004264392,0.4551211453744493,0.1888854696138459,0.6813977389516958,0.3210352422907489,4688.500000000001,0.4553964757709251
Duke,North Carolina,2022-04-02,0,115.34962445784404,96.19213145836628,0.3657945736434108,0.5814226298389676,0.537677304964539,0.5698711595639246,0.0926950018433665,0.1325811001410437,0.5562015503875969,0.1426002327303501,0.3045977011494253,0.2858527131782946,0.469640354974311,0.1419918891873387,0.6954022988505747,0.1891639420831387,4736.625,0.3376926669780476,108.13438593153889,99.72719325040288,0.3748758689175769,0.5566738844216185,0.5563669557279781,0.5361842105263158,0.0754168466067685,0.098145285935085,0.5206057596822244,0.1585238261310675,0.2861136999068033,0.2964250248262164,0.4980487804878049,0.1579961870253531,0.7138863000931966,0.2151219512195122,4739.049999999999,0.368780487804878
Georgia State,Gonzaga,2022-03-17,0,100.23830046139024,92.63706504521998,0.3767281105990783,0.4999241389773934,0.5129171151776103,0.542203147353362,0.1277400235041643,0.1295336787564766,0.464573732718894,0.1627541449069613,0.3279678068410462,0.2926267281105991,0.4817945383615084,0.164018190179347,0.6720321931589537,0.3094928478543563,3929.4,0.3725617685305591,117.78034682080924,87.48139000773251,0.3545002760905577,0.6159613059250302,0.5636087176887988,0.5528795811518324,0.0890971412743661,0.137987012987013,0.5944229707344009,0.1558381502890173,0.2768878718535469,0.2981778023191607,0.431561996779388,0.155573764815862,0.7231121281464531,0.2216854535695115,4328.675000000001,0.3387010198604401
Gonzaga,Memphis,2022-03-19,1,117.78034682080924,87.48139000773251,0.3545002760905577,0.6159613059250302,0.5636087176887988,0.5528795811518324,0.0890971412743661,0.137987012987013,0.5944229707344009,0.1558381502890173,0.2768878718535469,0.2981778023191607,0.431561996779388,0.155573764815862,0.7231121281464531,0.2216854535695115,4328.675000000001,0.3387010198604401,104.09848839021348,94.0769256370716,0.3077790304396843,0.5572106103577302,0.5450921773791729,0.5964071856287425,0.1198149524623082,0.1684210526315789,0.5259301014656145,0.2177252387631069,0.3589473684210526,0.3844419391206313,0.4647155361050328,0.2169981916817359,0.6410526315789473,0.3287746170678337,4499.425000000001,0.4283369803063457
Houston,UAB,2022-03-18,1,113.65089161725484,87.14577982849433,0.390984811366977,0.5557591566602712,0.5721507352941176,0.5945663531870429,0.1218822095503417,0.1730205278592375,0.5355218030377266,0.1604690634161394,0.3789954337899543,0.2871141597256247,0.4352317141261865,0.1584468724154442,0.6210045662100456,0.350642099385818,4565.65,0.4288107202680067,111.00207395417068,91.52463226710248,0.3316326530612244,0.5602246617309166,0.5447930877671668,0.4370664023785927,0.1331858002822077,0.1193415637860082,0.5308441558441559,0.1533714401335424,0.3263061411549037,0.2852504638218924,0.4729241877256318,0.1538945680090143,0.6736938588450962,0.3047962867457452,4933.85,0.3733883445074781
Houston,Illinois,2022-03-20,1,113.65089161725484,87.14577982849433,0.390984811366977,0.5557591566602712,0.5721507352941176,0.5945663531870429,0.1218822095503417,0.1730205278592375,0.5355218030377266,0.1604690634161394,0.3789954337899543,0.2871141597256247,0.4352317141261865,0.1584468724154442,0.6210045662100456,0.350642099385818,4565.65,0.4288107202680067,109.58456765645776,96.53251700367116,0.4266155531215772,0.5591392730475351,0.5457256461232605,0.5767835550181378,0.0736538041038979,0.0712643678160919,0.5312157721796276,0.1642135709453943,0.3165983606557377,0.316538882803943,0.463302752293578,0.1620383690285753,0.6834016393442623,0.2844036697247706,4315.875,0.2957366432811656
Houston,Villanova,2022-03-26,0,113.65089161725484,87.14577982849433,0.390984811366977,0.5557591566602712,0.5721507352941176,0.5945663531870429,0.1218822095503417,0.1730205278592375,0.5355218030377266,0.1604690634161394,0.3789954337899543,0.2871141597256247,0.4352317141261865,0.1584468724154442,0.6210045662100456,0.350642099385818,4565.65,0.4288107202680067,111.54803732228866,95.5473204759009,0.4601722282023681,0.5635094153325341,0.5241895261845386,0.4901477832512315,0.0945376946111219,0.0708133971291866,0.5196447793326158,0.1442632105544826,0.2926829268292683,0.3046286329386437,0.4748908296943231,0.1422654627643096,0.7073170731707317,0.2505458515283842,4327.875,0.4295851528384279
Indiana,Saint Mary's (CA),2022-03-17,0,102.19993256911664,94.90229396771451,0.3147286821705426,0.5406188692705546,0.5181943804698296,0.5683615819209039,0.0815632965165675,0.1437177280550774,0.5100775193798449,0.1635198921105866,0.2471264367816092,0.3348837209302325,0.4575617283950617,0.1648258283772302,0.7528735632183908,0.3086419753086419,4726.8,0.4022633744855967,105.2234584197624,90.99668632934596,0.362126245847176,0.5548926014319809,0.5341214400859753,0.5137395459976105,0.1052854221992432,0.0666666666666666,0.5268549280177187,0.1593437676786724,0.2527716186252771,0.2392026578073089,0.4745222929936306,0.1588681817113581,0.7472283813747228,0.2420382165605095,4248.75,0.2877822814128546
Iowa,Richmond,2022-03-17,0,116.42428153074904,99.99398833737447,0.3914007092198581,0.5679143867125078,0.5112910097997444,0.5377268385864374,0.1038013746668536,0.1140089418777943,0.5361258865248227,0.1219040055591403,0.3098827470686767,0.3036347517730496,0.497870326549929,0.1230386950684327,0.6901172529313233,0.2621864647420728,5013.525,0.3648840511121628,104.7776084823944,100.33164014944798,0.4205794205794206,0.5467099387946244,0.4744623655913978,0.5770528683914511,0.1154443558204945,0.0613967766692248,0.514985014985015,0.1360856588257393,0.204524886877828,0.3086913086913087,0.5046867291563888,0.1368540363544771,0.7954751131221719,0.2348297977306364,4777.650000000001,0.3571780957079428
Iowa State,Louisiana State,2022-03-18,1,96.77309280343964,92.87647566945006,0.374370453273643,0.524945395313252,0.4896770778189518,0.6007653061224489,0.1239274402533832,0.0954235637779941,0.4988808058198097,0.1910893228840839,0.2575285565939771,0.2814773363178511,0.4838513101767215,0.1934926576446876,0.7424714434060229,0.3625837903717245,4368.549999999999,0.3741620962827544,101.3503580653968,88.9784661079877,0.3460949464012251,0.5324712580267891,0.5179723502304148,0.4872389791183295,0.1552986103744563,0.1481481481481481,0.4951505870342011,0.1953083982611252,0.3249767873723305,0.3297600816743236,0.4507786429365962,0.1973056115413174,0.6750232126276694,0.3837597330367074,4737.6,0.4593993325917686
Iowa State,Wisconsin,2022-03-20,1,96.77309280343964,92.87647566945006,0.374370453273643,0.524945395313252,0.4896770778189518,0.6007653061224489,0.1239274402533832,0.0954235637779941,0.4988808058198097,0.1910893228840839,0.2575285565939771,0.2814773363178511,0.4838513101767215,0.1934926576446876,0.7424714434060229,0.3625837903717245,4368.549999999999,0.3741620962827544,103.55375512276932,97.61637191695748,0.3605927552140505,0.5214640006661037,0.5032778618255169,0.4425806451612903,0.0776009936712604,0.0748065348237317,0.4816136114160263,0.1233007759445383,0.2409402546523016,0.3232711306256861,0.4937321937321937,0.1234991423670669,0.7590597453476984,0.2763532763532763,4230.15,0.3373219373219373
Iowa State,Miami (FL),2022-03-25,0,96.77309280343964,92.87647566945006,0.374370453273643,0.524945395313252,0.4896770778189518,0.6007653061224489,0.1239274402533832,0.0954235637779941,0.4988808058198097,0.1910893228840839,0.2575285565939771,0.2814773363178511,0.4838513101767215,0.1934926576446876,0.7424714434060229,0.3625837903717245,4368.549999999999,0.3741620962827544,109.06560943556669,103.65489641143569,0.3589069889647924,0.5705306697785121,0.4622736418511066,0.5087912087912088,0.1273575519048356,0.0846422338568935,0.5415133998949028,0.1351724442579319,0.2082912032355915,0.2884918549658434,0.5349206349206349,0.1353173988988878,0.7917087967644085,0.2465608465608465,4525.125,0.3936507936507936
Kansas,Texas Southern,2022-03-17,1,110.80700008293938,95.88941884887174,0.3377777777777778,0.5708425910100837,0.5389492753623188,0.5390143737166324,0.0902196517438672,0.1049888309754281,0.5409876543209876,0.1696110143485112,0.3215984776403425,0.3279012345679012,0.4693777560019598,0.169265309923127,0.6784015223596574,0.2778049975502205,4827.724999999999,0.3419892209701127,98.13574000638133,92.17509639374008,0.3112472160356347,0.516827500120025,0.5424963574550753,0.4221938775510204,0.0780222272624177,0.1358974358974359,0.4858017817371937,0.1996444687542732,0.3244047619047619,0.3363028953229399,0.4482663731425426,0.1986845089589476,0.6755952380952381,0.341221794166208,4398.4,0.3560814529444138
Kansas,Providence,2022-03-25,1,110.80700008293938,95.88941884887174,0.3377777777777778,0.5708425910100837,0.5389492753623188,0.5390143737166324,0.0902196517438672,0.1049888309754281,0.5409876543209876,0.1696110143485112,0.3215984776403425,0.3279012345679012,0.4693777560019598,0.169265309923127,0.6784015223596574,0.2778049975502205,4827.724999999999,0.3419892209701127,105.33779983861896,97.02059877638204,0.3812649164677804,0.5431575762160527,0.5244791666666667,0.5402455661664393,0.0728861214688243,0.0985178727114211,0.5026849642004774,0.1599139301171235,0.2852529601722282,0.3854415274463007,0.4671125975473801,0.1578394815914274,0.7147470398277718,0.2625418060200669,4116.575,0.3606465997770345
Kansas,Miami (FL),2022-03-27,1,110.80700008293938,95.88941884887174,0.3377777777777778,0.5708425910100837,0.5389492753623188,0.5390143737166324,0.0902196517438672,0.1049888309754281,0.5409876543209876,0.1696110143485112,0.3215984776403425,0.3279012345679012,0.4693777560019598,0.169265309923127,0.6784015223596574,0.2778049975502205,4827.724999999999,0.3419892209701127,109.06560943556669,103.65489641143569,0.3589069889647924,0.5705306697785121,0.4622736418511066,0.5087912087912088,0.1273575519048356,0.0846422338568935,0.5415133998949028,0.1351724442579319,0.2082912032355915,0.2884918549658434,0.5349206349206349,0.1353173988988878,0.7917087967644085,0.2465608465608465,4525.125,0.3936507936507936
Kansas,Villanova,2022-04-02,1,110.80700008293938,95.88941884887174,0.3377777777777778,0.5708425910100837,0.5389492753623188,0.5390143737166324,0.0902196517438672,0.1049888309754281,0.5409876543209876,0.1696110143485112,0.3215984776403425,0.3279012345679012,0.4693777560019598,0.169265309923127,0.6784015223596574,0.2778049975502205,4827.724999999999,0.3419892209701127,111.54803732228866,95.5473204759009,0.4601722282023681,0.5635094153325341,0.5241895261845386,0.4901477832512315,0.0945376946111219,0.0708133971291866,0.5196447793326158,0.1442632105544826,0.2926829268292683,0.3046286329386437,0.4748908296943231,0.1422654627643096,0.7073170731707317,0.2505458515283842,4327.875,0.4295851528384279
Kansas,North Carolina,2022-04-04,1,110.80700008293938,95.88941884887174,0.3377777777777778,0.5708425910100837,0.5389492753623188,0.5390143737166324,0.0902196517438672,0.1049888309754281,0.5409876543209876,0.1696110143485112,0.3215984776403425,0.3279012345679012,0.4693777560019598,0.169265309923127,0.6784015223596574,0.2778049975502205,4827.724999999999,0.3419892209701127,108.13438593153889,99.72719325040288,0.3748758689175769,0.5566738844216185,0.5563669557279781,0.5361842105263158,0.0754168466067685,0.098145285935085,0.5206057596822244,0.1585238261310675,0.2861136999068033,0.2964250248262164,0.4980487804878049,0.1579961870253531,0.7138863000931966,0.2151219512195122,4739.049999999999,0.368780487804878
Kentucky,Saint Peter's,2022-03-17,0,112.46340757262188,93.40824291289618,0.2804054054054054,0.560394113938254,0.5743275129778197,0.5288844621513944,0.0964961187116696,0.1099601593625498,0.533542471042471,0.1574144568236164,0.3640776699029126,0.2717181467181467,0.4655787863335033,0.1573958914097011,0.6359223300970874,0.2508924018357981,4663.125,0.3600203977562468,98.22379454285053,90.30434464777406,0.3040828762949421,0.5196150807527424,0.5321390937829295,0.5176803394625177,0.1062404054679694,0.147117296222664,0.4844606946983547,0.1909635088320623,0.2966915688367129,0.3711151736745887,0.4368288060644346,0.1900631106995784,0.7033084311632871,0.4055590650663297,4094.225,0.3644977890082123
Longwood,Tennessee,2022-03-17,0,109.81749528005034,94.24119317860335,0.3670212765957447,0.5573553568169374,0.5518308406395049,0.5263774912075029,0.1122565605585669,0.0783132530120482,0.5234042553191489,0.1618268452755551,0.3289738430583501,0.3489361702127659,0.496311010215664,0.1629530717785648,0.6710261569416499,0.2559591373439273,4433.825000000001,0.434733257661748,104.41775750435072,89.22013161154132,0.4060453400503778,0.5333892858326064,0.5284514925373134,0.6229508196721312,0.1318269448243923,0.1325411334552102,0.503022670025189,0.1694896933403953,0.3135283363802559,0.2957178841309824,0.4617940199335548,0.1688763476181757,0.6864716636197441,0.3161683277962347,4634.05,0.3942414174972314
Loyola (IL),Ohio State,2022-03-18,0,109.74816466871108,91.79962118131009,0.4284071305347901,0.5901459124525285,0.532556908417152,0.5714285714285714,0.1022578058728517,0.0734463276836158,0.5649798734905118,0.1714524672428213,0.2438478747203579,0.3174238067855089,0.4698899826288361,0.1715142289412831,0.756152125279642,0.2796757382744644,4303.625,0.3850607990735379,111.32481049892522,101.4220817697018,0.3969512195121951,0.5823940234904184,0.5252469813391877,0.4929214929214929,0.0656725261702548,0.1269841269841269,0.5478658536585366,0.1604002463828236,0.2733727810650888,0.3347560975609756,0.4788812785388128,0.15751530713016,0.7266272189349112,0.2922374429223744,4013.975,0.3527397260273973
Marquette,North Carolina,2022-03-17,0,101.73604217678071,97.05349648805054,0.4174809989142237,0.5552211494474273,0.4667304930588798,0.5940119760479042,0.1077881344701153,0.1273166800966962,0.5257871878393051,0.1658835726733284,0.1925465838509316,0.2681867535287731,0.4667532467532467,0.1660997481998498,0.8074534161490683,0.2971428571428571,4530.35,0.3553246753246753,108.13438593153889,99.72719325040288,0.3748758689175769,0.5566738844216185,0.5563669557279781,0.5361842105263158,0.0754168466067685,0.098145285935085,0.5206057596822244,0.1585238261310675,0.2861136999068033,0.2964250248262164,0.4980487804878049,0.1579961870253531,0.7138863000931966,0.2151219512195122,4739.049999999999,0.368780487804878
Miami (FL),Southern California,2022-03-18,1,109.06560943556669,103.65489641143569,0.3589069889647924,0.5705306697785121,0.4622736418511066,0.5087912087912088,0.1273575519048356,0.0846422338568935,0.5415133998949028,0.1351724442579319,0.2082912032355915,0.2884918549658434,0.5349206349206349,0.1353173988988878,0.7917087967644085,0.2465608465608465,4525.125,0.3936507936507936,104.54406565105415,95.21620645500212,0.319672131147541,0.5348608691768278,0.5456989247311828,0.5282167042889391,0.0739840868546913,0.1125475285171102,0.5105020491803278,0.167619712776638,0.3132075471698113,0.3094262295081967,0.4470412729985082,0.1681058541550382,0.6867924528301886,0.2630532073595226,4575.175,0.3460964694181999
Michigan,Tennessee,2022-03-19,1,107.11962243171952,102.31459612659424,0.3232998885172798,0.5547591918746401,0.5396487493347525,0.5238095238095238,0.0699102503542749,0.0805369127516778,0.5231326644370122,0.1627612637655102,0.2936078006500541,0.2892976588628762,0.5033259423503326,0.1624940954180444,0.7063921993499458,0.2660753880266075,4230.525,0.3392461197339246,104.41775750435072,89.22013161154132,0.4060453400503778,0.5333892858326064,0.5284514925373134,0.6229508196721312,0.1318269448243923,0.1325411334552102,0.503022670025189,0.1694896933403953,0.3135283363802559,0.2957178841309824,0.4617940199335548,0.1688763476181757,0.6864716636197441,0.3161683277962347,4634.05,0.3942414174972314
Michigan,Villanova,2022-03-24,0,107.11962243171952,102.31459612659424,0.3232998885172798,0.5547591918746401,0.5396487493347525,0.5238095238095238,0.0699102503542749,0.0805369127516778,0.5231326644370122,0.1627612637655102,0.2936078006500541,0.2892976588628762,0.5033259423503326,0.1624940954180444,0.7063921993499458,0.2660753880266075,4230.525,0.3392461197339246,111.54803732228866,95.5473204759009,0.4601722282023681,0.5635094153325341,0.5241895261845386,0.4901477832512315,0.0945376946111219,0.0708133971291866,0.5196447793326158,0.1442632105544826,0.2926829268292683,0.3046286329386437,0.4748908296943231,0.1422654627643096,0.7073170731707317,0.2505458515283842,4327.875,0.4295851528384279
Montana State,Texas Tech,2022-03-18,0,108.29040200277244,95.592009362104,0.3716394306800211,0.5826820742324048,0.5390625,0.4966740576496674,0.0730901102510932,0.1025848142164781,0.544016868740116,0.1750356899013097,0.2574055158324821,0.3869267264101212,0.477760334903192,0.1736916664955756,0.7425944841675178,0.3485086342229199,4852.0,0.3521716378859236,104.51968318274864,87.05710071415686,0.3443496801705757,0.554702342354641,0.5542579075425791,0.5232690124858116,0.11800036079247,0.1193124368048533,0.5237206823027718,0.1907762880078882,0.3186022610483042,0.3608742004264392,0.4551211453744493,0.1888854696138459,0.6813977389516958,0.3210352422907489,4688.500000000001,0.4553964757709251
Murray State,San Francisco,2022-03-17,1,113.9752110652057,90.37626546044052,0.3762886597938144,0.569364680545585,0.5654501216545013,0.5069967707212056,0.1147275221349295,0.0938967136150234,0.545360824742268,0.1549308424645231,0.3456175298804781,0.3134020618556701,0.4712451144611949,0.1564466210930856,0.6543824701195219,0.2518146286990508,4432.025000000001,0.4053601340033501,107.63565563362395,93.66134564085192,0.4504008016032064,0.5602308776876983,0.5378858746492049,0.4747807017543859,0.1075496464411229,0.1153262518968133,0.5365731462925851,0.1701515279776517,0.2904135338345864,0.2885771543086172,0.4688325409403064,0.1702163695642969,0.7095864661654135,0.3232963549920761,4724.300000000001,0.3037506603275224
Murray State,Saint Peter's,2022-03-19,0,113.9752110652057,90.37626546044052,0.3762886597938144,0.569364680545585,0.5654501216545013,0.5069967707212056,0.1147275221349295,0.0938967136150234,0.545360824742268,0.1549308424645231,0.3456175298804781,0.3134020618556701,0.4712451144611949,0.1564466210930856,0.6543824701195219,0.2518146286990508,4432.025000000001,0.4053601340033501,98.22379454285053,90.30434464777406,0.3040828762949421,0.5196150807527424,0.5321390937829295,0.5176803394625177,0.1062404054679694,0.147117296222664,0.4844606946983547,0.1909635088320623,0.2966915688367129,0.3711151736745887,0.4368288060644346,0.1900631106995784,0.7033084311632871,0.4055590650663297,4094.225,0.3644977890082123
North Carolina,UCLA,2022-03-25,1,108.13438593153889,99.72719325040288,0.3748758689175769,0.5566738844216185,0.5563669557279781,0.5361842105263158,0.0754168466067685,0.098145285935085,0.5206057596822244,0.1585238261310675,0.2861136999068033,0.2964250248262164,0.4980487804878049,0.1579961870253531,0.7138863000931966,0.2151219512195122,4739.049999999999,0.368780487804878,109.53746862674798,93.19149414183168,0.3152064451158107,0.5389908256880734,0.5294403892944038,0.5,0.101099740510666,0.0957542908762421,0.5055387713997986,0.1272857655073503,0.2976744186046511,0.2980866062437059,0.4772471910112359,0.1276103391334628,0.7023255813953488,0.2915730337078652,4456.725,0.3780898876404494
North Carolina,Saint Peter's,2022-03-27,1,108.13438593153889,99.72719325040288,0.3748758689175769,0.5566738844216185,0.5563669557279781,0.5361842105263158,0.0754168466067685,0.098145285935085,0.5206057596822244,0.1585238261310675,0.2861136999068033,0.2964250248262164,0.4980487804878049,0.1579961870253531,0.7138863000931966,0.2151219512195122,4739.049999999999,0.368780487804878,98.22379454285053,90.30434464777406,0.3040828762949421,0.5196150807527424,0.5321390937829295,0.5176803394625177,0.1062404054679694,0.147117296222664,0.4844606946983547,0.1909635088320623,0.2966915688367129,0.3711151736745887,0.4368288060644346,0.1900631106995784,0.7033084311632871,0.4055590650663297,4094.225,0.3644977890082123
Notre Dame,Texas Tech,2022-03-20,0,108.6848635235732,99.4338168782874,0.4231387252276379,0.5723449750534568,0.5048123195380173,0.5420991926182238,0.075491082895016,0.0490118577075098,0.5444563470808784,0.1421159485675614,0.2060913705583756,0.2678093197643278,0.4913265306122449,0.1407082314315387,0.7939086294416243,0.2209183673469388,4455.174999999999,0.3545918367346938,104.51968318274864,87.05710071415686,0.3443496801705757,0.554702342354641,0.5542579075425791,0.5232690124858116,0.11800036079247,0.1193124368048533,0.5237206823027718,0.1907762880078882,0.3186022610483042,0.3608742004264392,0.4551211453744493,0.1888854696138459,0.6813977389516958,0.3210352422907489,4688.500000000001,0.4553964757709251
Ohio State,Villanova,2022-03-20,0,111.32481049892522,101.4220817697018,0.3969512195121951,0.5823940234904184,0.5252469813391877,0.4929214929214929,0.0656725261702548,0.1269841269841269,0.5478658536585366,0.1604002463828236,0.2733727810650888,0.3347560975609756,0.4788812785388128,0.15751530713016,0.7266272189349112,0.2922374429223744,4013.975,0.3527397260273973,111.54803732228866,95.5473204759009,0.4601722282023681,0.5635094153325341,0.5241895261845386,0.4901477832512315,0.0945376946111219,0.0708133971291866,0.5196447793326158,0.1442632105544826,0.2926829268292683,0.3046286329386437,0.4748908296943231,0.1422654627643096,0.7073170731707317,0.2505458515283842,4327.875,0.4295851528384279
Providence,South Dakota State,2022-03-17,1,105.33779983861896,97.02059877638204,0.3812649164677804,0.5431575762160527,0.5244791666666667,0.5402455661664393,0.0728861214688243,0.0985178727114211,0.5026849642004774,0.1599139301171235,0.2852529601722282,0.3854415274463007,0.4671125975473801,0.1578394815914274,0.7147470398277718,0.2625418060200669,4116.575,0.3606465997770345,118.60911898128128,100.89164762732769,0.352882703777336,0.6311349939519798,0.5328294756731223,0.4886363636363636,0.0833013202854889,0.0681089743589743,0.6041252485089463,0.148864905098623,0.2282157676348547,0.3384691848906561,0.5108337258596326,0.1496188762409268,0.7717842323651453,0.2081959491285916,4958.424999999999,0.4121526142251531
Providence,Richmond,2022-03-19,1,105.33779983861896,97.02059877638204,0.3812649164677804,0.5431575762160527,0.5244791666666667,0.5402455661664393,0.0728861214688243,0.0985178727114211,0.5026849642004774,0.1599139301171235,0.2852529601722282,0.3854415274463007,0.4671125975473801,0.1578394815914274,0.7147470398277718,0.2625418060200669,4116.575,0.3606465997770345,104.7776084823944,100.33164014944798,0.4205794205794206,0.5467099387946244,0.4744623655913978,0.5770528683914511,0.1154443558204945,0.0613967766692248,0.514985014985015,0.1360856588257393,0.204524886877828,0.3086913086913087,0.5046867291563888,0.1368540363544771,0.7954751131221719,0.2348297977306364,4777.650000000001,0.3571780957079428
Purdue,Yale,2022-03-18,1,116.17102361530392,100.64138435710905,0.3905447070914696,0.5946040721502619,0.5786193672099712,0.5885416666666666,0.0675821101114889,0.0989193682460515,0.5696300102774923,0.1657139186845654,0.3411885245901639,0.3627954779033915,0.496078431372549,0.1665877491283199,0.6588114754098361,0.2137254901960784,4658.45,0.4102941176470588,100.65635364241484,96.09008736520047,0.3626943005181347,0.5409178153899843,0.5069053708439898,0.4624352331606217,0.0870162050232082,0.0926829268292682,0.5043177892918825,0.1739453115940348,0.2368421052631578,0.3258491652274036,0.4859759587864911,0.1744977373460057,0.7631578947368421,0.3085289066971952,4304.875,0.4132799084144247
Purdue,Texas,2022-03-20,1,116.17102361530392,100.64138435710905,0.3905447070914696,0.5946040721502619,0.5786193672099712,0.5885416666666666,0.0675821101114889,0.0989193682460515,0.5696300102774923,0.1657139186845654,0.3411885245901639,0.3627954779033915,0.496078431372549,0.1665877491283199,0.6588114754098361,0.2137254901960784,4658.45,0.4102941176470588,104.82798288816193,91.2874982058275,0.360022714366837,0.5383318359158656,0.5156087408949012,0.5359897172236504,0.1181761638199129,0.1014897579143389,0.5,0.1658458256941199,0.3034410844629823,0.3231118682566723,0.4663164400494438,0.1655423185493517,0.6965589155370178,0.3683559950556242,4176.375,0.3362175525339926
Purdue,Saint Peter's,2022-03-25,0,116.17102361530392,100.64138435710905,0.3905447070914696,0.5946040721502619,0.5786193672099712,0.5885416666666666,0.0675821101114889,0.0989193682460515,0.5696300102774923,0.1657139186845654,0.3411885245901639,0.3627954779033915,0.496078431372549,0.1665877491283199,0.6588114754098361,0.2137254901960784,4658.45,0.4102941176470588,98.22379454285053,90.30434464777406,0.3040828762949421,0.5196150807527424,0.5321390937829295,0.5176803394625177,0.1062404054679694,0.147117296222664,0.4844606946983547,0.1909635088320623,0.2966915688367129,0.3711151736745887,0.4368288060644346,0.1900631106995784,0.7033084311632871,0.4055590650663297,4094.225,0.3644977890082123
Saint Mary's (CA),UCLA,2022-03-19,0,105.2234584197624,90.99668632934596,0.362126245847176,0.5548926014319809,0.5341214400859753,0.5137395459976105,0.1052854221992432,0.0666666666666666,0.5268549280177187,0.1593437676786724,0.2527716186252771,0.2392026578073089,0.4745222929936306,0.1588681817113581,0.7472283813747228,0.2420382165605095,4248.75,0.2877822814128546,109.53746862674798,93.19149414183168,0.3152064451158107,0.5389908256880734,0.5294403892944038,0.5,0.101099740510666,0.0957542908762421,0.5055387713997986,0.1272857655073503,0.2976744186046511,0.2980866062437059,0.4772471910112359,0.1276103391334628,0.7023255813953488,0.2915730337078652,4456.725,0.3780898876404494
Seton Hall,TCU,2022-03-18,0,103.87103445898587,95.16095438661452,0.3582487987186332,0.5249039031018105,0.5278301886792452,0.4047919293820933,0.10090023373678,0.1395540875309661,0.4842498665242926,0.1636198595902609,0.3183556405353728,0.3144687666844634,0.452329360780065,0.164772858762815,0.6816443594646272,0.2697724810400866,4336.324999999999,0.3439869989165763,100.2219232582474,96.21389088049588,0.3191721132897603,0.5167977041754124,0.5592556317335945,0.5389369592088998,0.0929759233989407,0.1135407905803196,0.4891067538126362,0.1982361125484379,0.3621031746031746,0.3120915032679738,0.4771601541001651,0.1993662835071813,0.6378968253968254,0.267473858007705,4336.025,0.3456246560264172
Texas,Virginia Tech,2022-03-18,1,104.82798288816193,91.2874982058275,0.360022714366837,0.5383318359158656,0.5156087408949012,0.5359897172236504,0.1181761638199129,0.1014897579143389,0.5,0.1658458256941199,0.3034410844629823,0.3231118682566723,0.4663164400494438,0.1655423185493517,0.6965589155370178,0.3683559950556242,4176.375,0.3362175525339926,109.75055684223358,96.77383555106704,0.4146845915201654,0.5752721274148767,0.5179361179361179,0.5538461538461539,0.0834563352458743,0.0947546531302876,0.5519648397104446,0.1617889872674283,0.2625754527162978,0.2373319544984488,0.4872068230277185,0.1620295870465113,0.7374245472837022,0.2521321961620469,4508.7,0.3699360341151386
Alabama,Texas A&M-Corpus Christi,2023-03-16,1,109.00968563151685,89.71321815835594,0.4784869976359338,0.562382375733422,0.5540918163672655,0.5476694915254238,0.0793513222010361,0.1132323897300855,0.5271867612293144,0.1798620797284512,0.3242784380305603,0.3673758865248226,0.4148012791228871,0.1775774734693091,0.6757215619694398,0.3280036546368204,5159.125,0.3060758337140247,109.15383768968378,99.54869910244628,0.3447279730380356,0.5626540440759418,0.5257168866636323,0.5587301587301587,0.117923813946914,0.0519125683060109,0.5178141550312951,0.170052716342066,0.3178928247048138,0.3519499277804526,0.5176623376623377,0.171635688107666,0.6821071752951862,0.36,4975.4000000000015,0.4296103896103896
Alabama,Maryland,2023-03-18,1,109.00968563151685,89.71321815835594,0.4784869976359338,0.562382375733422,0.5540918163672655,0.5476694915254238,0.0793513222010361,0.1132323897300855,0.5271867612293144,0.1798620797284512,0.3242784380305603,0.3673758865248226,0.4148012791228871,0.1775774734693091,0.6757215619694398,0.3280036546368204,5159.125,0.3060758337140247,107.44652545608086,96.92910547551772,0.3745892661555312,0.5478805610938735,0.5177766649974962,0.4634146341463415,0.0823246241322775,0.0985342019543974,0.5109529025191676,0.1527017803639392,0.2882882882882883,0.3378970427163198,0.478587319243604,0.1534865873652632,0.7117117117117117,0.2775305895439377,4311.1,0.3170189098998888
Alabama,San Diego State,2023-03-24,0,109.00968563151685,89.71321815835594,0.4784869976359338,0.562382375733422,0.5540918163672655,0.5476694915254238,0.0793513222010361,0.1132323897300855,0.5271867612293144,0.1798620797284512,0.3242784380305603,0.3673758865248226,0.4148012791228871,0.1775774734693091,0.6757215619694398,0.3280036546368204,5159.125,0.3060758337140247,106.22591992852756,94.52506670569558,0.355779427359491,0.5435117993257528,0.5395719263315082,0.5286396181384249,0.1049277777152314,0.1133640552995391,0.5071580063626723,0.1612597018258976,0.3112449799196787,0.3366914103923648,0.4748479823106689,0.1625705053871181,0.6887550200803213,0.2857932559425096,4459.2,0.4002211166390271
Arizona,Princeton,2023-03-16,0,111.9864548578258,96.58323400874062,0.379652605459057,0.5945117115211759,0.5436033643204958,0.6526526526526526,0.0826380611839491,0.0826383623957543,0.5682382133995038,0.1776803944026692,0.2904162633107454,0.3647642679900744,0.4718866171003718,0.1771950735001987,0.7095837366892546,0.2602230483271375,5027.124999999998,0.3870817843866171,106.55836778108154,97.09875940216858,0.4180758017492711,0.5581583812393953,0.543979057591623,0.5,0.0698446810589039,0.0827586206896551,0.5291545189504373,0.1667996228878091,0.2767364939360529,0.3183673469387755,0.4748700173310225,0.1685063983588942,0.7232635060639471,0.291161178509532,4115.75,0.3298671288272675
Arizona State,TCU,2023-03-17,0,99.63672027461142,95.31931972106555,0.3950734249171009,0.5136035822250653,0.4881154499151103,0.5706214689265536,0.1011388150303516,0.1315577078288942,0.482235907153008,0.1589223702250732,0.271043771043771,0.3112269066792989,0.4668141592920354,0.1593337681232127,0.7289562289562289,0.331858407079646,4989.700000000001,0.3908554572271386,104.76974726040412,94.28841905964023,0.2941470735367684,0.534456388272549,0.5118770377270611,0.5859802847754655,0.1144419901125486,0.1251002405773857,0.5017508754377189,0.163425603344524,0.3133640552995391,0.3391695847923962,0.4783741532047941,0.162827390343957,0.6866359447004609,0.297029702970297,4744.8,0.3501823866597186
Arkansas,Illinois,2023-03-16,1,104.43064886469938,94.03407889729822,0.282064928153273,0.5519597267170082,0.524300441826215,0.496080627099664,0.1171197835186673,0.1344211344211344,0.5199574241617881,0.1756101709329024,0.2888888888888888,0.3874401277275146,0.4654891304347826,0.1746226375206122,0.7111111111111111,0.3891304347826086,4716.9,0.3005434782608696,105.26663655691296,94.39904852102283,0.4186906019007392,0.5433311727447435,0.5404376784015223,0.4672131147540984,0.0964693962953989,0.139984532095901,0.5155755015839493,0.1749303252954978,0.3146718146718146,0.3384371700105597,0.4687332977017637,0.1748783120058145,0.6853281853281853,0.2960983431320149,4539.625,0.3089257081774452
Arkansas,Kansas,2023-03-18,1,104.43064886469938,94.03407889729822,0.282064928153273,0.5519597267170082,0.524300441826215,0.496080627099664,0.1171197835186673,0.1344211344211344,0.5199574241617881,0.1756101709329024,0.2888888888888888,0.3874401277275146,0.4654891304347826,0.1746226375206122,0.7111111111111111,0.3891304347826086,4716.9,0.3005434782608696,105.0082939243141,94.92305479649072,0.3412580485388806,0.552837414161577,0.5092383956737269,0.5946808510638298,0.1228657722257607,0.0997661730319563,0.5242694403169886,0.1689693897526247,0.2666666666666666,0.2976721149083705,0.4709302325581395,0.1684781492058926,0.7333333333333333,0.3124368048533872,4860.025,0.3513650151668351
Arkansas,Connecticut,2023-03-23,0,104.43064886469938,94.03407889729822,0.282064928153273,0.5519597267170082,0.524300441826215,0.496080627099664,0.1171197835186673,0.1344211344211344,0.5199574241617881,0.1756101709329024,0.2888888888888888,0.3874401277275146,0.4654891304347826,0.1746226375206122,0.7111111111111111,0.3891304347826086,4716.9,0.3005434782608696,112.81414425308014,92.79398093096664,0.419989904088844,0.5685299252281036,0.5785365853658536,0.6256860592755215,0.0933993470693792,0.1286970423661071,0.5348308934881373,0.1773478436114469,0.3802541544477028,0.3144876325088339,0.4554317548746518,0.175988584524247,0.6197458455522972,0.3866295264623955,4607.575000000001,0.3030640668523677
Auburn,Iowa,2023-03-16,1,103.1528785947803,96.65142882878824,0.3536,0.531066354766931,0.5079825834542816,0.549636803874092,0.115297137838629,0.1379310344827586,0.496,0.1684490497035518,0.3128103277060576,0.3546666666666667,0.4560044272274488,0.1711441889792149,0.6871896722939425,0.3907028223574986,4476.225,0.3420033204205866,112.0153601117099,105.04025587294583,0.3743155798904928,0.5533162330524001,0.5116722248689852,0.5805038335158818,0.0935259733098047,0.0845503458877786,0.5186660029865605,0.1330918770318329,0.3030027297543221,0.3255350920856147,0.5330901511203752,0.1345538766957097,0.6969972702456779,0.2344971339239187,4558.400000000001,0.3220427305888483
Auburn,Houston,2023-03-18,0,103.1528785947803,96.65142882878824,0.3536,0.531066354766931,0.5079825834542816,0.549636803874092,0.115297137838629,0.1379310344827586,0.496,0.1684490497035518,0.3128103277060576,0.3546666666666667,0.4560044272274488,0.1711441889792149,0.6871896722939425,0.3907028223574986,4476.225,0.3420033204205866,114.54486265617456,85.32658182868056,0.3777120315581854,0.5540653540827297,0.5685090571295867,0.5384615384615384,0.1257023563639593,0.1644670050761421,0.5266272189349113,0.1445842641132426,0.3720712277413308,0.284516765285996,0.4251856082238721,0.1430252959335509,0.6279287722586692,0.3575099942889777,4478.425000000001,0.4374643061107938
Baylor,UC Santa Barbara,2023-03-17,1,110.25397711415016,102.23293464914276,0.4525230602278893,0.569320343575258,0.5084121976866456,0.5637910085054678,0.0968666151257447,0.0679785330948121,0.5306565382528486,0.1710298632430923,0.3223140495867768,0.3716766142159523,0.514182424916574,0.1741779980899541,0.6776859504132231,0.3136818687430478,4438.275,0.3781979977753059,108.98795314495086,97.3916839463058,0.2951807228915662,0.5766993713647847,0.5239347711730669,0.5360710321864595,0.0956018771144821,0.0675039246467817,0.5454545454545454,0.1594404041525564,0.255157437567861,0.3477546549835706,0.4948676391139924,0.1567172323474844,0.744842562432139,0.2863317125877904,4542.375,0.3117233927606699
Baylor,Creighton,2023-03-19,0,110.25397711415016,102.23293464914276,0.4525230602278893,0.569320343575258,0.5084121976866456,0.5637910085054678,0.0968666151257447,0.0679785330948121,0.5306565382528486,0.1710298632430923,0.3223140495867768,0.3716766142159523,0.514182424916574,0.1741779980899541,0.6776859504132231,0.3136818687430478,4438.275,0.3781979977753059,109.1803915643146,96.96449640673605,0.4204837879567679,0.5741594206188844,0.5295475530932595,0.5781938325991189,0.0742250348600236,0.0947802197802197,0.5429747812660833,0.1562803548686512,0.2443349753694581,0.281008749356665,0.4727579556412729,0.1553148128284887,0.7556650246305419,0.197685631629701,4647.099999999999,0.2979749276759884
Boise State,Northwestern,2023-03-16,0,106.2779319491346,93.63766677693242,0.3790710090763481,0.5556656216858764,0.5297820823244552,0.4342723004694835,0.0745396405336862,0.0819256756756756,0.5240256273358249,0.1555830463517113,0.2530241935483871,0.3059263214095035,0.4699468085106383,0.153930973646488,0.7469758064516129,0.2712765957446808,4510.424999999999,0.3702127659574468,101.89553942274884,93.01459896469495,0.4116379310344827,0.5111617419636638,0.5024437927663734,0.549800796812749,0.1186529401500611,0.1364102564102564,0.4717133620689655,0.1374295497064326,0.2666043030869972,0.296875,0.4837470449172577,0.1358692491130111,0.7333956969130028,0.3161938534278959,4273.849999999999,0.4237588652482269
Colgate,Texas,2023-03-16,0,114.21243855524688,99.6197880158882,0.3505050505050505,0.5973619494746255,0.515830491962981,0.6204523107177975,0.1006818326642452,0.0764984227129337,0.5851010101010101,0.1423381064329985,0.2327935222672064,0.2727272727272727,0.5177677677677678,0.1414643471611546,0.7672064777327935,0.2012012012012012,4693.449999999999,0.3653653653653653,108.6684319642014,93.58444342367171,0.349926793557833,0.5617929834242418,0.5046641791044776,0.5714285714285714,0.1118766906548257,0.1017915309446254,0.5273304050756467,0.153950366401872,0.2754435107376284,0.3152757442654954,0.4781693845344555,0.1531159087429184,0.7245564892623716,0.3445554971067859,4884.975,0.3540241977906365
College of Charleston,San Diego State,2023-03-16,0,111.10661705225696,92.97510175495582,0.4785647716682199,0.5537413320432188,0.5554585152838428,0.4984059511158342,0.101501202789253,0.0778748180494905,0.5184063373718546,0.1613816534541337,0.3490566037735849,0.3280521901211556,0.4807787087235091,0.1619959196516479,0.6509433962264151,0.2459339576145884,4935.424999999999,0.322819122720552,106.22591992852756,94.52506670569558,0.355779427359491,0.5435117993257528,0.5395719263315082,0.5286396181384249,0.1049277777152314,0.1133640552995391,0.5071580063626723,0.1612597018258976,0.3112449799196787,0.3366914103923648,0.4748479823106689,0.1625705053871181,0.6887550200803213,0.2857932559425096,4459.2,0.4002211166390271
Connecticut,Iona,2023-03-17,1,112.81414425308014,92.79398093096664,0.419989904088844,0.5685299252281036,0.5785365853658536,0.6256860592755215,0.0933993470693792,0.1286970423661071,0.5348308934881373,0.1773478436114469,0.3802541544477028,0.3144876325088339,0.4554317548746518,0.175988584524247,0.6197458455522972,0.3866295264623955,4607.575000000001,0.3030640668523677,109.8829029903636,93.59152170920989,0.3209817131857555,0.5491821478795056,0.5198902606310014,0.5339602925809822,0.1075667263083226,0.1485849056603773,0.5182868142444659,0.1480901657552069,0.3217231897341888,0.2901828681424446,0.4590838908903757,0.1482218669602871,0.6782768102658112,0.3124034997426659,4724.75,0.3453422542460113
Connecticut,Saint Mary's (CA),2023-03-19,1,112.81414425308014,92.79398093096664,0.419989904088844,0.5685299252281036,0.5785365853658536,0.6256860592755215,0.0933993470693792,0.1286970423661071,0.5348308934881373,0.1773478436114469,0.3802541544477028,0.3144876325088339,0.4554317548746518,0.175988584524247,0.6197458455522972,0.3866295264623955,4607.575000000001,0.3030640668523677,109.89139184097247,92.24260176209404,0.3716289104638619,0.5530700672843203,0.5553257497414684,0.4876325088339223,0.1046098054257618,0.0986277873070325,0.5269687162891047,0.1469884859019377,0.3109504132231405,0.3122977346278317,0.466315172817809,0.1464537275960666,0.6890495867768595,0.3081429408318688,4293.875,0.3169302870533099
Connecticut,Gonzaga,2023-03-25,1,112.81414425308014,92.79398093096664,0.419989904088844,0.5685299252281036,0.5785365853658536,0.6256860592755215,0.0933993470693792,0.1286970423661071,0.5348308934881373,0.1773478436114469,0.3802541544477028,0.3144876325088339,0.4554317548746518,0.175988584524247,0.6197458455522972,0.3866295264623955,4607.575000000001,0.3030640668523677,120.06443901678531,99.5448903599504,0.3248157248157248,0.611767198008791,0.5423811856932876,0.508364312267658,0.1042614811750103,0.0919732441471571,0.5916461916461917,0.1405186301512238,0.2971602434077079,0.3366093366093366,0.5124050632911392,0.1398427803061647,0.7028397565922921,0.2632911392405063,4822.374999999999,0.3944303797468354
Connecticut,Miami (FL),2023-04-01,1,112.81414425308014,92.79398093096664,0.419989904088844,0.5685299252281036,0.5785365853658536,0.6256860592755215,0.0933993470693792,0.1286970423661071,0.5348308934881373,0.1773478436114469,0.3802541544477028,0.3144876325088339,0.4554317548746518,0.175988584524247,0.6197458455522972,0.3866295264623955,4607.575000000001,0.3030640668523677,113.300931912427,102.14875301511428,0.3464360587002096,0.5828783777584071,0.5233213736545361,0.5156418554476807,0.1040076124720617,0.0879396984924623,0.5495283018867925,0.1565077807999286,0.3022035676810073,0.29979035639413,0.5127937336814622,0.1553475403306114,0.6977964323189927,0.2412532637075718,4502.15,0.3765013054830287
Connecticut,San Diego State,2023-04-03,1,112.81414425308014,92.79398093096664,0.419989904088844,0.5685299252281036,0.5785365853658536,0.6256860592755215,0.0933993470693792,0.1286970423661071,0.5348308934881373,0.1773478436114469,0.3802541544477028,0.3144876325088339,0.4554317548746518,0.175988584524247,0.6197458455522972,0.3866295264623955,4607.575000000001,0.3030640668523677,106.22591992852756,94.52506670569558,0.355779427359491,0.5435117993257528,0.5395719263315082,0.5286396181384249,0.1049277777152314,0.1133640552995391,0.5071580063626723,0.1612597018258976,0.3112449799196787,0.3366914103923648,0.4748479823106689,0.1625705053871181,0.6887550200803213,0.2857932559425096,4459.2,0.4002211166390271
Creighton,NC State,2023-03-17,1,109.1803915643146,96.96449640673605,0.4204837879567679,0.5741594206188844,0.5295475530932595,0.5781938325991189,0.0742250348600236,0.0947802197802197,0.5429747812660833,0.1562803548686512,0.2443349753694581,0.281008749356665,0.4727579556412729,0.1553148128284887,0.7556650246305419,0.197685631629701,4647.099999999999,0.2979749276759884,110.08704557091652,99.48680820255107,0.3760037789324515,0.5439365828976219,0.5181943804698296,0.4498956158663883,0.1115819509806009,0.1210906174819567,0.5181861124232404,0.1292882744495647,0.2934397163120567,0.2531884742560227,0.4981333333333333,0.1290432486531377,0.7065602836879432,0.3402666666666666,4691.65,0.3349333333333333
Creighton,Princeton,2023-03-24,1,109.1803915643146,96.96449640673605,0.4204837879567679,0.5741594206188844,0.5295475530932595,0.5781938325991189,0.0742250348600236,0.0947802197802197,0.5429747812660833,0.1562803548686512,0.2443349753694581,0.281008749356665,0.4727579556412729,0.1553148128284887,0.7556650246305419,0.197685631629701,4647.099999999999,0.2979749276759884,106.55836778108154,97.09875940216858,0.4180758017492711,0.5581583812393953,0.543979057591623,0.5,0.0698446810589039,0.0827586206896551,0.5291545189504373,0.1667996228878091,0.2767364939360529,0.3183673469387755,0.4748700173310225,0.1685063983588942,0.7232635060639471,0.291161178509532,4115.75,0.3298671288272675
Creighton,San Diego State,2023-03-26,0,109.1803915643146,96.96449640673605,0.4204837879567679,0.5741594206188844,0.5295475530932595,0.5781938325991189,0.0742250348600236,0.0947802197802197,0.5429747812660833,0.1562803548686512,0.2443349753694581,0.281008749356665,0.4727579556412729,0.1553148128284887,0.7556650246305419,0.197685631629701,4647.099999999999,0.2979749276759884,106.22591992852756,94.52506670569558,0.355779427359491,0.5435117993257528,0.5395719263315082,0.5286396181384249,0.1049277777152314,0.1133640552995391,0.5071580063626723,0.1612597018258976,0.3112449799196787,0.3366914103923648,0.4748479823106689,0.1625705053871181,0.6887550200803213,0.2857932559425096,4459.2,0.4002211166390271
Drake,Miami (FL),2023-03-17,0,109.8894026024179,92.02947653735389,0.3677288821446636,0.5710081269996989,0.5307835820895522,0.4978494623655914,0.0775029645942741,0.0739817123857024,0.5389479008598888,0.1433153474002639,0.2379110251450677,0.2827516439049064,0.4665809768637532,0.1414534982212434,0.7620889748549323,0.2632390745501285,4691.725,0.381491002570694,113.300931912427,102.14875301511428,0.3464360587002096,0.5828783777584071,0.5233213736545361,0.5156418554476807,0.1040076124720617,0.0879396984924623,0.5495283018867925,0.1565077807999286,0.3022035676810073,0.29979035639413,0.5127937336814622,0.1553475403306114,0.6977964323189927,0.2412532637075718,4502.15,0.3765013054830287
Duke,Oral Roberts,2023-03-16,1,108.6870289567632,95.42621367746467,0.3537519142419602,0.5490004007302195,0.5632237146827235,0.5690045248868778,0.0851549468878939,0.1203776553894571,0.5107197549770292,0.1727709462735246,0.3517635843660629,0.3083205717202654,0.462736089841756,0.1720656658765692,0.6482364156339371,0.2409392547217968,4547.1,0.3511995916283818,116.06889564336376,96.3417221486952,0.4589483394833948,0.5906372447927408,0.50736568457539,0.4850818094321463,0.0945636031157494,0.1417505809450038,0.5638837638376384,0.1232016210739615,0.2370572207084468,0.2490774907749077,0.4827344843677088,0.1228518604580677,0.7629427792915532,0.2048530097993467,4942.025,0.3975734951003266
Duke,Tennessee,2023-03-18,0,108.6870289567632,95.42621367746467,0.3537519142419602,0.5490004007302195,0.5632237146827235,0.5690045248868778,0.0851549468878939,0.1203776553894571,0.5107197549770292,0.1727709462735246,0.3517635843660629,0.3083205717202654,0.462736089841756,0.1720656658765692,0.6482364156339371,0.2409392547217968,4547.1,0.3511995916283818,107.26373340275968,85.80517967559814,0.4039357845675815,0.5348656062675683,0.5579641847313855,0.6619217081850534,0.1223227887803566,0.1181102362204724,0.5031071983428276,0.1693399590233521,0.3588290840415486,0.3091662351113413,0.4238943136128661,0.1675777399408548,0.6411709159584513,0.3492245835726594,4440.375000000001,0.4164273406088455
FDU,Purdue,2023-03-17,1,108.77144052433414,104.4380149569013,0.3772372648003671,0.5533372519610029,0.5079217148182665,0.5251509054325956,0.1125271556859251,0.0579216354344122,0.5217989903625516,0.1569814929179035,0.3076248904469763,0.2781092244148692,0.5474961280330408,0.1577782894670978,0.6923751095530236,0.3371192565823438,5007.025,0.3939081053175013,113.16157970833,95.30724634443315,0.3807753584705257,0.560701271449362,0.5970873786407767,0.6092485549132948,0.0728320729214374,0.0970031545741324,0.5215082315454063,0.161204020992953,0.3777777777777777,0.3722782793414764,0.4724770642201835,0.1581751767741647,0.6222222222222222,0.1931702344546381,4434.0,0.3537206931702344
FDU,Florida Atlantic,2023-03-19,0,108.77144052433414,104.4380149569013,0.3772372648003671,0.5533372519610029,0.5079217148182665,0.5251509054325956,0.1125271556859251,0.0579216354344122,0.5217989903625516,0.1569814929179035,0.3076248904469763,0.2781092244148692,0.5474961280330408,0.1577782894670978,0.6923751095530236,0.3371192565823438,5007.025,0.3939081053175013,112.13427650579716,92.22323115299912,0.4390363815142576,0.5780933062880325,0.5442299057027391,0.5177083333333333,0.0964398659861602,0.0646651270207852,0.5535889872173058,0.161148549663053,0.2919776119402985,0.2930186823992133,0.4573877962682803,0.1607331099769337,0.7080223880597015,0.2667675239536056,4784.375,0.3449319213313161
Florida Atlantic,Memphis,2023-03-17,1,112.13427650579716,92.22323115299912,0.4390363815142576,0.5780933062880325,0.5442299057027391,0.5177083333333333,0.0964398659861602,0.0646651270207852,0.5535889872173058,0.161148549663053,0.2919776119402985,0.2930186823992133,0.4573877962682803,0.1607331099769337,0.7080223880597015,0.2667675239536056,4784.375,0.3449319213313161,106.80156285368425,95.73010841062973,0.2880274779195289,0.5687094508903773,0.5053068758652515,0.5464759959141982,0.1154553637822394,0.1324786324786324,0.531648675171737,0.1763623301085534,0.2875368007850834,0.3586849852796859,0.4677891654465593,0.1753356033031975,0.7124631992149166,0.3494387506100537,5095.324999999999,0.4289897510980966
Florida Atlantic,Tennessee,2023-03-23,1,112.13427650579716,92.22323115299912,0.4390363815142576,0.5780933062880325,0.5442299057027391,0.5177083333333333,0.0964398659861602,0.0646651270207852,0.5535889872173058,0.161148549663053,0.2919776119402985,0.2930186823992133,0.4573877962682803,0.1607331099769337,0.7080223880597015,0.2667675239536056,4784.375,0.3449319213313161,107.26373340275968,85.80517967559814,0.4039357845675815,0.5348656062675683,0.5579641847313855,0.6619217081850534,0.1223227887803566,0.1181102362204724,0.5031071983428276,0.1693399590233521,0.3588290840415486,0.3091662351113413,0.4238943136128661,0.1675777399408548,0.6411709159584513,0.3492245835726594,4440.375000000001,0.4164273406088455
Florida Atlantic,Kansas State,2023-03-25,1,112.13427650579716,92.22323115299912,0.4390363815142576,0.5780933062880325,0.5442299057027391,0.5177083333333333,0.0964398659861602,0.0646651270207852,0.5535889872173058,0.161148549663053,0.2919776119402985,0.2930186823992133,0.4573877962682803,0.1607331099769337,0.7080223880597015,0.2667675239536056,4784.375,0.3449319213313161,103.716582418408,94.77940939856478,0.3625541125541126,0.5560606234967835,0.5174650698602794,0.639618138424821,0.1055488216932862,0.0766580534022394,0.5151515151515151,0.1880292346823787,0.2902892561983471,0.3695887445887446,0.474673202614379,0.1879283898441438,0.7097107438016529,0.366557734204793,4660.1,0.3676470588235294
Florida Atlantic,San Diego State,2023-04-01,0,112.13427650579716,92.22323115299912,0.4390363815142576,0.5780933062880325,0.5442299057027391,0.5177083333333333,0.0964398659861602,0.0646651270207852,0.5535889872173058,0.161148549663053,0.2919776119402985,0.2930186823992133,0.4573877962682803,0.1607331099769337,0.7080223880597015,0.2667675239536056,4784.375,0.3449319213313161,106.22591992852756,94.52506670569558,0.355779427359491,0.5435117993257528,0.5395719263315082,0.5286396181384249,0.1049277777152314,0.1133640552995391,0.5071580063626723,0.1612597018258976,0.3112449799196787,0.3366914103923648,0.4748479823106689,0.1625705053871181,0.6887550200803213,0.2857932559425096,4459.2,0.4002211166390271
Furman,Virginia,2023-03-16,1,115.62920766442258,100.57536921255424,0.4616905585763717,0.5936403275550356,0.5223463687150838,0.5940695296523517,0.0959641069314334,0.0850897736143637,0.5635195254572417,0.1508026929052304,0.2869399428026692,0.3410776075135937,0.5050454086781029,0.1512161684980163,0.7130600571973308,0.2996972754793138,4820.9,0.3536831483350151,106.91103474608629,95.225159593515,0.3606078316773816,0.5447539193412746,0.5037393162393162,0.657997399219766,0.1091533209033548,0.1347305389221557,0.5131502045587376,0.1280961706635135,0.2359192348565356,0.3454120397428404,0.4828416616496087,0.1284156716510057,0.7640807651434643,0.2606863335340156,4054.400000000001,0.3967489464178206
Furman,San Diego State,2023-03-18,0,115.62920766442258,100.57536921255424,0.4616905585763717,0.5936403275550356,0.5223463687150838,0.5940695296523517,0.0959641069314334,0.0850897736143637,0.5635195254572417,0.1508026929052304,0.2869399428026692,0.3410776075135937,0.5050454086781029,0.1512161684980163,0.7130600571973308,0.2996972754793138,4820.9,0.3536831483350151,106.22591992852756,94.52506670569558,0.355779427359491,0.5435117993257528,0.5395719263315082,0.5286396181384249,0.1049277777152314,0.1133640552995391,0.5071580063626723,0.1612597018258976,0.3112449799196787,0.3366914103923648,0.4748479823106689,0.1625705053871181,0.6887550200803213,0.2857932559425096,4459.2,0.4002211166390271
Gonzaga,Grand Canyon,2023-03-17,1,120.06443901678531,99.5448903599504,0.3248157248157248,0.611767198008791,0.5423811856932876,0.508364312267658,0.1042614811750103,0.0919732441471571,0.5916461916461917,0.1405186301512238,0.2971602434077079,0.3366093366093366,0.5124050632911392,0.1398427803061647,0.7028397565922921,0.2632911392405063,4822.374999999999,0.3944303797468354,110.2179480478754,97.49590988193368,0.4193548387096774,0.5748868654926121,0.533423667570009,0.487292817679558,0.0716942988443462,0.083514887436456,0.543778801843318,0.1655777975226049,0.2914622178606477,0.3661034306195596,0.4569552529182879,0.1650636182695413,0.7085377821393523,0.3195525291828793,4790.7,0.3302529182879377
Gonzaga,TCU,2023-03-19,1,120.06443901678531,99.5448903599504,0.3248157248157248,0.611767198008791,0.5423811856932876,0.508364312267658,0.1042614811750103,0.0919732441471571,0.5916461916461917,0.1405186301512238,0.2971602434077079,0.3366093366093366,0.5124050632911392,0.1398427803061647,0.7028397565922921,0.2632911392405063,4822.374999999999,0.3944303797468354,104.76974726040412,94.28841905964023,0.2941470735367684,0.534456388272549,0.5118770377270611,0.5859802847754655,0.1144419901125486,0.1251002405773857,0.5017508754377189,0.163425603344524,0.3133640552995391,0.3391695847923962,0.4783741532047941,0.162827390343957,0.6866359447004609,0.297029702970297,4744.8,0.3501823866597186
Gonzaga,UCLA,2023-03-23,1,120.06443901678531,99.5448903599504,0.3248157248157248,0.611767198008791,0.5423811856932876,0.508364312267658,0.1042614811750103,0.0919732441471571,0.5916461916461917,0.1405186301512238,0.2971602434077079,0.3366093366093366,0.5124050632911392,0.1398427803061647,0.7028397565922921,0.2632911392405063,4822.374999999999,0.3944303797468354,108.60217377212126,88.45929793523057,0.2906808305166586,0.5374366432130713,0.5276453765490944,0.5089567966280295,0.1238430171093227,0.118659420289855,0.5086914534041526,0.1400203115884094,0.3195592286501377,0.2713664896185417,0.4675467546754675,0.1398088416147058,0.6804407713498623,0.2761276127612761,4631.4,0.3927392739273927
Houston,Northern Kentucky,2023-03-16,1,114.54486265617456,85.32658182868056,0.3777120315581854,0.5540653540827297,0.5685090571295867,0.5384615384615384,0.1257023563639593,0.1644670050761421,0.5266272189349113,0.1445842641132426,0.3720712277413308,0.284516765285996,0.4251856082238721,0.1430252959335509,0.6279287722586692,0.3575099942889777,4478.425000000001,0.4374643061107938,104.81848781259175,97.46637049398446,0.4118257261410788,0.53032207922829,0.5007278020378457,0.5540865384615384,0.1443278045260297,0.0823199251637044,0.5036307053941909,0.1644565929473422,0.3129629629629629,0.2831950207468879,0.5085372794536142,0.1641728776483588,0.687037037037037,0.3033579965850882,4430.525,0.3915765509391007
Houston,Miami (FL),2023-03-24,0,114.54486265617456,85.32658182868056,0.3777120315581854,0.5540653540827297,0.5685090571295867,0.5384615384615384,0.1257023563639593,0.1644670050761421,0.5266272189349113,0.1445842641132426,0.3720712277413308,0.284516765285996,0.4251856082238721,0.1430252959335509,0.6279287722586692,0.3575099942889777,4478.425000000001,0.4374643061107938,113.300931912427,102.14875301511428,0.3464360587002096,0.5828783777584071,0.5233213736545361,0.5156418554476807,0.1040076124720617,0.0879396984924623,0.5495283018867925,0.1565077807999286,0.3022035676810073,0.29979035639413,0.5127937336814622,0.1553475403306114,0.6977964323189927,0.2412532637075718,4502.15,0.3765013054830287
Howard,Kansas,2023-03-16,0,103.22736369944982,97.67687961104954,0.3663115169964485,0.5605618726174482,0.5269689737470167,0.5561674008810573,0.0974372797428294,0.0875912408759124,0.5296803652968036,0.2160292061831822,0.3272377285851781,0.3394216133942161,0.5046059365404298,0.2144418820569648,0.6727622714148219,0.3546571136131013,4989.950000000001,0.3689866939611054,105.0082939243141,94.92305479649072,0.3412580485388806,0.552837414161577,0.5092383956737269,0.5946808510638298,0.1228657722257607,0.0997661730319563,0.5242694403169886,0.1689693897526247,0.2666666666666666,0.2976721149083705,0.4709302325581395,0.1684781492058926,0.7333333333333333,0.3124368048533872,4860.025,0.3513650151668351
Indiana,Kent State,2023-03-17,1,107.32204197956288,99.20512933116682,0.2631578947368421,0.5645041779236917,0.5163429654192326,0.5420660276890309,0.0834394624741996,0.1356073211314475,0.5380406461698801,0.1595093354138899,0.2594484167517875,0.3006774361646691,0.4727506426735218,0.161609064160555,0.7405515832482125,0.306426735218509,4584.175,0.3820051413881748,107.427110396305,91.74067039679689,0.3870811073336571,0.5507632458032052,0.5130475302889096,0.4502673796791444,0.1244289307530414,0.1224862888482632,0.5191840699368625,0.1550579405336302,0.2934076137418756,0.312773190869354,0.466361679224973,0.1544068579641702,0.7065923862581244,0.3740581270182992,4860.025,0.4111948331539289
Indiana,Miami (FL),2023-03-19,0,107.32204197956288,99.20512933116682,0.2631578947368421,0.5645041779236917,0.5163429654192326,0.5420660276890309,0.0834394624741996,0.1356073211314475,0.5380406461698801,0.1595093354138899,0.2594484167517875,0.3006774361646691,0.4727506426735218,0.161609064160555,0.7405515832482125,0.306426735218509,4584.175,0.3820051413881748,113.300931912427,102.14875301511428,0.3464360587002096,0.5828783777584071,0.5233213736545361,0.5156418554476807,0.1040076124720617,0.0879396984924623,0.5495283018867925,0.1565077807999286,0.3022035676810073,0.29979035639413,0.5127937336814622,0.1553475403306114,0.6977964323189927,0.2412532637075718,4502.15,0.3765013054830287
Iowa State,Pittsburgh,2023-03-17,0,101.98616899899876,93.44206987214538,0.3380900109769484,0.5309477052876573,0.5267952840300107,0.5487804878048781,0.1312284049001245,0.1121833534378769,0.5074094401756312,0.1862761077607283,0.31947261663286,0.2777167947310647,0.5009633911368016,0.1861395814186163,0.6805273833671399,0.4001284521515735,4296.275,0.4675658317276814,110.07328946664524,101.27388535031844,0.4385786802030457,0.5661145655642987,0.5107061503416856,0.545556805399325,0.0751592356687897,0.1142384105960264,0.5307106598984772,0.1536404001497886,0.2770970782280867,0.3223350253807107,0.4899949974987493,0.1524416135881103,0.7229029217719133,0.3001500750375188,4691.625000000001,0.3956978489244622
Kansas State,Montana State,2023-03-17,1,103.716582418408,94.77940939856478,0.3625541125541126,0.5560606234967835,0.5174650698602794,0.639618138424821,0.1055488216932862,0.0766580534022394,0.5151515151515151,0.1880292346823787,0.2902892561983471,0.3695887445887446,0.474673202614379,0.1879283898441438,0.7097107438016529,0.366557734204793,4660.1,0.3676470588235294,107.65603831752776,95.5716365324163,0.340834248079034,0.573259261783852,0.520163348647269,0.4964871194379391,0.0932509124665077,0.0848026868178001,0.526344676180022,0.1651323298806311,0.2515463917525773,0.4374313940724478,0.487431693989071,0.1632945842739298,0.7484536082474227,0.3508196721311475,4713.525,0.3491803278688524
Kansas State,Kentucky,2023-03-19,1,103.716582418408,94.77940939856478,0.3625541125541126,0.5560606234967835,0.5174650698602794,0.639618138424821,0.1055488216932862,0.0766580534022394,0.5151515151515151,0.1880292346823787,0.2902892561983471,0.3695887445887446,0.474673202614379,0.1879283898441438,0.7097107438016529,0.366557734204793,4660.1,0.3676470588235294,110.035846398754,99.57006952067324,0.3006774361646691,0.542230549567141,0.5735512630014858,0.5568181818181818,0.0946761800219538,0.1019541206457094,0.5117248566961959,0.1585029261197705,0.3716814159292035,0.3246482542991141,0.4876169510181618,0.1582510062202707,0.6283185840707964,0.2993946064942212,4369.325000000001,0.3522289488167309
Kansas State,Michigan State,2023-03-23,1,103.716582418408,94.77940939856478,0.3625541125541126,0.5560606234967835,0.5174650698602794,0.639618138424821,0.1055488216932862,0.0766580534022394,0.5151515151515151,0.1880292346823787,0.2902892561983471,0.3695887445887446,0.474673202614379,0.1879283898441438,0.7097107438016529,0.366557734204793,4660.1,0.3676470588235294,104.13527540599364,100.23030419345554,0.3310772701635646,0.5468337896561252,0.5142413257379596,0.5764411027568922,0.068131657230592,0.0815217391304347,0.5155104342921601,0.1530697663294348,0.2393906420021762,0.2583192329385222,0.4804469273743016,0.1535361289703483,0.7606093579978237,0.2860335195530726,4174.75,0.3832402234636871
Kennesaw State,Xavier,2023-03-17,0,104.69469162319731,95.93416042255252,0.3903934593765968,0.5576985943118666,0.5078384798099762,0.5420353982300885,0.1109609794046595,0.081967213114754,0.5337250894225856,0.1669223688247929,0.2473633748801534,0.3628002043944813,0.494750656167979,0.1670556442697457,0.7526366251198466,0.3506561679790026,4886.549999999999,0.3916010498687664,111.03088648215004,101.33408455238748,0.312951372171401,0.5812683746325074,0.5461680517082179,0.6377799415774099,0.0893414089381653,0.0784883720930232,0.5563312469908522,0.1684717208182912,0.3001949317738791,0.3081367356764564,0.5043062200956938,0.1690242871803127,0.6998050682261209,0.2708133971291866,4977.849999999999,0.3416267942583732
Kentucky,Providence,2023-03-17,1,110.035846398754,99.57006952067324,0.3006774361646691,0.542230549567141,0.5735512630014858,0.5568181818181818,0.0946761800219538,0.1019541206457094,0.5117248566961959,0.1585029261197705,0.3716814159292035,0.3246482542991141,0.4876169510181618,0.1582510062202707,0.6283185840707964,0.2993946064942212,4369.325000000001,0.3522289488167309,110.16818392223422,100.87190991369307,0.3161189358372457,0.5547539236797123,0.5451456310679612,0.5340909090909091,0.0976892729663723,0.1151419558359621,0.5146061554512259,0.1551788745123107,0.3294117647058823,0.368283776734481,0.5002608242044861,0.1555955840912355,0.6705882352941176,0.2550860719874804,4530.625,0.3385498174230568
Louisiana,Tennessee,2023-03-16,0,110.9567053399261,99.49475320637389,0.3218570683359416,0.5710230737673109,0.5490962383976551,0.5140086206896551,0.1019130284579176,0.0771558245083207,0.5448617631716224,0.1676200325329369,0.3262626262626262,0.3708920187793427,0.4928872497365648,0.1679837630090253,0.6737373737373737,0.3224446786090622,4636.425,0.303477344573235,107.26373340275968,85.80517967559814,0.4039357845675815,0.5348656062675683,0.5579641847313855,0.6619217081850534,0.1223227887803566,0.1181102362204724,0.5031071983428276,0.1693399590233521,0.3588290840415486,0.3091662351113413,0.4238943136128661,0.1675777399408548,0.6411709159584513,0.3492245835726594,4440.375000000001,0.4164273406088455
Marquette,Vermont,2023-03-17,1,111.41513204414792,99.2442960374647,0.4186834462729913,0.582880303663911,0.4646464646464646,0.5938430983118173,0.1323257280499529,0.0873469387755102,0.5602613746369797,0.1467498795872147,0.2390057361376673,0.2705711519845111,0.510969387755102,0.1480394082558848,0.7609942638623327,0.2903061224489796,4857.800000000001,0.375,109.2859005316918,100.00227484701654,0.428030303030303,0.5737480508040805,0.4887525562372188,0.5125284738041003,0.0896289724516026,0.0848643919510061,0.551948051948052,0.1319593238785158,0.1894093686354379,0.2873376623376623,0.5104972375690607,0.1323960963625196,0.8105906313645621,0.2662983425414365,4403.174999999999,0.3685082872928177
Marquette,Michigan State,2023-03-19,0,111.41513204414792,99.2442960374647,0.4186834462729913,0.582880303663911,0.4646464646464646,0.5938430983118173,0.1323257280499529,0.0873469387755102,0.5602613746369797,0.1467498795872147,0.2390057361376673,0.2705711519845111,0.510969387755102,0.1480394082558848,0.7609942638623327,0.2903061224489796,4857.800000000001,0.375,104.13527540599364,100.23030419345554,0.3310772701635646,0.5468337896561252,0.5142413257379596,0.5764411027568922,0.068131657230592,0.0815217391304347,0.5155104342921601,0.1530697663294348,0.2393906420021762,0.2583192329385222,0.4804469273743016,0.1535361289703483,0.7606093579978237,0.2860335195530726,4174.75,0.3832402234636871
Maryland,West Virginia,2023-03-16,1,107.44652545608086,96.92910547551772,0.3745892661555312,0.5478805610938735,0.5177766649974962,0.4634146341463415,0.0823246241322775,0.0985342019543974,0.5109529025191676,0.1527017803639392,0.2882882882882883,0.3378970427163198,0.478587319243604,0.1534865873652632,0.7117117117117117,0.2775305895439377,4311.1,0.3170189098998888,107.66780335018764,100.40263856763472,0.3632050606220348,0.5583953341390666,0.5197401299350325,0.5058139534883721,0.0946628972843313,0.0865874363327674,0.5166051660516605,0.1753129442953809,0.3214990138067061,0.3969425408539799,0.5071743929359823,0.1756189497130129,0.6785009861932939,0.3841059602649007,4673.275,0.3498896247240618
Miami (FL),Texas,2023-03-26,1,113.300931912427,102.14875301511428,0.3464360587002096,0.5828783777584071,0.5233213736545361,0.5156418554476807,0.1040076124720617,0.0879396984924623,0.5495283018867925,0.1565077807999286,0.3022035676810073,0.29979035639413,0.5127937336814622,0.1553475403306114,0.6977964323189927,0.2412532637075718,4502.15,0.3765013054830287,108.6684319642014,93.58444342367171,0.349926793557833,0.5617929834242418,0.5046641791044776,0.5714285714285714,0.1118766906548257,0.1017915309446254,0.5273304050756467,0.153950366401872,0.2754435107376284,0.3152757442654954,0.4781693845344555,0.1531159087429184,0.7245564892623716,0.3445554971067859,4884.975,0.3540241977906365
Michigan State,Southern California,2023-03-17,1,104.13527540599364,100.23030419345554,0.3310772701635646,0.5468337896561252,0.5142413257379596,0.5764411027568922,0.068131657230592,0.0815217391304347,0.5155104342921601,0.1530697663294348,0.2393906420021762,0.2583192329385222,0.4804469273743016,0.1535361289703483,0.7606093579978237,0.2860335195530726,4174.75,0.3832402234636871,104.17784934693148,95.97823541873404,0.3296703296703296,0.5512165104610433,0.5007299270072992,0.5174488567990373,0.1003489914926354,0.1370431893687707,0.5134615384615384,0.1686348183932725,0.2670872765509989,0.3384615384615385,0.4524180967238689,0.1681403101898825,0.732912723449001,0.297971918876755,4477.775,0.3738949557982319
Missouri,Utah State,2023-03-16,1,111.81090614576338,103.99323896049016,0.4332659251769464,0.5816157965342528,0.4475490196078431,0.5683760683760684,0.1440946545531375,0.0847619047619047,0.551314459049545,0.1500474226584396,0.2546341463414634,0.29474216380182,0.5234416622269579,0.148742869216142,0.7453658536585366,0.3516249334043687,4712.425,0.4405966968566862,112.07384873596982,98.7561722607663,0.4258872651356993,0.5977397336913953,0.534850640113798,0.6235038084874864,0.0708377606933766,0.0862715678919729,0.5634133611691023,0.1674184412042379,0.2553626149131767,0.3496868475991649,0.4787712287712288,0.1662603912744546,0.7446373850868233,0.3026973026973027,4783.099999999999,0.3341658341658342
Missouri,Princeton,2023-03-18,0,111.81090614576338,103.99323896049016,0.4332659251769464,0.5816157965342528,0.4475490196078431,0.5683760683760684,0.1440946545531375,0.0847619047619047,0.551314459049545,0.1500474226584396,0.2546341463414634,0.29474216380182,0.5234416622269579,0.148742869216142,0.7453658536585366,0.3516249334043687,4712.425,0.4405966968566862,106.55836778108154,97.09875940216858,0.4180758017492711,0.5581583812393953,0.543979057591623,0.5,0.0698446810589039,0.0827586206896551,0.5291545189504373,0.1667996228878091,0.2767364939360529,0.3183673469387755,0.4748700173310225,0.1685063983588942,0.7232635060639471,0.291161178509532,4115.75,0.3298671288272675
Northwestern,UCLA,2023-03-18,0,101.89553942274884,93.01459896469495,0.4116379310344827,0.5111617419636638,0.5024437927663734,0.549800796812749,0.1186529401500611,0.1364102564102564,0.4717133620689655,0.1374295497064326,0.2666043030869972,0.296875,0.4837470449172577,0.1358692491130111,0.7333956969130028,0.3161938534278959,4273.849999999999,0.4237588652482269,108.60217377212126,88.45929793523057,0.2906808305166586,0.5374366432130713,0.5276453765490944,0.5089567966280295,0.1238430171093227,0.118659420289855,0.5086914534041526,0.1400203115884094,0.3195592286501377,0.2713664896185417,0.4675467546754675,0.1398088416147058,0.6804407713498623,0.2761276127612761,4631.4,0.3927392739273927
Penn State,Texas A&M,2023-03-16,1,109.48060514961122,103.31323026464844,0.4736842105263157,0.5757965261110416,0.4788347746927628,0.5269978401727862,0.0660272524247753,0.0600624024960998,0.5553884711779449,0.1280373730710585,0.1726755218216318,0.2140350877192982,0.492442710872745,0.1277389981551208,0.8273244781783681,0.2588980984885421,4629.05,0.3749390541199415,107.44336569579286,97.08444751142927,0.3374265883609183,0.5456936226166995,0.5434476279943635,0.5276073619631901,0.1000603812645561,0.0792079207920792,0.49038974906567,0.1743257820927723,0.3569350145489816,0.4591564335290977,0.4788543897216274,0.1742430777193133,0.6430649854510184,0.3511777301927195,4636.1,0.4593147751605996
Penn State,Texas,2023-03-18,0,109.48060514961122,103.31323026464844,0.4736842105263157,0.5757965261110416,0.4788347746927628,0.5269978401727862,0.0660272524247753,0.0600624024960998,0.5553884711779449,0.1280373730710585,0.1726755218216318,0.2140350877192982,0.492442710872745,0.1277389981551208,0.8273244781783681,0.2588980984885421,4629.05,0.3749390541199415,108.6684319642014,93.58444342367171,0.349926793557833,0.5617929834242418,0.5046641791044776,0.5714285714285714,0.1118766906548257,0.1017915309446254,0.5273304050756467,0.153950366401872,0.2754435107376284,0.3152757442654954,0.4781693845344555,0.1531159087429184,0.7245564892623716,0.3445554971067859,4884.975,0.3540241977906365
Pittsburgh,Xavier,2023-03-19,0,110.07328946664524,101.27388535031844,0.4385786802030457,0.5661145655642987,0.5107061503416856,0.545556805399325,0.0751592356687897,0.1142384105960264,0.5307106598984772,0.1536404001497886,0.2770970782280867,0.3223350253807107,0.4899949974987493,0.1524416135881103,0.7229029217719133,0.3001500750375188,4691.625000000001,0.3956978489244622,111.03088648215004,101.33408455238748,0.312951372171401,0.5812683746325074,0.5461680517082179,0.6377799415774099,0.0893414089381653,0.0784883720930232,0.5563312469908522,0.1684717208182912,0.3001949317738791,0.3081367356764564,0.5043062200956938,0.1690242871803127,0.6998050682261209,0.2708133971291866,4977.849999999999,0.3416267942583732
Saint Mary's (CA),Virginia Commonwealth,2023-03-17,1,109.89139184097247,92.24260176209404,0.3716289104638619,0.5530700672843203,0.5553257497414684,0.4876325088339223,0.1046098054257618,0.0986277873070325,0.5269687162891047,0.1469884859019377,0.3109504132231405,0.3122977346278317,0.466315172817809,0.1464537275960666,0.6890495867768595,0.3081429408318688,4293.875,0.3169302870533099,103.67050789586004,90.698044204166,0.3278327832783278,0.557365764111978,0.5033914728682171,0.5307328605200946,0.1289023162134944,0.1268412438625204,0.5222772277227723,0.1860862142552283,0.2679802955665024,0.418041804180418,0.4697950377562028,0.1848730587798802,0.7320197044334975,0.3047464940668824,4701.375,0.3408845738942826
Texas,Xavier,2023-03-24,1,108.6684319642014,93.58444342367171,0.349926793557833,0.5617929834242418,0.5046641791044776,0.5714285714285714,0.1118766906548257,0.1017915309446254,0.5273304050756467,0.153950366401872,0.2754435107376284,0.3152757442654954,0.4781693845344555,0.1531159087429184,0.7245564892623716,0.3445554971067859,4884.975,0.3540241977906365,111.03088648215004,101.33408455238748,0.312951372171401,0.5812683746325074,0.5461680517082179,0.6377799415774099,0.0893414089381653,0.0784883720930232,0.5563312469908522,0.1684717208182912,0.3001949317738791,0.3081367356764564,0.5043062200956938,0.1690242871803127,0.6998050682261209,0.2708133971291866,4977.849999999999,0.3416267942583732
UCLA,UNC Asheville,2023-03-16,1,108.60217377212126,88.45929793523057,0.2906808305166586,0.5374366432130713,0.5276453765490944,0.5089567966280295,0.1238430171093227,0.118659420289855,0.5086914534041526,0.1400203115884094,0.3195592286501377,0.2713664896185417,0.4675467546754675,0.1398088416147058,0.6804407713498623,0.2761276127612761,4631.4,0.3927392739273927,105.73983689288195,95.20115939662384,0.3735725938009788,0.5798979325081551,0.5100514258999532,0.4977220956719818,0.088179461533751,0.1009651076466221,0.5502990755845568,0.1869410679682076,0.2394366197183098,0.4127243066884176,0.4718719689621726,0.1841154497764895,0.7605633802816901,0.2609117361784675,4862.075000000001,0.3467507274490786
Akron,Creighton,2024-03-21,0,108.5334828166099,97.13771299037953,0.4277663934426229,0.5583159575883945,0.532258064516129,0.5022471910112359,0.0832980834933133,0.0812807881773399,0.5261270491803278,0.1573886421456599,0.2906976744186046,0.3258196721311475,0.481691593604951,0.1583531274742676,0.7093023255813954,0.2790097988653945,4624.075,0.371841155234657,115.4712162116748,99.2029525217604,0.4885535900104058,0.6004963357373382,0.5324248120300752,0.586096256684492,0.0564714252365018,0.0857699805068226,0.5746618106139438,0.14069833872901,0.2384937238493724,0.2450572320499479,0.4638126773888363,0.1396222639705637,0.7615062761506276,0.162251655629139,4480.65,0.2719962157048249
Alabama,College of Charleston,2024-03-22,1,118.83375959079284,106.50243777264564,0.467438494934877,0.600061989874987,0.5336715867158671,0.5207280080889788,0.0952527585322042,0.1046420141620771,0.562469850458273,0.1546803069053708,0.3358633776091081,0.3521466473709599,0.4987549800796813,0.1551963048498845,0.6641366223908919,0.3959163346613545,4879.375,0.3670318725099601,112.84451914253016,101.59750332169456,0.4722727272727273,0.5508188800418752,0.5353403141361257,0.5338809034907598,0.086930548259844,0.0813323005422153,0.524090909090909,0.1336316674056278,0.3243014394580863,0.2713636363636363,0.5024366471734892,0.1334857707876278,0.6756985605419137,0.2782651072124756,4851.799999999999,0.3708576998050682
Alabama,Grand Canyon,2024-03-24,1,118.83375959079284,106.50243777264564,0.467438494934877,0.600061989874987,0.5336715867158671,0.5207280080889788,0.0952527585322042,0.1046420141620771,0.562469850458273,0.1546803069053708,0.3358633776091081,0.3521466473709599,0.4987549800796813,0.1551963048498845,0.6641366223908919,0.3959163346613545,4879.375,0.3670318725099601,112.03063503882566,93.28657737969498,0.3631108775617446,0.5730765045162695,0.5456292026897214,0.4621468926553672,0.1144957539397524,0.1379038613081166,0.5275880189174987,0.1642378470375492,0.3333333333333333,0.4361534419337887,0.4590980597797587,0.1630825129916769,0.6666666666666666,0.3377031987414787,4717.15,0.334556895647614
Alabama,North Carolina,2024-03-28,1,118.83375959079284,106.50243777264564,0.467438494934877,0.600061989874987,0.5336715867158671,0.5207280080889788,0.0952527585322042,0.1046420141620771,0.562469850458273,0.1546803069053708,0.3358633776091081,0.3521466473709599,0.4987549800796813,0.1551963048498845,0.6641366223908919,0.3959163346613545,4879.375,0.3670318725099601,111.83221131039492,96.2069173901658,0.3590588235294117,0.5546822591787899,0.5608283002588438,0.5162303664921466,0.0793666780815019,0.103731343283582,0.5129411764705882,0.1360557949877368,0.3134328358208955,0.3684705882352941,0.4639961850262279,0.1357693934693713,0.6865671641791045,0.2832618025751073,4959.075000000001,0.3609918931807344
Alabama,Clemson,2024-03-30,1,118.83375959079284,106.50243777264564,0.467438494934877,0.600061989874987,0.5336715867158671,0.5207280080889788,0.0952527585322042,0.1046420141620771,0.562469850458273,0.1546803069053708,0.3358633776091081,0.3521466473709599,0.4987549800796813,0.1551963048498845,0.6641366223908919,0.3959163346613545,4879.375,0.3670318725099601,112.32923303667594,103.01320392732198,0.4022376132125732,0.5760130224986919,0.5284948855333658,0.5341685649202733,0.0650039498927886,0.112,0.5388918486947256,0.1414885777450258,0.2609137055837564,0.3063399041022909,0.4867934495509773,0.1408418914343754,0.7390862944162436,0.3116745905969361,4420.374999999999,0.4057052297939778
Alabama,Connecticut,2024-04-06,0,118.83375959079284,106.50243777264564,0.467438494934877,0.600061989874987,0.5336715867158671,0.5207280080889788,0.0952527585322042,0.1046420141620771,0.562469850458273,0.1546803069053708,0.3358633776091081,0.3521466473709599,0.4987549800796813,0.1551963048498845,0.6641366223908919,0.3959163346613545,4879.375,0.3670318725099601,121.6833596907397,94.83187910017972,0.4087261785356068,0.5997228717415779,0.5753358925143954,0.6370070778564206,0.0918007231472059,0.1420807453416149,0.570962888665998,0.1361799332279036,0.3536082474226804,0.3329989969909729,0.4509600415153088,0.1342369064888388,0.6463917525773196,0.3248572911261027,4585.75,0.3316035288012454
Arizona,Long Beach State,2024-03-21,1,115.73510937406526,95.25521925881527,0.3264443400657585,0.5802955468015758,0.5779074988774136,0.590778097982709,0.1090800119868144,0.0901960784313725,0.5495537811178958,0.1547388781431334,0.3508287292817679,0.3673085955847815,0.4866634335596508,0.1550294675856557,0.649171270718232,0.2570320077594568,5010.200000000001,0.3816682832201746,103.86784620229608,101.87605720436724,0.2861098292570374,0.5308905733266996,0.5278491859468724,0.5562435500515995,0.1072581885283715,0.1232306411323896,0.4912321181356714,0.1641424985923826,0.3188034188034188,0.384402399630826,0.5072667604313174,0.1653083192372751,0.6811965811965812,0.3150492264416315,5220.875,0.4369432723863103
Arizona,Dayton,2024-03-23,1,115.73510937406526,95.25521925881527,0.3264443400657585,0.5802955468015758,0.5779074988774136,0.590778097982709,0.1090800119868144,0.0901960784313725,0.5495537811178958,0.1547388781431334,0.3508287292817679,0.3673085955847815,0.4866634335596508,0.1550294675856557,0.649171270718232,0.2570320077594568,5010.200000000001,0.3816682832201746,114.74983594785,100.12302220489896,0.445658773527626,0.5977272434119726,0.506885593220339,0.5826972010178118,0.0813651810618887,0.1132420091324201,0.5667880995749848,0.1480802803125038,0.248009101251422,0.3721918639951427,0.4793140990745781,0.1456777792664953,0.7519908987485779,0.2182906913445835,4071.65,0.4039194338595536
Arizona,Clemson,2024-03-28,0,115.73510937406526,95.25521925881527,0.3264443400657585,0.5802955468015758,0.5779074988774136,0.590778097982709,0.1090800119868144,0.0901960784313725,0.5495537811178958,0.1547388781431334,0.3508287292817679,0.3673085955847815,0.4866634335596508,0.1550294675856557,0.649171270718232,0.2570320077594568,5010.200000000001,0.3816682832201746,112.32923303667594,103.01320392732198,0.4022376132125732,0.5760130224986919,0.5284948855333658,0.5341685649202733,0.0650039498927886,0.112,0.5388918486947256,0.1414885777450258,0.2609137055837564,0.3063399041022909,0.4867934495509773,0.1408418914343754,0.7390862944162436,0.3116745905969361,4420.374999999999,0.4057052297939778
Auburn,Yale,2024-03-22,0,115.29148438294844,95.21555228519384,0.3747582205029013,0.5797605648214469,0.5228290062667861,0.6215666327568667,0.1037367884819232,0.1607278241091736,0.5413442940038685,0.1404008546138977,0.3131504257332071,0.3820116054158607,0.4339908952959029,0.1420206032788235,0.6868495742667928,0.4102175012645422,4886.474999999999,0.332827516439049,110.3232756069556,97.8719370586284,0.3478260869565217,0.5545044562643535,0.5392456676860347,0.5394285714285715,0.0881558367695151,0.1001945525291828,0.5300590445517982,0.1311568555499,0.2770833333333333,0.2689210950080515,0.4841359773371105,0.1312858429309446,0.7229166666666667,0.2742209631728045,4221.874999999999,0.4175637393767705
Baylor,Colgate,2024-03-22,1,115.47860843497814,103.37053939627204,0.3804232804232804,0.5915276680501619,0.5488565488565489,0.5366922234392114,0.0976521691317974,0.0876033057851239,0.5568783068783069,0.1633557440615191,0.340764331210191,0.3973544973544973,0.5143388210302708,0.1653928630340352,0.6592356687898089,0.3000531067445565,4575.1,0.3574083908656399,107.14679242788196,93.28661770927116,0.3844953173777315,0.5596611184013629,0.5284327323162274,0.5703211517165006,0.0941544001995899,0.1007620660457239,0.5392819979188346,0.1502964056680697,0.2403940886699507,0.2736732570239334,0.467396841569027,0.1479569145993556,0.7596059113300493,0.2399388690779419,4573.575000000001,0.3983698420784513
Baylor,Clemson,2024-03-24,0,115.47860843497814,103.37053939627204,0.3804232804232804,0.5915276680501619,0.5488565488565489,0.5366922234392114,0.0976521691317974,0.0876033057851239,0.5568783068783069,0.1633557440615191,0.340764331210191,0.3973544973544973,0.5143388210302708,0.1653928630340352,0.6592356687898089,0.3000531067445565,4575.1,0.3574083908656399,112.32923303667594,103.01320392732198,0.4022376132125732,0.5760130224986919,0.5284948855333658,0.5341685649202733,0.0650039498927886,0.112,0.5388918486947256,0.1414885777450258,0.2609137055837564,0.3063399041022909,0.4867934495509773,0.1408418914343754,0.7390862944162436,0.3116745905969361,4420.374999999999,0.4057052297939778
Brigham Young,Duquesne,2024-03-21,0,114.5583713285972,97.5114915200507,0.5066730219256435,0.5747419938291307,0.5514536225196124,0.6319587628865979,0.0828446135150842,0.0771028037383177,0.5505243088655862,0.1450535468136995,0.3112767940354147,0.2526215443279314,0.4804827940421161,0.1445553970518306,0.6887232059645852,0.3210066769388803,4723.625,0.3405238828967643,103.72153886417168,97.33600084237126,0.3943803311590567,0.5375142407638475,0.5088676671214188,0.5402298850574713,0.1120353795935558,0.1268781302170283,0.5035122930255895,0.1666579429468725,0.2867579908675799,0.3286502759658806,0.4786569495054659,0.167631883752764,0.7132420091324201,0.3487766788131182,4762.375,0.3763664757938573
Clemson,New Mexico,2024-03-22,1,112.32923303667594,103.01320392732198,0.4022376132125732,0.5760130224986919,0.5284948855333658,0.5341685649202733,0.0650039498927886,0.112,0.5388918486947256,0.1414885777450258,0.2609137055837564,0.3063399041022909,0.4867934495509773,0.1408418914343754,0.7390862944162436,0.3116745905969361,4420.374999999999,0.4057052297939778,109.95697421406558,95.9652340323738,0.3015801354401806,0.5446370224428687,0.5312090790048014,0.4951171875,0.1200063790766286,0.1343283582089552,0.5128668171557562,0.1323264446129156,0.3125,0.3309255079006772,0.4790314528207688,0.133960609201818,0.6875,0.3354967548676985,5047.375000000001,0.36445332001997
Colorado,Florida,2024-03-22,1,111.65127207907956,99.81836528758832,0.3043478260869565,0.5900488139076817,0.551981351981352,0.5609756097560976,0.0835519677093844,0.0554744525547445,0.551224387806097,0.1697455841840868,0.291539245667686,0.351824087956022,0.4883941260066319,0.1691220988900101,0.7084607543323139,0.2747513027001421,4945.9,0.3510184746565609,112.90123982989044,103.74759406725292,0.3447218572054314,0.551550541833628,0.5523809523809524,0.5028790786948176,0.0879344831490357,0.1211323238973008,0.5153307052124397,0.1500298354786463,0.365814696485623,0.3858957512045554,0.4882587505538325,0.1494508812318376,0.634185303514377,0.3420469649977847,5289.174999999999,0.3269827204253434
Colorado,Marquette,2024-03-24,0,111.65127207907956,99.81836528758832,0.3043478260869565,0.5900488139076817,0.551981351981352,0.5609756097560976,0.0835519677093844,0.0554744525547445,0.551224387806097,0.1697455841840868,0.291539245667686,0.351824087956022,0.4883941260066319,0.1691220988900101,0.7084607543323139,0.2747513027001421,4945.9,0.3510184746565609,111.20626631853784,99.63739555415418,0.4054054054054054,0.5727810650887574,0.4810659186535764,0.5428859737638748,0.1223395869462399,0.098302055406613,0.5509169884169884,0.1378590078328981,0.2450518378887841,0.2557915057915058,0.4966921119592875,0.1387356140627463,0.7549481621112158,0.2824427480916031,4772.375,0.4305343511450382
Colorado State,Texas,2024-03-21,0,111.74520582434644,100.48842641749842,0.3850457782299084,0.5870552444777567,0.5018744142455482,0.6645898234683282,0.0947122531322998,0.0842911877394636,0.555442522889115,0.1447694179849775,0.2279484638255698,0.323499491353001,0.4822784810126582,0.1465279252495222,0.7720515361744301,0.3139240506329114,4737.599999999999,0.3392405063291139,110.056286442944,99.77243318013478,0.3482428115015974,0.5697402552082728,0.5130035696073432,0.5651685393258427,0.1026281736647182,0.1171684296175752,0.5370074547390842,0.1572874653124965,0.2848232848232848,0.3040468583599574,0.4895432030820033,0.1561733077506581,0.7151767151767152,0.3500275178866263,4466.324999999999,0.3236103467253715
Connecticut,Stetson,2024-03-22,1,121.6833596907397,94.83187910017972,0.4087261785356068,0.5997228717415779,0.5753358925143954,0.6370070778564206,0.0918007231472059,0.1420807453416149,0.570962888665998,0.1361799332279036,0.3536082474226804,0.3329989969909729,0.4509600415153088,0.1342369064888388,0.6463917525773196,0.3248572911261027,4585.75,0.3316035288012454,112.96770666981064,106.4012725162289,0.4189189189189189,0.5772116406172988,0.5016347501167678,0.4919614147909968,0.0778126477795451,0.0800615858352579,0.5445445445445446,0.1427637431538783,0.2755598831548199,0.2997997997997998,0.5021448999046711,0.143158075749108,0.7244401168451802,0.2459485224022879,4658.624999999999,0.380838894184938
Connecticut,Northwestern,2024-03-24,1,121.6833596907397,94.83187910017972,0.4087261785356068,0.5997228717415779,0.5753358925143954,0.6370070778564206,0.0918007231472059,0.1420807453416149,0.570962888665998,0.1361799332279036,0.3536082474226804,0.3329989969909729,0.4509600415153088,0.1342369064888388,0.6463917525773196,0.3248572911261027,4585.75,0.3316035288012454,111.05354872133002,103.42041475895502,0.3684497816593886,0.5634947187305835,0.4888888888888889,0.5969084423305588,0.103982482230471,0.0992438563327032,0.5316593886462883,0.121979936890689,0.2387434554973822,0.2991266375545851,0.5163983303518187,0.1213128959355496,0.7612565445026178,0.3941562313655337,4258.275,0.3691115086463923
Connecticut,San Diego State,2024-03-28,1,121.6833596907397,94.83187910017972,0.4087261785356068,0.5997228717415779,0.5753358925143954,0.6370070778564206,0.0918007231472059,0.1420807453416149,0.570962888665998,0.1361799332279036,0.3536082474226804,0.3329989969909729,0.4509600415153088,0.1342369064888388,0.6463917525773196,0.3248572911261027,4585.75,0.3316035288012454,107.09120277018252,96.30504399263776,0.3776888444222111,0.5397869374115344,0.5322950068712781,0.5068181818181818,0.1055397742385071,0.1198600174978127,0.4992496248124062,0.1499107925213517,0.3134328358208955,0.3686843421710855,0.4676092544987146,0.1510750800591533,0.6865671641791045,0.3223650385604113,4717.9,0.4123393316195373
Connecticut,Illinois,2024-03-30,1,121.6833596907397,94.83187910017972,0.4087261785356068,0.5997228717415779,0.5753358925143954,0.6370070778564206,0.0918007231472059,0.1420807453416149,0.570962888665998,0.1361799332279036,0.3536082474226804,0.3329989969909729,0.4509600415153088,0.1342369064888388,0.6463917525773196,0.3248572911261027,4585.75,0.3316035288012454,116.73666120946504,102.0644767619241,0.3826868495742668,0.5754905204479602,0.5610073816760747,0.4437751004016064,0.058578256890064,0.0823229100191448,0.5380794701986755,0.1423617819627622,0.3462230215827338,0.3779564806054872,0.4797608095676173,0.1423777077189056,0.6537769784172662,0.2713891444342226,4916.775000000001,0.2792088316467341
Connecticut,Purdue,2024-04-08,1,121.6833596907397,94.83187910017972,0.4087261785356068,0.5997228717415779,0.5753358925143954,0.6370070778564206,0.0918007231472059,0.1420807453416149,0.570962888665998,0.1361799332279036,0.3536082474226804,0.3329989969909729,0.4509600415153088,0.1342369064888388,0.6463917525773196,0.3248572911261027,4585.75,0.3316035288012454,118.78068519018076,99.07451987374957,0.3497664763881681,0.593391191849496,0.5834896810506567,0.6450584484590861,0.0800299577381907,0.0964506172839506,0.5596782563570316,0.1562449420016186,0.3695431472081218,0.4281266216917488,0.4769864341085271,0.1549243032151072,0.6304568527918781,0.2301356589147286,4653.499999999999,0.3720930232558139
Creighton,Oregon,2024-03-23,1,115.4712162116748,99.2029525217604,0.4885535900104058,0.6004963357373382,0.5324248120300752,0.586096256684492,0.0564714252365018,0.0857699805068226,0.5746618106139438,0.14069833872901,0.2384937238493724,0.2450572320499479,0.4638126773888363,0.1396222639705637,0.7615062761506276,0.162251655629139,4480.65,0.2719962157048249,107.75444944671182,102.8112111775103,0.3666501731815932,0.5494057579268031,0.5050167224080268,0.5070422535211268,0.1035266391717868,0.0981346309813463,0.5183077684314695,0.1380064795725165,0.2642924086223055,0.3226125680356259,0.5153008298755186,0.1380355188957158,0.7357075913776945,0.3278008298755187,4752.900000000001,0.3604771784232365
Creighton,Tennessee,2024-03-29,0,115.4712162116748,99.2029525217604,0.4885535900104058,0.6004963357373382,0.5324248120300752,0.586096256684492,0.0564714252365018,0.0857699805068226,0.5746618106139438,0.14069833872901,0.2384937238493724,0.2450572320499479,0.4638126773888363,0.1396222639705637,0.7615062761506276,0.162251655629139,4480.65,0.2719962157048249,111.82691673446055,94.89792574630532,0.4129554655870445,0.553295185048193,0.5276381909547738,0.6116173120728929,0.1109763956701729,0.135948905109489,0.5149291497975709,0.1407181020645984,0.3188137164040778,0.3431174089068826,0.4542780748663101,0.1398127819466745,0.6811862835959221,0.3577540106951871,4562.825,0.413903743315508
Dayton,Nevada,2024-03-21,1,114.74983594785,100.12302220489896,0.445658773527626,0.5977272434119726,0.506885593220339,0.5826972010178118,0.0813651810618887,0.1132420091324201,0.5667880995749848,0.1480802803125038,0.248009101251422,0.3721918639951427,0.4793140990745781,0.1456777792664953,0.7519908987485779,0.2182906913445835,4071.65,0.4039194338595536,112.21107428088362,97.903026013095,0.3346281908990011,0.5756545159891351,0.5157635467980296,0.5817757009345794,0.0911343125110599,0.1105947955390334,0.5360710321864595,0.1405975395430579,0.2634791454730417,0.4539400665926748,0.4834239130434782,0.1397982657936647,0.7365208545269583,0.3391304347826087,4507.950000000001,0.4152173913043478
Drake,Washington State,2024-03-21,0,113.7239824176738,99.9124671751907,0.398019801980198,0.5854096904988607,0.5116279069767442,0.5594622543950362,0.091284231586845,0.0447635135135135,0.5517326732673268,0.1246973491421861,0.2244897959183673,0.3301980198019802,0.5084832904884319,0.1250468925847192,0.7755102040816326,0.306426735218509,4804.924999999999,0.3912596401028277,109.40933682860172,97.75002214545133,0.3201030927835051,0.5492523940191522,0.5570950788342093,0.4574585635359116,0.076623261582071,0.1253918495297805,0.5208762886597939,0.1494784985219477,0.3171206225680933,0.3170103092783505,0.4723564143853999,0.1483745238727965,0.6828793774319066,0.3263553408480945,4498.924999999999,0.3150831991411701
Duke,Vermont,2024-03-22,1,115.61085972850682,98.68413531341814,0.3734177215189873,0.5806818181818182,0.5353233830845772,0.5399780941949617,0.0942026500211498,0.0991596638655462,0.551951476793249,0.1357466063348416,0.2968270214943705,0.3375527426160337,0.4899674620390455,0.1371883252735191,0.7031729785056294,0.2760303687635574,4396.775,0.3546637744034707,108.92700915846248,94.83102272223944,0.4450207468879668,0.560270679775345,0.5069444444444444,0.5295454545454545,0.0876998715506931,0.1068273092369477,0.5329356846473029,0.1284621092149415,0.2159847764034253,0.2909751037344398,0.4617965926690759,0.1284493068166718,0.7840152235965747,0.2540010325245224,4515.174999999999,0.3572534847702633
Duke,James Madison,2024-03-24,1,115.61085972850682,98.68413531341814,0.3734177215189873,0.5806818181818182,0.5353233830845772,0.5399780941949617,0.0942026500211498,0.0991596638655462,0.551951476793249,0.1357466063348416,0.2968270214943705,0.3375527426160337,0.4899674620390455,0.1371883252735191,0.7031729785056294,0.2760303687635574,4396.775,0.3546637744034707,114.2606720981654,93.55608591885442,0.3803538175046554,0.5761234205821498,0.5363475177304965,0.5412221144519883,0.1217183770883054,0.079598145285935,0.5493482309124768,0.140634648712177,0.3026435733819507,0.3342644320297951,0.4642142142142142,0.1404136833731105,0.6973564266180492,0.3403403403403403,5024.049999999999,0.3523523523523523
Duke,Houston,2024-03-29,1,115.61085972850682,98.68413531341814,0.3734177215189873,0.5806818181818182,0.5353233830845772,0.5399780941949617,0.0942026500211498,0.0991596638655462,0.551951476793249,0.1357466063348416,0.2968270214943705,0.3375527426160337,0.4899674620390455,0.1371883252735191,0.7031729785056294,0.2760303687635574,4396.775,0.3546637744034707,111.76881006504466,86.86196033587821,0.3661016949152542,0.526382735155074,0.5396897810218978,0.4910714285714285,0.1524680769963788,0.1605184446660019,0.4973365617433414,0.1278386711980374,0.3686514886164623,0.299273607748184,0.4401885680612846,0.1273556878440341,0.6313485113835376,0.389510901591043,4451.525,0.4089569829110194
Duke,NC State,2024-03-31,0,115.61085972850682,98.68413531341814,0.3734177215189873,0.5806818181818182,0.5353233830845772,0.5399780941949617,0.0942026500211498,0.0991596638655462,0.551951476793249,0.1357466063348416,0.2968270214943705,0.3375527426160337,0.4899674620390455,0.1371883252735191,0.7031729785056294,0.2760303687635574,4396.775,0.3546637744034707,108.32750450707832,103.14519943244522,0.3342453260373917,0.5429211885411832,0.4989375265618359,0.4685598377281947,0.1052341163487309,0.0927152317880794,0.5075239398084815,0.1308284157742815,0.2716666666666666,0.325125398996808,0.5049904942965779,0.1308529087182721,0.7283333333333334,0.3193916349809886,5074.875,0.3540874524714829
Duquesne,Illinois,2024-03-23,0,103.72153886417168,97.33600084237126,0.3943803311590567,0.5375142407638475,0.5088676671214188,0.5402298850574713,0.1120353795935558,0.1268781302170283,0.5035122930255895,0.1666579429468725,0.2867579908675799,0.3286502759658806,0.4786569495054659,0.167631883752764,0.7132420091324201,0.3487766788131182,4762.375,0.3763664757938573,116.73666120946504,102.0644767619241,0.3826868495742668,0.5754905204479602,0.5610073816760747,0.4437751004016064,0.058578256890064,0.0823229100191448,0.5380794701986755,0.1423617819627622,0.3462230215827338,0.3779564806054872,0.4797608095676173,0.1423777077189056,0.6537769784172662,0.2713891444342226,4916.775000000001,0.2792088316467341
Florida Atlantic,Northwestern,2024-03-22,0,114.31329143804352,102.95604781622896,0.3882002974714923,0.5793464274700384,0.5357806691449815,0.5103092783505154,0.1000606750902142,0.0772797527047913,0.5500743678730788,0.149396225227399,0.3198420533070089,0.3485374318294497,0.4965466206216083,0.1515812780090054,0.6801579466929911,0.2747903305377405,4731.500000000002,0.3616181549087321,111.05354872133002,103.42041475895502,0.3684497816593886,0.5634947187305835,0.4888888888888889,0.5969084423305588,0.103982482230471,0.0992438563327032,0.5316593886462883,0.121979936890689,0.2387434554973822,0.2991266375545851,0.5163983303518187,0.1213128959355496,0.7612565445026178,0.3941562313655337,4258.275,0.3691115086463923
Gonzaga,McNeese State,2024-03-21,1,119.41085952956692,97.6581081230572,0.3118387909319899,0.5957446808510638,0.5526061776061776,0.5170731707317073,0.0982333484518291,0.1029766693483507,0.5715365239294711,0.1336557485161573,0.3266384778012685,0.3123425692695214,0.4670719351570415,0.1345177384205228,0.6733615221987315,0.2548125633232016,4534.425,0.3703140830800405,118.33158704327084,90.70801403069775,0.3366182572614108,0.5838484721825021,0.5263409961685823,0.5221052631578947,0.1532652650863513,0.12403951701427,0.558091286307054,0.1324208038879104,0.3231225296442688,0.3765560165975103,0.4609949123798756,0.1327107397394937,0.6768774703557312,0.3176936122102883,4480.799999999999,0.4850197851893725
Gonzaga,Kansas,2024-03-23,1,119.41085952956692,97.6581081230572,0.3118387909319899,0.5957446808510638,0.5526061776061776,0.5170731707317073,0.0982333484518291,0.1029766693483507,0.5715365239294711,0.1336557485161573,0.3266384778012685,0.3123425692695214,0.4670719351570415,0.1345177384205228,0.6733615221987315,0.2548125633232016,4534.425,0.3703140830800405,106.77781965722905,96.48920642237076,0.2974442631865144,0.5676166230582467,0.5157946692991116,0.6703786191536748,0.1022838266442783,0.1100266193433895,0.5372485046220772,0.1605214730727446,0.2407602956705385,0.3230016313213703,0.4727130977130977,0.1589130697220118,0.7592397043294614,0.2811850311850312,4533.125,0.4142411642411642
Gonzaga,Purdue,2024-03-29,0,119.41085952956692,97.6581081230572,0.3118387909319899,0.5957446808510638,0.5526061776061776,0.5170731707317073,0.0982333484518291,0.1029766693483507,0.5715365239294711,0.1336557485161573,0.3266384778012685,0.3123425692695214,0.4670719351570415,0.1345177384205228,0.6733615221987315,0.2548125633232016,4534.425,0.3703140830800405,118.78068519018076,99.07451987374957,0.3497664763881681,0.593391191849496,0.5834896810506567,0.6450584484590861,0.0800299577381907,0.0964506172839506,0.5596782563570316,0.1562449420016186,0.3695431472081218,0.4281266216917488,0.4769864341085271,0.1549243032151072,0.6304568527918781,0.2301356589147286,4653.499999999999,0.3720930232558139
Grambling,Purdue,2024-03-22,0,100.02095996646403,101.50713852714313,0.281578947368421,0.5298689762380635,0.4931377188831046,0.4083333333333333,0.1078617864085787,0.0835889570552147,0.49,0.1819325089079857,0.2862595419847328,0.3894736842105263,0.4939485627836611,0.1814419197725705,0.7137404580152672,0.3237518910741301,4777.450000000001,0.3424104891578416,118.78068519018076,99.07451987374957,0.3497664763881681,0.593391191849496,0.5834896810506567,0.6450584484590861,0.0800299577381907,0.0964506172839506,0.5596782563570316,0.1562449420016186,0.3695431472081218,0.4281266216917488,0.4769864341085271,0.1549243032151072,0.6304568527918781,0.2301356589147286,4653.499999999999,0.3720930232558139
Grand Canyon,Saint Mary's (CA),2024-03-22,1,112.03063503882566,93.28657737969498,0.3631108775617446,0.5730765045162695,0.5456292026897214,0.4621468926553672,0.1144957539397524,0.1379038613081166,0.5275880189174987,0.1642378470375492,0.3333333333333333,0.4361534419337887,0.4590980597797587,0.1630825129916769,0.6666666666666666,0.3377031987414787,4717.15,0.334556895647614,114.19116533249438,89.67240421987783,0.3649484536082474,0.5554233119098627,0.6030379746835443,0.5868131868131868,0.0999444752915047,0.1045380875202593,0.5337628865979381,0.1440206942356765,0.3808049535603715,0.2881443298969072,0.4416475972540046,0.142976124375347,0.6191950464396285,0.3157894736842105,4306.725,0.2940503432494279
Houston,Longwood,2024-03-22,1,111.76881006504466,86.86196033587821,0.3661016949152542,0.526382735155074,0.5396897810218978,0.4910714285714285,0.1524680769963788,0.1605184446660019,0.4973365617433414,0.1278386711980374,0.3686514886164623,0.299273607748184,0.4401885680612846,0.1273556878440341,0.6313485113835376,0.389510901591043,4451.525,0.4089569829110194,108.38290511749564,97.90728476821194,0.286779324055666,0.5382810208272221,0.5758845437616388,0.4765539803707743,0.1017218543046357,0.0783078307830783,0.5049701789264414,0.171708222587858,0.386654478976234,0.3916500994035785,0.5043266630611141,0.1725033112582781,0.613345521023766,0.3488372093023256,4729.675,0.3991346673877772
Houston,Texas A&M,2024-03-24,1,111.76881006504466,86.86196033587821,0.3661016949152542,0.526382735155074,0.5396897810218978,0.4910714285714285,0.1524680769963788,0.1605184446660019,0.4973365617433414,0.1278386711980374,0.3686514886164623,0.299273607748184,0.4401885680612846,0.1273556878440341,0.6313485113835376,0.389510901591043,4451.525,0.4089569829110194,108.21852226182244,102.87740584880272,0.381371640407785,0.4986518947007206,0.5659177617634591,0.445475638051044,0.1033900839510392,0.0902394106813996,0.453660797034291,0.1349007925953508,0.4119521912350598,0.3822984244670991,0.5010152284263959,0.1354324653408241,0.5880478087649402,0.3116751269035533,4690.525,0.448730964467005
Illinois,Morehead State,2024-03-21,1,116.73666120946504,102.0644767619241,0.3826868495742668,0.5754905204479602,0.5610073816760747,0.4437751004016064,0.058578256890064,0.0823229100191448,0.5380794701986755,0.1423617819627622,0.3462230215827338,0.3779564806054872,0.4797608095676173,0.1423777077189056,0.6537769784172662,0.2713891444342226,4916.775000000001,0.2792088316467341,112.9699744650876,92.61970608969143,0.450920245398773,0.5744604638667502,0.575208913649025,0.5577342047930284,0.0863293747627569,0.1223241590214067,0.5506134969325154,0.1677379589680373,0.3440320962888666,0.2985685071574642,0.4373394966615305,0.165283878314625,0.6559679037111334,0.2953261427837699,4576.525,0.3281972265023112
Illinois,Iowa State,2024-03-28,1,116.73666120946504,102.0644767619241,0.3826868495742668,0.5754905204479602,0.5610073816760747,0.4437751004016064,0.058578256890064,0.0823229100191448,0.5380794701986755,0.1423617819627622,0.3462230215827338,0.3779564806054872,0.4797608095676173,0.1423777077189056,0.6537769784172662,0.2713891444342226,4916.775000000001,0.2792088316467341,108.55579383272944,89.7067527576002,0.3197791164658634,0.5504547840713084,0.5099177552007741,0.580715059588299,0.1528114070486951,0.1082206035379812,0.5190763052208835,0.1466284953676805,0.3019230769230769,0.3609437751004016,0.4708237986270023,0.1493677697067527,0.698076923076923,0.3518306636155606,4689.65,0.4502288329519451
Iowa State,South Dakota State,2024-03-21,1,108.55579383272944,89.7067527576002,0.3197791164658634,0.5504547840713084,0.5099177552007741,0.580715059588299,0.1528114070486951,0.1082206035379812,0.5190763052208835,0.1466284953676805,0.3019230769230769,0.3609437751004016,0.4708237986270023,0.1493677697067527,0.698076923076923,0.3518306636155606,4689.65,0.4502288329519451,109.781488569686,101.14034903500853,0.4043522267206478,0.579369131390264,0.5096774193548387,0.4559748427672956,0.0877837747023122,0.1030927835051546,0.5561740890688259,0.1552083114261077,0.2321598477640342,0.2945344129554655,0.4985163204747774,0.1549866644265704,0.7678401522359658,0.2601384767556874,4758.299999999999,0.4723046488625124
Iowa State,Washington State,2024-03-23,1,108.55579383272944,89.7067527576002,0.3197791164658634,0.5504547840713084,0.5099177552007741,0.580715059588299,0.1528114070486951,0.1082206035379812,0.5190763052208835,0.1466284953676805,0.3019230769230769,0.3609437751004016,0.4708237986270023,0.1493677697067527,0.698076923076923,0.3518306636155606,4689.65,0.4502288329519451,109.40933682860172,97.75002214545133,0.3201030927835051,0.5492523940191522,0.5570950788342093,0.4574585635359116,0.076623261582071,0.1253918495297805,0.5208762886597939,0.1494784985219477,0.3171206225680933,0.3170103092783505,0.4723564143853999,0.1483745238727965,0.6828793774319066,0.3263553408480945,4498.924999999999,0.3150831991411701
James Madison,Wisconsin,2024-03-22,1,114.2606720981654,93.55608591885442,0.3803538175046554,0.5761234205821498,0.5363475177304965,0.5412221144519883,0.1217183770883054,0.079598145285935,0.5493482309124768,0.140634648712177,0.3026435733819507,0.3342644320297951,0.4642142142142142,0.1404136833731105,0.6973564266180492,0.3403403403403403,5024.049999999999,0.3523523523523523,111.40324837793136,103.61137270255114,0.3536706349206349,0.5620213084592016,0.5236700829673011,0.4769560557341908,0.0922682975864221,0.0448,0.5243055555555556,0.136974683007506,0.286527514231499,0.3353174603174603,0.5220472440944882,0.1367094500936438,0.713472485768501,0.3322834645669291,4720.775,0.3438320209973753
Kansas,Samford,2024-03-21,1,106.77781965722905,96.48920642237076,0.2974442631865144,0.5676166230582467,0.5157946692991116,0.6703786191536748,0.1022838266442783,0.1100266193433895,0.5372485046220772,0.1605214730727446,0.2407602956705385,0.3230016313213703,0.4727130977130977,0.1589130697220118,0.7592397043294614,0.2811850311850312,4533.125,0.4142411642411642,113.62708701821222,98.79454154263314,0.4098124098124098,0.6010816590923113,0.5009199632014719,0.58203125,0.1336123473528053,0.1077943615257048,0.5731120731120731,0.1679332931641042,0.2825242718446601,0.3569023569023569,0.4965174129353233,0.1697662766365056,0.7174757281553398,0.3746268656716418,5117.125,0.4
Kentucky,Oakland,2024-03-21,0,117.45031855628854,103.41890740966052,0.3727667793336552,0.6038547963414248,0.507185906351414,0.5461613216715258,0.0997688283246136,0.161186848436247,0.5736359246740705,0.136245652553067,0.2600588812561334,0.3037180106228875,0.4944578313253012,0.1346473618039501,0.7399411187438666,0.3334939759036144,4902.475,0.3990361445783132,108.80422150328236,104.1924976358096,0.4073710073710074,0.5566089275958479,0.511743450767841,0.5387978142076503,0.0958285173899338,0.0790123456790123,0.5211302211302211,0.1545371737286804,0.2892561983471074,0.3090909090909091,0.5060975609756098,0.1550908899863402,0.7107438016528925,0.2682926829268293,4767.025,0.4073170731707317
Marquette,Western Kentucky,2024-03-22,1,111.20626631853784,99.63739555415418,0.4054054054054054,0.5727810650887574,0.4810659186535764,0.5428859737638748,0.1223395869462399,0.098302055406613,0.5509169884169884,0.1378590078328981,0.2450518378887841,0.2557915057915058,0.4966921119592875,0.1387356140627463,0.7549481621112158,0.2824427480916031,4772.375,0.4305343511450382,104.2673542011823,95.68553754600266,0.319961333977767,0.5543798930436685,0.5252082419991232,0.4514462809917355,0.099835564951844,0.0858995137763371,0.5222329627839536,0.1721450488691952,0.2642725598526703,0.3349444175930401,0.4766265060240964,0.1718737765249393,0.7357274401473296,0.3238554216867469,5104.375,0.4053012048192771
Marquette,NC State,2024-03-29,0,111.20626631853784,99.63739555415418,0.4054054054054054,0.5727810650887574,0.4810659186535764,0.5428859737638748,0.1223395869462399,0.098302055406613,0.5509169884169884,0.1378590078328981,0.2450518378887841,0.2557915057915058,0.4966921119592875,0.1387356140627463,0.7549481621112158,0.2824427480916031,4772.375,0.4305343511450382,108.32750450707832,103.14519943244522,0.3342453260373917,0.5429211885411832,0.4989375265618359,0.4685598377281947,0.1052341163487309,0.0927152317880794,0.5075239398084815,0.1308284157742815,0.2716666666666666,0.325125398996808,0.5049904942965779,0.1308529087182721,0.7283333333333334,0.3193916349809886,5074.875,0.3540874524714829
Michigan State,Mississippi State,2024-03-21,1,107.72441656714922,97.50742172183948,0.3017994858611825,0.5432298877745134,0.5147492625368731,0.6004464285714286,0.1066487425082619,0.1195144724556489,0.5149100257069409,0.1370551010613958,0.2845849802371542,0.2987146529562982,0.4799890350877193,0.1375679157564555,0.7154150197628458,0.3262061403508772,4471.599999999999,0.4128289473684211,106.70360575914032,98.42284516636104,0.382159148504815,0.5458918524245157,0.5444191343963554,0.5328874024526199,0.1152737752161383,0.0909090909090909,0.5167257982767359,0.1754606892498846,0.3357933579335793,0.3791180942726811,0.476809378185525,0.1752161383285302,0.6642066420664207,0.3236493374108053,4767.924999999999,0.4113149847094801
Michigan State,North Carolina,2024-03-23,0,107.72441656714922,97.50742172183948,0.3017994858611825,0.5432298877745134,0.5147492625368731,0.6004464285714286,0.1066487425082619,0.1195144724556489,0.5149100257069409,0.1370551010613958,0.2845849802371542,0.2987146529562982,0.4799890350877193,0.1375679157564555,0.7154150197628458,0.3262061403508772,4471.599999999999,0.4128289473684211,111.83221131039492,96.2069173901658,0.3590588235294117,0.5546822591787899,0.5608283002588438,0.5162303664921466,0.0793666780815019,0.103731343283582,0.5129411764705882,0.1360557949877368,0.3134328358208955,0.3684705882352941,0.4639961850262279,0.1357693934693713,0.6865671641791045,0.2832618025751073,4959.075000000001,0.3609918931807344
NC State,Texas Tech,2024-03-21,1,108.32750450707832,103.14519943244522,0.3342453260373917,0.5429211885411832,0.4989375265618359,0.4685598377281947,0.1052341163487309,0.0927152317880794,0.5075239398084815,0.1308284157742815,0.2716666666666666,0.325125398996808,0.5049904942965779,0.1308529087182721,0.7283333333333334,0.3193916349809886,5074.875,0.3540874524714829,110.46395747979184,101.41843971631204,0.4109516214779373,0.5694714008448453,0.5043436293436293,0.5697538100820633,0.089095744680851,0.0704107292539815,0.5284423179160022,0.1554645111283357,0.2841365461847389,0.3455608718766613,0.4905419222903885,0.1555851063829787,0.7158634538152611,0.2658486707566462,4513.75,0.390081799591002
NC State,Oakland,2024-03-23,1,108.32750450707832,103.14519943244522,0.3342453260373917,0.5429211885411832,0.4989375265618359,0.4685598377281947,0.1052341163487309,0.0927152317880794,0.5075239398084815,0.1308284157742815,0.2716666666666666,0.325125398996808,0.5049904942965779,0.1308529087182721,0.7283333333333334,0.3193916349809886,5074.875,0.3540874524714829,108.80422150328236,104.1924976358096,0.4073710073710074,0.5566089275958479,0.511743450767841,0.5387978142076503,0.0958285173899338,0.0790123456790123,0.5211302211302211,0.1545371737286804,0.2892561983471074,0.3090909090909091,0.5060975609756098,0.1550908899863402,0.7107438016528925,0.2682926829268293,4767.025,0.4073170731707317
NC State,Purdue,2024-04-06,0,108.32750450707832,103.14519943244522,0.3342453260373917,0.5429211885411832,0.4989375265618359,0.4685598377281947,0.1052341163487309,0.0927152317880794,0.5075239398084815,0.1308284157742815,0.2716666666666666,0.325125398996808,0.5049904942965779,0.1308529087182721,0.7283333333333334,0.3193916349809886,5074.875,0.3540874524714829,118.78068519018076,99.07451987374957,0.3497664763881681,0.593391191849496,0.5834896810506567,0.6450584484590861,0.0800299577381907,0.0964506172839506,0.5596782563570316,0.1562449420016186,0.3695431472081218,0.4281266216917488,0.4769864341085271,0.1549243032151072,0.6304568527918781,0.2301356589147286,4653.499999999999,0.3720930232558139
Nebraska,Texas A&M,2024-03-22,0,109.25463585344512,98.52195766068915,0.4448416751787538,0.5665847774605492,0.5065963060686016,0.5717514124293785,0.0890232993994121,0.0723192019950124,0.5316649642492339,0.1519322279836971,0.2602870813397129,0.3237997957099081,0.4631961259079903,0.1516377731396685,0.7397129186602871,0.276997578692494,4690.850000000001,0.4174334140435835,108.21852226182244,102.87740584880272,0.381371640407785,0.4986518947007206,0.5659177617634591,0.445475638051044,0.1033900839510392,0.0902394106813996,0.453660797034291,0.1349007925953508,0.4119521912350598,0.3822984244670991,0.5010152284263959,0.1354324653408241,0.5880478087649402,0.3116751269035533,4690.525,0.448730964467005
North Carolina,Wagner,2024-03-21,1,111.83221131039492,96.2069173901658,0.3590588235294117,0.5546822591787899,0.5608283002588438,0.5162303664921466,0.0793666780815019,0.103731343283582,0.5129411764705882,0.1360557949877368,0.3134328358208955,0.3684705882352941,0.4639961850262279,0.1357693934693713,0.6865671641791045,0.2832618025751073,4959.075000000001,0.3609918931807344,99.15107057409006,96.73113791346132,0.382210242587601,0.4898066931448662,0.5070766227428014,0.5619047619047619,0.0922173417137865,0.0727630285152409,0.4584905660377358,0.1360230267552435,0.2818853974121996,0.259299191374663,0.477694090382387,0.1358992404203169,0.7181146025878004,0.2931633835457706,4118.825,0.4107763615295481
Oregon,South Carolina,2024-03-21,1,107.75444944671182,102.8112111775103,0.3666501731815932,0.5494057579268031,0.5050167224080268,0.5070422535211268,0.1035266391717868,0.0981346309813463,0.5183077684314695,0.1380064795725165,0.2642924086223055,0.3226125680356259,0.5153008298755186,0.1380355188957158,0.7357075913776945,0.3278008298755187,4752.900000000001,0.3604771784232365,107.95712598782814,101.2774245288423,0.4101358411703239,0.5395405847103686,0.5224469659595461,0.6035714285714285,0.0728647533940539,0.0818394388152767,0.5075757575757576,0.140339722045599,0.3024390243902439,0.3176593521421108,0.4796355841371919,0.1416050867846709,0.697560975609756,0.3081457663451232,4383.925,0.312433011789925
Purdue,Utah State,2024-03-24,1,118.78068519018076,99.07451987374957,0.3497664763881681,0.593391191849496,0.5834896810506567,0.6450584484590861,0.0800299577381907,0.0964506172839506,0.5596782563570316,0.1562449420016186,0.3695431472081218,0.4281266216917488,0.4769864341085271,0.1549243032151072,0.6304568527918781,0.2301356589147286,4653.499999999999,0.3720930232558139,111.5110960528545,99.11209411161327,0.3305439330543933,0.5801604089546978,0.5349409448818898,0.5737009544008483,0.0953083095596798,0.110204081632653,0.5478556485355649,0.151617821446722,0.274793388429752,0.3933054393305439,0.4886304909560723,0.1530061651227147,0.7252066115702479,0.3043927648578811,4700.975,0.3669250645994832
Purdue,Tennessee,2024-03-31,1,118.78068519018076,99.07451987374957,0.3497664763881681,0.593391191849496,0.5834896810506567,0.6450584484590861,0.0800299577381907,0.0964506172839506,0.5596782563570316,0.1562449420016186,0.3695431472081218,0.4281266216917488,0.4769864341085271,0.1549243032151072,0.6304568527918781,0.2301356589147286,4653.499999999999,0.3720930232558139,111.82691673446055,94.89792574630532,0.4129554655870445,0.553295185048193,0.5276381909547738,0.6116173120728929,0.1109763956701729,0.135948905109489,0.5149291497975709,0.1407181020645984,0.3188137164040778,0.3431174089068826,0.4542780748663101,0.1398127819466745,0.6811862835959221,0.3577540106951871,4562.825,0.413903743315508
Saint Peter's,Tennessee,2024-03-21,0,98.00107796498956,95.72988139869376,0.3188732394366197,0.496757180528829,0.5227732793522267,0.4928977272727273,0.1089340029709273,0.1262766945218198,0.4495774647887324,0.172005717901249,0.3297560975609756,0.3909859154929577,0.4692635423006695,0.1730683077503478,0.6702439024390244,0.4248326232501521,4254.2,0.3444917833231893,111.82691673446055,94.89792574630532,0.4129554655870445,0.553295185048193,0.5276381909547738,0.6116173120728929,0.1109763956701729,0.135948905109489,0.5149291497975709,0.1407181020645984,0.3188137164040778,0.3431174089068826,0.4542780748663101,0.1398127819466745,0.6811862835959221,0.3577540106951871,4562.825,0.413903743315508
San Diego State,UAB,2024-03-22,1,107.09120277018252,96.30504399263776,0.3776888444222111,0.5397869374115344,0.5322950068712781,0.5068181818181818,0.1055397742385071,0.1198600174978127,0.4992496248124062,0.1499107925213517,0.3134328358208955,0.3686843421710855,0.4676092544987146,0.1510750800591533,0.6865671641791045,0.3223650385604113,4717.9,0.4123393316195373,109.25983276556212,105.02437772645624,0.3139763779527559,0.5474293989862419,0.532179316466933,0.504907306434024,0.0940210418270464,0.1202143950995405,0.5024606299212598,0.1573242489934964,0.3315696649029982,0.3986220472440945,0.5082244799225931,0.1564280215550423,0.6684303350970018,0.3072085147556845,4857.375,0.3681664247701983
San Diego State,Yale,2024-03-24,1,107.09120277018252,96.30504399263776,0.3776888444222111,0.5397869374115344,0.5322950068712781,0.5068181818181818,0.1055397742385071,0.1198600174978127,0.4992496248124062,0.1499107925213517,0.3134328358208955,0.3686843421710855,0.4676092544987146,0.1510750800591533,0.6865671641791045,0.3223650385604113,4717.9,0.4123393316195373,110.3232756069556,97.8719370586284,0.3478260869565217,0.5545044562643535,0.5392456676860347,0.5394285714285715,0.0881558367695151,0.1001945525291828,0.5300590445517982,0.1311568555499,0.2770833333333333,0.2689210950080515,0.4841359773371105,0.1312858429309446,0.7229166666666667,0.2742209631728045,4221.874999999999,0.4175637393767705
TCU,Utah State,2024-03-22,0,108.7657273578039,97.98691284958112,0.3016815034619189,0.5542015471018332,0.5382763601348098,0.597872340425532,0.1246196807402158,0.1022258862324814,0.5185459940652819,0.1663720494956847,0.3377735490009514,0.3511374876360039,0.5032051282051282,0.166715291960155,0.6622264509990485,0.3568376068376068,4803.549999999999,0.3520299145299145,111.5110960528545,99.11209411161327,0.3305439330543933,0.5801604089546978,0.5349409448818898,0.5737009544008483,0.0953083095596798,0.110204081632653,0.5478556485355649,0.151617821446722,0.274793388429752,0.3933054393305439,0.4886304909560723,0.1530061651227147,0.7252066115702479,0.3043927648578811,4700.975,0.3669250645994832
Tennessee,Texas,2024-03-23,1,111.82691673446055,94.89792574630532,0.4129554655870445,0.553295185048193,0.5276381909547738,0.6116173120728929,0.1109763956701729,0.135948905109489,0.5149291497975709,0.1407181020645984,0.3188137164040778,0.3431174089068826,0.4542780748663101,0.1398127819466745,0.6811862835959221,0.3577540106951871,4562.825,0.413903743315508,110.056286442944,99.77243318013478,0.3482428115015974,0.5697402552082728,0.5130035696073432,0.5651685393258427,0.1026281736647182,0.1171684296175752,0.5370074547390842,0.1572874653124965,0.2848232848232848,0.3040468583599574,0.4895432030820033,0.1561733077506581,0.7151767151767152,0.3500275178866263,4466.324999999999,0.3236103467253715
